Discharge Time (s),Max. Voltage Dischar. (V),Min. Voltage Charg. (V),Time at 4.15V (s),Time constant current (s),Charging time (s),RUL
1220.64,4.078,2.773,386.91,1530.38,2590.44,64.3
1472.35,4.213,2.96,641.4,1951.41,3020.63,161.7
1334.16,4.155,2.879,552.48,1808.56,2766.54,124.7
1289.61,4.067,2.82,474.23,1778.28,2701.8,102.2
1067.6,4.002,2.631,310.17,1397.95,2423.63,27.4
1065.93,4.025,2.716,314.59,1388.76,2407.9,27.4
1051.2,3.998,2.73,301.85,1319.75,2392.96,10.8
1385.88,4.166,2.946,590.69,1946.3,2940.06,147.4
1251.67,4.097,2.86,476.81,1713.82,2747.53,102.6
1342.67,4.111,2.877,511.59,1803.11,2759.14,120.7
1024.55,4.036,2.678,314.32,1301.94,2408.95,4.5
1491.7,4.194,3.006,626.97,1992.67,2992.84,164.9
1454.65,4.178,2.892,563.23,1862.6,2821.2,141.7
1108.28,4.036,2.761,363.78,1426.92,2417.35,36.9
1107.39,4.03,2.748,332.88,1380.39,2414.79,31.7
1068.73,4.028,2.719,345.28,1386.81,2512.3,32.0
1165.66,4.032,2.695,362.95,1500.11,2492.04,52.4
1236.89,4.07,2.83,460.73,1621.18,2633.05,89.7
1207.26,4.089,2.762,430.65,1579.43,2656.57,74.0
1137.88,4.056,2.757,355.06,1465.31,2554.04,50.2
1318.97,4.138,2.797,478.03,1672.16,2712.14,104.4
1041.58,4.035,2.72,310.7,1379.07,2437.32,24.6
1083.93,4.036,2.749,364.19,1500.24,2508.75,50.4
1169.5,4.09,2.699,420.9,1489.52,2593.43,62.9
1228.64,4.102,2.844,432.03,1611.04,2616.83,78.1
1386.36,4.169,2.899,584.96,1801.66,2873.72,133.7
1130.96,4.078,2.723,364.87,1453.83,2457.99,34.7
1255.86,4.139,2.828,466.22,1651.67,2644.72,87.9
1269.32,4.129,2.835,500.39,1652.16,2758.53,101.1
977.48,4.012,2.708,314.56,1335.52,2358.09,8.9
1285.05,4.14,2.807,509.95,1684.32,2770.84,103.7
1113.27,4.015,2.72,341.82,1364.32,2458.1,29.8
1033.43,3.993,2.643,312.75,1343.95,2365.96,12.0
1472.1,4.203,3.0,636.64,1996.51,3011.94,161.4
1491.25,4.176,3.067,627.74,1987.57,2986.61,164.2
1369.51,4.172,2.874,578.2,1841.54,2887.19,137.6
1162.21,4.058,2.745,395.07,1490.75,2515.44,52.5
1097.67,3.995,2.644,302.89,1326.62,2370.87,17.5
1325.57,4.135,2.868,501.6,1754.2,2791.21,116.6
1181.14,4.109,2.805,414.25,1593.62,2582.58,75.4
1065.29,4.018,2.725,339.42,1317.67,2411.58,21.6
1180.08,4.096,2.789,438.73,1634.28,2663.7,84.7
1039.12,4.005,2.63,277.19,1259.57,2306.23,6.8
1460.84,4.19,2.938,593.56,1891.56,2989.23,154.7
1168.0,4.039,2.782,347.73,1473.44,2554.78,44.7
1313.93,4.137,2.887,495.14,1717.98,2823.69,113.0
1160.05,4.035,2.755,357.56,1460.88,2525.18,53.7
1226.23,4.084,2.819,460.49,1630.02,2679.45,88.9
1251.88,4.092,2.791,458.46,1640.49,2676.76,93.4
1055.61,4.039,2.766,346.06,1409.98,2476.91,32.2
1478.06,4.197,3.006,601.66,1981.58,2972.35,164.9
1369.61,4.15,2.917,567.63,1797.96,2854.55,132.0
1473.67,4.201,2.959,621.33,1901.72,2973.2,159.8
1426.0,4.186,2.961,610.25,1912.55,2884.11,152.2
1288.24,4.11,2.876,503.5,1728.65,2723.81,102.0
1448.11,4.163,2.956,620.22,1937.47,2983.15,156.8
1044.64,3.993,2.728,340.89,1327.51,2536.31,16.0
1100.56,4.003,2.697,313.29,1462.55,2384.08,34.1
1036.12,4.003,2.669,292.05,1331.7,2329.19,8.6
1175.05,4.042,2.761,356.01,1448.31,2517.28,56.0
1182.17,4.062,2.806,409.25,1536.39,2534.06,66.7
1122.95,4.045,2.739,366.49,1469.22,2583.45,46.9
1401.26,4.185,2.948,557.76,1836.1,2881.01,141.1
1152.54,4.084,2.803,426.22,1513.42,2555.73,61.3
1126.99,4.049,2.727,363.06,1469.82,2536.67,48.5
1309.6,4.13,2.775,426.71,1648.6,2664.29,92.7
1052.12,3.98,2.707,334.9,1336.88,2447.49,24.8
1384.62,4.196,2.955,573.32,1892.03,2841.24,136.6
1037.46,4.021,2.678,297.99,1336.63,2429.55,13.6
1486.44,4.199,3.083,655.82,1964.01,2996.59,167.8
1367.43,4.135,2.895,536.09,1851.63,2899.37,131.5
1106.72,4.024,2.783,336.07,1410.08,2481.2,34.6
976.29,4.005,2.756,291.62,1312.65,2234.93,1.9
1424.59,4.174,2.954,582.36,1854.92,2824.81,138.8
1357.37,4.152,2.827,520.18,1732.0,2865.04,120.5
1321.98,4.129,2.813,525.3,1760.84,2801.84,124.2
1318.47,4.134,2.904,549.32,1858.85,2772.43,131.3
1022.51,4.011,2.73,274.34,1359.27,2353.99,13.5
1165.13,4.081,2.784,390.01,1483.53,2549.31,61.6
1128.87,4.015,2.69,287.53,1398.1,2452.45,20.6
1437.89,4.201,2.903,576.29,1925.1,2873.02,146.9
1253.71,4.122,2.874,469.14,1695.29,2738.08,106.3
1141.32,4.06,2.818,392.84,1501.7,2589.13,56.9
1041.29,4.018,2.68,291.06,1255.22,2348.26,11.7
1155.85,4.081,2.782,396.87,1469.08,2498.0,53.6
1123.09,4.032,2.839,355.3,1493.69,2556.25,56.0
1349.99,4.121,2.88,529.13,1802.58,2846.41,124.3
1288.16,4.118,2.846,497.29,1721.36,2749.63,108.7
1409.83,4.24,2.978,606.77,1916.95,2947.85,150.9
1231.13,4.085,2.791,466.27,1575.31,2618.92,80.8
1085.27,4.014,2.753,288.84,1368.53,2325.18,21.2
1365.89,4.153,2.867,514.77,1831.55,2838.71,121.5
1384.04,4.17,2.897,575.54,1829.9,2795.85,129.6
1255.53,4.112,2.783,452.95,1669.86,2676.19,95.9
1392.9,4.175,2.895,556.44,1802.17,2852.26,131.3
1242.75,4.07,2.776,427.68,1609.2,2693.42,84.5
1252.41,4.085,2.825,431.48,1601.45,2670.96,89.3
1188.1,4.104,2.738,405.83,1529.01,2589.81,73.3
1014.64,3.997,2.722,320.91,1293.91,2400.84,5.3
1062.86,3.989,2.684,297.39,1367.58,2383.83,19.2
1090.49,3.971,2.747,288.45,1274.31,2335.19,6.3
1313.05,4.108,2.892,491.76,1759.86,2688.23,108.6
1135.76,4.057,2.774,393.16,1475.64,2538.4,54.1
1221.36,4.107,2.764,464.11,1627.87,2722.44,86.9
1436.28,4.174,2.956,609.98,1956.79,2878.29,154.4
1176.33,4.051,2.715,310.41,1437.87,2461.83,43.1
1185.34,4.068,2.76,398.72,1578.99,2596.77,70.4
1389.6,4.173,2.943,525.46,1829.96,2853.92,128.7
1103.47,4.09,2.733,369.13,1412.92,2488.58,39.7
1054.68,3.999,2.684,292.07,1310.83,2377.08,14.0
1159.73,4.061,2.73,396.58,1511.98,2490.81,50.0
1069.29,4.033,2.706,336.95,1426.56,2486.13,28.2
1444.73,4.188,3.006,635.21,1964.24,2867.26,158.1
1436.22,4.173,2.87,599.22,1826.44,2913.75,137.6
1328.61,4.133,2.853,480.24,1747.82,2830.12,108.0
1448.61,4.164,2.965,568.24,1892.38,2941.29,148.3
1412.06,4.185,2.865,566.31,1811.04,2841.61,136.8
1105.97,4.034,2.685,352.89,1385.11,2459.86,32.5
1490.79,4.17,2.963,591.79,1910.18,2879.71,151.8
1258.28,4.153,2.863,459.1,1685.47,2647.07,92.1
1408.81,4.157,2.955,583.36,1827.88,2889.39,137.5
1406.01,4.183,2.949,620.08,1890.63,2951.86,152.4
1132.07,4.061,2.801,371.9,1480.53,2550.9,54.7
1031.9,4.012,2.701,319.59,1348.74,2349.67,19.6
1144.34,4.048,2.727,337.44,1452.74,2569.93,39.5
1139.38,4.064,2.79,396.16,1589.18,2632.37,73.2
1389.97,4.174,2.949,589.95,1792.49,2870.33,139.2
1348.18,4.136,2.928,555.89,1881.84,2907.61,146.5
998.84,3.967,2.677,288.98,1287.56,2304.77,2.2
1230.95,4.134,2.774,442.42,1606.03,2631.52,87.3
1233.25,4.053,2.795,422.74,1541.75,2701.87,71.5
1119.85,3.998,2.764,339.36,1447.28,2438.09,38.5
1045.21,3.992,2.742,335.55,1379.49,2377.49,21.3
1188.28,4.097,2.723,383.83,1503.44,2536.13,58.1
1468.52,4.152,2.99,645.86,1967.74,2932.26,160.4
1156.0,4.04,2.798,385.64,1512.55,2540.14,55.6
1217.07,4.07,2.821,435.19,1605.06,2654.34,88.7
1314.82,4.133,2.876,530.14,1740.92,2791.39,119.8
1152.95,4.058,2.771,402.22,1515.26,2553.93,62.5
1485.32,4.184,3.047,635.51,1957.26,2971.28,165.2
1480.89,4.229,3.029,621.66,1952.91,2912.6,163.7
1161.61,4.02,2.726,371.96,1446.13,2479.37,43.6
1246.32,4.093,2.834,428.56,1619.64,2651.9,85.0
1077.26,4.061,2.719,362.07,1406.24,2513.78,51.8
1144.3,4.031,2.79,377.63,1474.76,2503.54,49.1
995.46,4.009,2.668,291.3,1296.03,2385.74,7.2
1267.85,4.11,2.858,455.69,1710.97,2712.46,104.0
1219.01,4.104,2.804,430.59,1607.08,2701.01,86.0
1021.08,4.0,2.684,304.67,1294.2,2439.09,9.7
1100.58,4.008,2.79,363.66,1455.87,2483.82,48.1
1454.04,4.207,2.997,607.16,1961.02,2951.93,154.5
1082.33,4.083,2.738,359.08,1428.05,2493.37,41.5
1085.54,4.018,2.771,332.74,1409.22,2422.67,25.5
1288.85,4.075,2.834,441.94,1646.08,2586.9,83.7
1458.69,4.227,3.026,593.51,1978.68,3025.63,167.6
1111.59,4.08,2.673,355.12,1426.94,2470.33,41.9
1260.61,4.128,2.867,501.9,1736.15,2821.97,114.6
1362.59,4.146,2.94,546.39,1813.02,2835.86,129.7
1132.82,4.039,2.758,370.56,1422.46,2527.8,41.2
1370.65,4.11,2.932,516.12,1814.33,2834.2,124.1
1177.43,4.062,2.754,398.42,1510.61,2600.15,63.2
1325.68,4.158,2.846,501.13,1746.85,2773.42,107.9
1367.71,4.12,2.847,489.81,1693.88,2743.68,108.1
1298.24,4.082,2.826,437.59,1600.26,2668.42,91.5
1040.61,4.02,2.729,291.68,1285.23,2402.3,16.3
1373.02,4.152,2.981,576.43,1856.91,2914.8,142.2
1143.8,4.057,2.815,372.24,1472.73,2537.77,55.2
1070.78,4.005,2.778,309.64,1378.59,2479.42,32.5
1044.58,3.979,2.716,283.58,1335.66,2321.98,7.9
1253.13,4.129,2.826,458.49,1668.55,2730.45,100.9
1324.65,4.135,2.872,523.03,1695.5,2824.95,115.5
1044.44,3.979,2.71,266.52,1307.13,2345.69,3.8
1241.36,4.101,2.816,469.78,1673.2,2662.42,87.5
1088.2,4.026,2.709,383.42,1445.05,2511.3,39.3
1339.33,4.11,2.84,487.9,1710.35,2820.2,110.0
1042.25,4.051,2.751,325.62,1401.04,2464.04,30.5
1325.15,4.151,2.863,531.3,1740.32,2725.05,117.8
1183.24,4.072,2.777,420.12,1514.23,2551.6,66.4
1465.05,4.19,2.994,613.94,1944.98,2997.29,159.3
1078.01,4.02,2.69,317.08,1369.2,2396.69,24.2
1178.47,4.072,2.76,381.85,1505.09,2555.17,58.6
1062.47,3.999,2.697,303.76,1404.85,2379.2,20.2
1448.8,4.202,2.966,629.63,1942.9,2982.97,157.3
1421.85,4.181,2.924,597.43,1934.02,2936.88,149.3
1110.45,4.04,2.741,350.14,1520.2,2470.62,44.6
1337.18,4.119,2.878,505.8,1727.22,2801.53,112.5
1383.44,4.179,2.957,563.57,1863.84,2911.07,139.1
1286.14,4.104,2.783,502.03,1688.92,2720.1,94.8
1252.91,4.088,2.865,451.22,1649.5,2688.48,90.5
1105.58,4.034,2.749,366.98,1433.82,2633.42,41.9
1070.3,4.026,2.673,317.08,1411.33,2329.77,16.7
1424.71,4.146,2.956,601.54,1956.42,2917.96,152.6
1460.6,4.172,2.913,611.82,1859.88,2931.86,153.2
1309.16,4.145,2.801,497.44,1762.26,2799.82,108.0
1147.37,4.059,2.816,424.94,1557.76,2539.99,58.3
1180.15,4.07,2.746,389.61,1552.76,2603.11,60.0
1365.13,4.165,2.9,492.19,1813.09,2789.67,123.7
1471.78,4.196,2.964,636.59,1966.92,2948.21,152.6
1461.51,4.168,2.962,591.72,1939.17,2957.78,150.9
1392.03,4.151,2.917,554.82,1848.47,2825.08,132.8
1280.18,4.143,2.79,489.62,1732.16,2786.69,109.5
1112.33,4.028,2.744,298.97,1302.88,2438.53,15.2
1048.67,4.023,2.719,314.17,1346.05,2428.72,28.3
1467.36,4.178,2.953,574.35,1944.69,2891.85,152.9
1301.21,4.123,2.855,473.19,1724.55,2719.47,103.5
991.17,4.02,2.667,294.45,1284.03,2328.14,2.6
1055.22,4.034,2.715,288.31,1320.93,2431.22,18.1
1317.31,4.144,2.856,513.8,1710.13,2734.78,113.1
1051.5,3.971,2.709,320.39,1271.73,2354.69,1.9
1065.58,4.019,2.715,335.0,1407.73,2454.64,28.2
1255.24,4.101,2.792,441.21,1726.86,2711.8,93.7
1275.43,4.164,2.882,523.57,1764.4,2838.31,117.9
1356.77,4.123,2.848,516.03,1744.11,2773.42,111.2
1084.12,4.063,2.682,369.88,1463.8,2452.18,38.9
1352.48,4.128,2.884,528.51,1778.35,2801.34,121.4
1114.05,4.031,2.723,363.49,1450.02,2484.96,41.1
1153.61,4.069,2.771,395.84,1524.85,2522.08,56.0
1382.42,4.178,2.866,548.73,1839.03,2768.76,127.2
1354.0,4.123,2.819,505.53,1735.38,2765.45,110.8
1423.09,4.117,2.975,573.34,1869.31,2906.7,144.5
1332.66,4.097,2.884,518.21,1745.79,2764.1,112.1
1279.67,4.116,2.829,461.38,1623.06,2707.1,97.0
1080.52,3.981,2.72,349.76,1350.22,2350.85,16.8
1163.89,4.051,2.796,387.75,1555.94,2473.74,63.1
1155.85,4.047,2.746,375.4,1509.21,2490.66,45.8
1147.32,3.993,2.705,337.4,1471.34,2433.23,42.2
1511.91,4.187,3.041,630.52,1902.02,2996.07,165.4
1170.74,4.05,2.808,397.22,1589.64,2543.86,67.4
1435.86,4.147,2.982,581.02,1960.51,2924.02,151.8
1308.84,4.107,2.851,484.9,1692.47,2735.8,107.7
1353.39,4.136,2.93,565.18,1830.38,2829.67,135.3
1279.17,4.106,2.802,441.29,1669.45,2700.59,85.9
1275.4,4.136,2.863,490.56,1681.92,2665.34,98.5
1241.5,4.087,2.846,427.34,1601.35,2559.48,84.2
1083.81,4.02,2.691,351.71,1387.59,2405.32,34.0
1316.47,4.134,2.916,520.98,1866.98,2870.84,123.1
1120.81,4.028,2.817,385.33,1492.69,2500.48,48.5
1032.1,3.971,2.708,302.69,1286.92,2384.04,5.1
1326.95,4.093,2.884,514.32,1773.54,2756.72,110.1
1094.45,4.002,2.706,333.25,1395.06,2490.15,30.9
1475.39,4.22,2.984,642.93,1990.13,2926.13,159.9
1465.77,4.177,3.005,604.14,1981.64,2979.67,162.2
1464.99,4.123,2.967,618.29,1923.88,2973.29,155.6
1213.66,4.057,2.733,400.25,1546.61,2520.54,63.6
1040.66,3.963,2.685,300.98,1305.6,2293.6,3.6
1480.24,4.186,3.015,616.43,1968.44,2940.66,157.9
1211.05,4.08,2.749,403.53,1621.69,2629.33,73.4
1443.71,4.194,3.03,618.41,2040.43,2945.29,164.4
1453.48,4.192,3.026,633.24,1984.05,3020.52,163.9
1430.22,4.162,2.933,580.65,1829.38,2937.12,145.2
1141.78,4.024,2.768,385.71,1504.88,2517.89,50.8
1194.51,4.07,2.788,417.61,1534.4,2599.1,66.1
1459.75,4.189,2.93,584.46,1834.46,2926.92,144.8
1170.35,4.094,2.791,380.65,1514.98,2569.54,54.6
1118.6,4.022,2.741,349.31,1405.76,2457.02,29.6
1268.13,4.105,2.872,461.41,1641.41,2673.84,95.1
1444.15,4.197,2.994,618.0,1914.88,2890.17,159.2
1334.52,4.166,2.863,499.35,1810.09,2798.1,118.6
1252.19,4.101,2.823,483.26,1690.44,2756.03,97.3
1095.5,4.025,2.743,310.4,1320.02,2442.1,17.4
1314.49,4.103,2.839,504.31,1728.08,2749.37,104.9
1507.41,4.205,3.056,627.34,1979.65,2974.91,168.3
1105.48,4.04,2.776,317.08,1388.98,2454.29,24.7
1196.41,4.074,2.773,464.96,1647.05,2627.17,88.6
1446.77,4.164,2.966,600.01,1828.31,2891.03,149.3
1326.42,4.165,2.888,519.6,1804.92,2764.98,126.2
1336.29,4.149,2.865,533.42,1763.95,2832.32,118.8
1331.5,4.159,2.846,502.21,1750.81,2730.68,119.7
1188.21,4.083,2.75,406.97,1486.22,2580.36,61.8
1147.37,4.046,2.741,357.88,1471.45,2612.86,50.6
1429.04,4.204,2.935,584.08,1842.83,2885.17,137.8
1380.76,4.163,2.946,567.92,1873.53,2830.86,137.9
1444.19,4.111,2.896,595.8,1893.01,2891.91,147.5
1455.74,4.176,2.942,609.66,1935.45,2879.94,155.3
1202.64,4.089,2.828,449.51,1642.39,2630.58,87.4
1215.79,4.112,2.827,445.84,1611.55,2631.14,85.8
1385.77,4.149,2.871,571.83,1815.14,2828.21,135.9
1340.2,4.149,2.882,499.94,1800.4,2765.86,110.8
1350.62,4.149,2.874,543.51,1770.31,2684.55,119.6
1359.0,4.137,2.936,549.15,1836.84,2810.12,135.5
1435.44,4.174,2.938,613.55,1957.34,2947.32,151.4
1212.25,4.046,2.722,395.76,1565.63,2633.56,58.1
1181.88,4.073,2.764,418.53,1578.86,2592.07,64.5
1047.03,3.995,2.699,312.63,1329.9,2353.23,16.9
1288.68,4.113,2.822,478.13,1691.68,2745.68,98.7
1050.41,3.993,2.683,298.96,1320.5,2392.07,7.1
1210.07,4.085,2.849,413.35,1666.71,2605.38,79.7
1271.36,4.146,2.77,465.69,1667.88,2653.16,92.7
1130.27,4.044,2.726,419.32,1487.01,2579.61,49.4
1300.61,4.076,2.823,502.11,1660.06,2677.01,100.9
1033.36,4.018,2.694,280.97,1261.71,2414.84,6.2
1043.95,4.019,2.716,267.58,1344.53,2371.74,7.3
1383.51,4.123,2.952,572.31,1873.84,2929.54,140.0
1151.46,4.052,2.802,411.04,1538.05,2605.04,61.9
1092.71,4.026,2.729,319.98,1396.05,2450.57,22.5
1246.84,4.111,2.763,480.55,1666.03,2627.94,89.3
1381.65,4.152,2.852,537.7,1845.31,2871.15,131.1
1099.53,4.037,2.769,351.04,1443.3,2518.6,37.5
1321.16,4.103,2.879,488.68,1718.17,2732.37,106.3
1036.42,3.961,2.724,319.28,1342.11,2301.51,15.4
1034.36,4.043,2.673,310.64,1340.88,2306.29,9.7
1272.92,4.083,2.808,473.41,1618.92,2616.84,90.8
1287.14,4.108,2.808,457.17,1622.3,2670.88,92.4
1292.94,4.121,2.821,514.84,1727.19,2695.87,108.7
1400.52,4.161,2.892,536.52,1795.14,2787.11,123.7
1494.27,4.197,3.101,659.36,2002.94,3064.35,165.9
1219.85,4.102,2.798,472.51,1629.49,2703.45,88.3
1164.17,4.006,2.799,382.55,1475.14,2564.2,55.6
1378.29,4.141,2.887,549.83,1860.73,2904.76,135.4
1142.32,4.063,2.701,368.23,1502.56,2453.17,46.8
1207.73,4.096,2.82,436.96,1591.49,2579.8,75.2
1050.62,3.989,2.697,283.74,1287.61,2380.6,14.3
1004.24,3.965,2.73,283.8,1304.23,2314.63,5.3
1503.81,4.195,3.064,643.22,1913.02,2959.42,163.7
1380.76,4.108,2.924,538.42,1872.41,2912.16,142.3
1308.22,4.114,2.913,503.65,1707.88,2829.44,118.6
1203.84,4.112,2.756,402.36,1546.24,2618.75,70.1
1128.83,4.056,2.698,333.25,1410.5,2485.45,30.3
1072.73,4.034,2.753,324.55,1375.15,2321.77,27.4
1139.85,4.05,2.696,354.01,1482.38,2571.46,43.3
1288.86,4.067,2.823,442.27,1666.63,2724.69,93.8
1365.93,4.126,2.917,553.22,1748.36,2790.13,121.8
1309.82,4.123,2.899,495.8,1768.6,2708.27,112.6
1108.26,4.035,2.737,339.58,1489.16,2503.65,48.3
1419.53,4.184,3.043,646.49,2003.15,2937.06,162.4
1351.11,4.171,2.855,524.54,1820.81,2868.72,125.7
1294.01,4.096,2.804,445.98,1677.89,2722.65,94.7
1264.97,4.112,2.85,496.16,1676.0,2708.58,104.4
1217.16,4.094,2.797,407.5,1591.11,2548.45,71.9
1097.46,4.015,2.71,360.28,1441.79,2479.23,42.9
1172.7,4.049,2.825,383.85,1545.84,2601.8,61.2
1385.83,4.135,2.84,537.43,1881.41,2855.73,129.1
1006.12,3.995,2.692,273.28,1324.94,2277.95,3.4
1068.71,4.009,2.718,299.09,1365.0,2380.41,20.6
1025.05,3.995,2.644,349.1,1311.83,2394.18,8.8
1050.91,3.986,2.735,283.12,1293.61,2346.22,7.9
1426.06,4.148,2.921,563.67,1818.8,2898.61,145.6
1341.31,4.15,2.878,539.21,1775.29,2872.51,119.9
1264.54,4.083,2.81,438.67,1590.35,2598.55,81.1
1073.37,4.024,2.664,312.2,1353.85,2434.27,17.5
1216.71,4.072,2.773,433.67,1602.84,2636.1,84.1
1223.1,4.077,2.847,428.32,1611.89,2626.11,81.0
1086.82,4.023,2.723,330.01,1432.48,2446.83,30.3
1208.39,4.079,2.708,437.34,1581.58,2626.73,74.3
1252.88,4.09,2.771,404.2,1519.14,2614.73,68.3
1304.42,4.111,2.843,504.75,1683.9,2730.84,105.1
1253.96,4.139,2.857,494.26,1743.73,2777.3,108.3
1021.57,4.008,2.637,293.76,1331.76,2359.98,8.7
1130.34,4.067,2.773,384.38,1508.66,2552.21,64.3
1291.95,4.103,2.822,523.64,1715.34,2694.28,106.8
1189.86,4.111,2.816,445.41,1653.78,2686.17,86.0
1398.94,4.152,2.959,586.04,1940.9,2913.6,145.7
1278.81,4.128,2.871,532.21,1745.76,2739.8,112.3
1093.92,4.024,2.764,337.59,1382.15,2375.91,28.5
1045.52,4.002,2.768,311.95,1314.88,2347.8,12.9
1316.14,4.118,2.819,498.82,1732.72,2677.03,109.6
1024.89,3.98,2.681,279.94,1338.4,2381.1,5.5
1245.25,4.081,2.857,494.29,1691.09,2712.38,100.0
1479.43,4.216,2.995,601.65,1968.61,2969.4,159.9
1323.05,4.102,2.749,457.48,1636.56,2693.61,98.3
1195.18,4.07,2.771,392.7,1592.23,2654.12,66.6
1298.35,4.123,2.89,502.03,1769.17,2783.88,109.7
1182.27,4.109,2.754,428.72,1585.45,2615.69,78.4
1237.55,4.144,2.828,432.95,1654.3,2675.87,93.2
1478.6,4.191,2.943,658.2,1989.95,2934.72,160.1
1210.81,4.069,2.803,415.04,1631.29,2575.98,66.3
1484.76,4.169,3.026,624.96,1919.29,2988.68,163.4
1467.35,4.151,2.956,613.89,1911.39,2948.87,154.0
1116.16,3.997,2.717,348.13,1398.68,2443.68,34.1
1057.67,3.99,2.657,298.74,1356.39,2428.45,12.7
1041.58,3.97,2.739,318.71,1356.8,2310.88,18.0
1028.5,4.017,2.667,295.32,1275.89,2313.14,4.1
1034.19,4.019,2.722,327.32,1299.44,2414.62,17.0
1329.7,4.129,2.839,515.01,1788.85,2839.17,116.4
1054.03,4.028,2.768,309.04,1320.37,2379.52,13.0
1195.1,4.036,2.806,377.82,1460.96,2596.72,54.9
1381.71,4.151,3.0,574.55,1859.95,2961.88,143.8
1038.23,3.957,2.758,279.1,1281.84,2325.68,4.9
1435.17,4.177,2.903,556.01,1848.29,2838.88,138.6
1155.37,4.034,2.724,361.78,1438.47,2477.43,48.6
1086.15,4.016,2.773,314.38,1326.89,2345.76,21.0
1351.02,4.157,2.868,534.56,1839.82,2743.07,118.7
1334.2,4.15,2.873,486.98,1728.36,2708.19,107.3
1404.93,4.174,2.937,590.17,1892.98,2869.12,149.3
1321.56,4.152,2.869,530.62,1808.74,2859.37,125.2
1392.11,4.141,2.942,562.71,1853.78,2847.23,136.8
1082.45,4.084,2.691,394.28,1442.74,2456.55,48.7
1121.31,4.025,2.749,330.08,1340.52,2426.69,31.0
1394.86,4.15,2.91,549.81,1793.14,2838.97,127.9
1383.23,4.152,2.903,570.09,1846.03,2856.94,137.4
1485.39,4.222,3.06,646.58,1989.32,2984.78,168.4
1194.56,4.081,2.789,398.46,1506.81,2526.61,70.7
1178.75,4.084,2.78,406.67,1607.38,2608.84,63.9
1381.09,4.16,2.925,523.19,1900.58,2832.51,132.2
1177.04,4.058,2.74,372.93,1524.34,2499.45,58.6
1457.03,4.204,3.072,610.53,1947.06,2948.08,158.3
1445.35,4.177,2.938,583.52,1873.8,2882.86,146.1
1215.23,4.062,2.784,419.84,1590.77,2615.69,73.5
1349.3,4.128,2.952,562.36,1805.75,2931.36,127.9
1399.78,4.152,2.841,552.46,1849.59,2801.72,128.5
1025.07,4.031,2.767,316.02,1375.17,2422.65,18.4
1443.52,4.212,2.974,601.11,1899.05,2919.86,153.5
1264.74,4.061,2.794,441.08,1607.54,2646.67,86.4
1386.48,4.164,2.894,556.15,1895.49,2931.04,140.7
1161.36,4.068,2.721,349.69,1517.28,2544.82,55.1
1455.55,4.184,2.956,583.93,1885.77,2992.65,152.3
1163.91,4.093,2.786,422.27,1531.41,2581.94,66.8
1019.37,4.007,2.708,276.51,1281.78,2386.35,2.8
1443.46,4.161,2.981,599.53,1925.64,2921.54,154.0
1040.29,3.99,2.691,325.35,1337.65,2357.57,16.4
1210.83,4.064,2.8,341.43,1522.91,2554.56,55.0
1452.97,4.209,3.088,618.51,1965.59,2970.36,161.6
1497.47,4.193,3.053,611.08,1964.06,2912.49,161.7
1264.16,4.079,2.82,475.76,1655.02,2716.38,97.9
1276.04,4.102,2.865,502.15,1725.63,2717.59,107.8
1215.87,4.099,2.81,434.06,1586.45,2656.57,76.8
1157.72,4.045,2.801,395.08,1463.32,2493.01,50.6
1180.55,4.062,2.752,392.48,1467.96,2528.77,56.5
1362.95,4.153,2.835,513.53,1789.03,2734.72,114.7
1438.89,4.124,2.929,578.62,1863.78,2870.34,128.2
1392.21,4.148,2.924,526.5,1847.29,2874.05,134.8
1368.33,4.146,2.877,590.61,1881.51,2946.66,134.4
1065.38,4.017,2.728,336.14,1346.64,2435.33,16.4
1228.67,4.11,2.862,439.78,1578.74,2637.28,84.6
1063.31,3.974,2.678,289.71,1326.32,2300.59,10.7
1229.75,4.106,2.796,452.48,1650.1,2667.11,93.9
1269.22,4.101,2.792,418.68,1596.64,2612.94,75.6
1459.1,4.139,2.982,617.58,1960.29,2850.7,151.0
1125.62,4.063,2.765,354.64,1502.9,2524.29,60.3
1047.14,3.991,2.746,347.74,1368.74,2442.72,20.8
1096.22,4.008,2.726,325.31,1400.44,2384.96,25.2
1399.47,4.1,2.929,563.54,1857.89,2801.44,129.7
1264.54,4.148,2.823,470.06,1740.14,2759.54,105.5
1076.01,4.005,2.672,323.76,1312.95,2369.83,18.1
1002.42,3.993,2.695,313.75,1301.52,2380.7,15.2
1336.28,4.144,2.834,529.63,1794.84,2810.79,119.5
1074.21,3.986,2.715,294.29,1315.89,2347.96,13.3
1388.3,4.14,2.865,565.47,1833.39,2908.53,139.9
1303.56,4.169,2.863,504.77,1811.48,2826.33,120.4
1053.62,4.044,2.696,318.61,1322.07,2391.39,14.7
1036.29,3.997,2.674,328.3,1384.41,2441.15,15.3
1508.22,4.219,3.043,648.12,1976.38,3025.97,167.7
1156.36,4.076,2.774,359.39,1512.16,2563.07,64.3
1157.5,4.04,2.811,418.69,1530.07,2541.03,63.6
1346.72,4.142,2.89,569.15,1878.77,2877.66,138.4
1474.73,4.22,3.016,586.22,1967.83,2960.92,161.1
1488.1,4.169,3.068,618.04,2045.85,2988.01,167.6
1336.08,4.194,2.894,526.72,1816.29,2808.47,128.3
1184.26,4.058,2.759,400.26,1530.67,2576.93,64.6
1076.53,4.04,2.671,292.45,1379.88,2442.3,15.1
1372.91,4.147,2.962,539.04,1846.9,2874.63,132.3
1273.25,4.124,2.828,479.39,1654.34,2703.71,95.4
1208.66,4.108,2.777,434.71,1577.17,2657.09,72.7
1417.8,4.208,3.037,622.07,1934.04,2964.67,154.2
1113.82,4.003,2.717,291.32,1347.0,2385.1,19.8
1222.69,4.077,2.882,455.5,1624.52,2651.6,84.3
1037.79,3.992,2.647,280.15,1248.11,2368.1,2.9
1242.17,4.063,2.792,462.13,1591.12,2647.11,80.2
1036.15,4.008,2.658,303.86,1329.41,2378.84,10.5
1080.77,4.0,2.709,336.36,1342.44,2353.11,21.1
1071.2,4.037,2.708,326.07,1330.68,2381.33,20.9
1276.57,4.115,2.842,507.08,1732.22,2757.57,110.7
1353.64,4.112,2.894,533.99,1791.45,2871.11,127.1
1263.6,4.141,2.821,493.24,1645.32,2790.79,99.6
1467.25,4.196,3.016,646.73,1931.68,2937.94,163.6
1146.17,4.07,2.751,394.82,1547.23,2549.52,64.4
1166.29,4.073,2.794,363.4,1475.21,2532.43,49.3
1467.34,4.19,2.917,580.61,1907.95,2994.76,147.8
1135.04,4.023,2.743,362.37,1420.6,2433.17,38.8
1511.14,4.183,2.985,636.78,1926.01,2896.17,163.8
1013.09,3.972,2.665,291.87,1261.04,2339.16,3.1
1467.19,4.164,3.006,630.85,1966.92,2925.3,164.9
1014.8,4.012,2.692,318.09,1320.83,2375.8,8.3
1455.67,4.185,2.969,578.8,1863.35,2956.4,151.6
1257.16,4.117,2.783,465.96,1575.08,2668.63,90.2
1494.11,4.224,3.053,661.5,2037.99,2977.17,168.8
1079.22,4.022,2.673,300.21,1346.06,2344.88,13.5
1274.43,4.124,2.793,442.23,1637.15,2697.74,94.6
1461.8,4.152,3.062,641.73,1969.09,2926.13,164.8
1232.21,4.094,2.773,470.47,1628.45,2655.9,89.4
1319.03,4.142,2.851,519.42,1727.5,2717.19,107.4
1361.86,4.113,2.923,528.93,1752.78,2802.59,118.6
1229.99,4.088,2.831,418.43,1557.22,2641.95,77.8
1348.47,4.133,2.861,502.53,1732.13,2801.54,107.1
1320.26,4.122,2.833,482.99,1740.11,2676.6,99.7
1456.08,4.187,2.992,610.37,1939.39,2918.2,153.3
1014.24,4.013,2.708,283.6,1311.52,2392.03,8.7
1103.25,4.054,2.793,377.44,1462.77,2530.32,48.5
1462.56,4.16,3.004,634.51,1937.82,2939.45,161.6
1457.92,4.187,2.993,637.17,1902.9,2871.63,151.5
1262.4,4.092,2.786,429.34,1604.25,2702.78,78.0
1307.74,4.092,2.902,514.67,1747.6,2676.4,105.8
1163.61,4.077,2.744,388.17,1503.67,2459.05,47.9
1089.02,4.041,2.679,339.8,1410.38,2456.84,32.8
1236.14,4.06,2.8,449.46,1603.85,2672.62,79.4
1189.42,4.049,2.791,380.72,1521.38,2524.82,60.7
1229.57,4.102,2.882,472.35,1702.33,2742.64,99.6
1038.13,3.996,2.674,298.07,1332.19,2335.62,14.1
1509.36,4.201,2.982,635.94,1982.01,3014.41,165.7
1499.1,4.178,3.066,613.62,1963.46,3023.03,167.7
1307.15,4.16,2.887,547.03,1743.28,2758.07,119.0
1194.83,4.124,2.776,452.77,1629.78,2718.24,91.6
1139.71,4.068,2.747,389.62,1496.29,2491.26,53.3
1395.99,4.162,2.913,571.47,1847.59,2772.92,138.5
1308.05,4.153,2.893,510.59,1837.27,2778.15,116.7
1087.76,4.02,2.71,312.09,1399.54,2447.8,28.5
1463.08,4.167,2.964,596.14,1978.13,2969.09,154.9
1419.22,4.187,2.929,567.97,1907.96,2921.07,140.0
1413.0,4.196,2.966,620.07,1973.75,2923.85,161.5
1318.48,4.129,2.941,516.59,1789.17,2811.53,123.6
1286.31,4.111,2.871,476.34,1680.07,2717.88,104.7
1213.32,4.064,2.764,421.72,1547.7,2603.04,71.7
1474.67,4.226,2.959,632.69,1973.03,3045.74,158.6
1437.71,4.172,2.918,572.7,1904.68,2900.29,147.4
1025.52,4.004,2.714,283.61,1289.84,2315.25,8.6
1019.25,4.011,2.662,294.73,1290.41,2331.76,5.5
1161.3,4.046,2.766,397.88,1546.0,2609.25,64.6
1415.25,4.182,2.87,560.92,1855.06,2889.31,138.0
1469.83,4.185,3.07,658.01,1982.95,3032.85,167.8
1100.22,4.059,2.737,330.33,1377.99,2498.19,26.4
1289.47,4.109,2.831,454.89,1620.41,2794.68,101.4
1180.44,4.092,2.781,389.86,1539.79,2546.3,65.4
1466.7,4.144,3.052,611.35,1944.85,3009.26,164.9
1379.08,4.144,2.941,577.18,1889.22,2821.58,143.3
1394.74,4.16,2.957,558.32,1879.45,2932.61,142.7
1214.71,4.048,2.764,406.28,1624.28,2575.63,80.2
1138.18,4.09,2.795,382.78,1586.06,2539.49,71.1
1127.69,4.055,2.754,395.77,1515.54,2498.72,47.2
1062.78,3.983,2.735,279.5,1257.03,2399.09,10.5
1439.37,4.171,2.949,584.88,1891.79,2869.46,147.1
1384.89,4.177,2.918,568.3,1794.89,2850.36,138.4
1501.01,4.158,3.076,651.66,2014.5,2966.41,170.0
1484.2,4.174,3.121,657.77,1992.37,3003.6,169.4
1268.8,4.1,2.754,463.8,1650.46,2733.08,94.9
1412.5,4.152,2.917,542.19,1830.9,2842.2,131.0
1493.32,4.187,3.002,628.22,1925.53,2937.16,160.7
1430.05,4.186,2.934,586.25,1939.49,2958.05,144.6
1108.72,4.052,2.732,358.39,1438.59,2529.61,42.8
1233.04,4.099,2.792,435.82,1591.11,2593.99,77.1
1027.79,3.99,2.729,311.8,1361.41,2374.38,22.8
1467.96,4.193,2.988,626.09,1991.98,2952.13,162.2
1304.89,4.112,2.845,463.97,1665.65,2769.84,103.4
1131.31,4.068,2.748,348.02,1457.88,2372.74,39.6
1340.22,4.135,2.835,499.9,1734.56,2827.55,114.5
1303.67,4.107,2.86,504.3,1695.21,2724.42,105.5
1166.16,4.083,2.78,372.16,1549.58,2514.16,61.5
1076.84,4.026,2.687,309.43,1346.71,2405.43,20.2
1299.58,4.115,2.828,501.56,1768.43,2786.33,114.5
1226.76,4.093,2.79,461.56,1658.03,2707.27,88.9
1377.3,4.146,2.907,531.23,1814.93,2889.65,131.5
1252.14,4.124,2.812,451.5,1645.94,2686.18,88.9
1372.76,4.173,2.983,585.38,1871.47,2918.66,145.0
1274.73,4.121,2.813,477.1,1661.43,2696.4,94.3
1287.12,4.098,2.8,453.81,1682.81,2726.55,95.8
1429.74,4.181,2.975,575.19,1876.0,2890.79,149.2
1251.45,4.102,2.752,416.78,1568.47,2577.93,69.2
1054.94,4.012,2.692,301.71,1378.07,2350.66,23.6
1019.4,4.0,2.67,284.34,1253.56,2409.63,5.9
1356.83,4.122,2.806,539.68,1790.08,2806.79,128.6
1295.49,4.105,2.863,498.55,1691.37,2783.24,105.8
1331.9,4.132,2.904,499.3,1760.88,2847.57,120.0
1070.77,4.014,2.761,342.33,1393.59,2404.1,37.0
1059.35,4.046,2.773,323.73,1398.3,2420.37,24.0
1020.23,3.978,2.735,275.3,1320.65,2360.44,3.5
1198.28,4.08,2.757,386.17,1494.23,2535.99,60.2
1337.23,4.118,2.869,490.96,1655.16,2664.9,100.7
1220.23,4.074,2.775,398.16,1546.88,2645.39,67.3
1188.71,4.112,2.778,416.11,1619.37,2642.43,74.9
1429.3,4.135,2.95,620.14,1990.43,2935.74,153.8
1162.52,4.06,2.759,387.48,1495.99,2514.64,59.9
1289.42,4.077,2.822,469.24,1566.24,2627.57,87.9
1377.61,4.116,2.955,530.52,1789.34,2858.22,133.4
1155.66,4.05,2.801,403.15,1496.86,2570.33,68.0
1285.76,4.121,2.823,501.65,1725.93,2750.2,106.1
1442.84,4.157,2.915,577.81,1896.69,2920.33,146.7
1489.0,4.207,3.024,623.54,1967.31,2947.2,161.5
1072.55,4.018,2.746,345.5,1411.15,2489.77,25.9
1476.13,4.178,3.025,605.18,1991.95,2919.28,157.6
1177.38,4.088,2.798,448.41,1643.97,2615.42,84.2
1128.46,4.043,2.758,372.32,1475.51,2512.96,44.6
1239.91,4.079,2.822,430.42,1550.75,2650.38,78.6
1467.95,4.179,3.001,641.47,1969.2,2946.19,166.6
1213.55,4.114,2.814,425.98,1660.59,2639.99,84.3
1110.92,4.047,2.789,395.17,1486.05,2481.77,56.6
1343.74,4.116,2.865,475.59,1754.93,2726.52,108.0
1099.86,4.05,2.738,361.21,1444.65,2516.18,41.6
1053.72,4.013,2.781,297.79,1353.0,2322.99,13.8
1084.94,4.0,2.773,315.18,1338.92,2366.28,22.8
1107.29,4.033,2.715,317.83,1387.4,2376.22,22.6
1075.76,4.034,2.714,335.49,1361.45,2470.87,26.7
1060.56,4.024,2.738,347.5,1378.71,2456.53,24.5
1312.11,4.116,2.851,498.99,1726.41,2670.3,109.3
1124.56,4.021,2.765,326.33,1436.77,2373.72,31.7
1161.06,4.059,2.728,368.28,1539.37,2558.28,59.4
1418.79,4.154,2.96,621.01,1867.17,2864.71,152.6
1186.96,4.089,2.821,437.23,1581.3,2689.4,81.1
1290.82,4.148,2.892,504.35,1727.96,2684.37,113.8
1109.95,4.045,2.68,335.08,1415.25,2408.75,30.1
1088.94,4.024,2.7,351.84,1393.25,2460.45,33.5
1018.15,4.021,2.645,289.43,1273.55,2410.52,7.9
1068.99,4.065,2.697,323.18,1351.26,2436.41,29.6
1137.06,4.043,2.711,348.04,1489.37,2522.44,48.1
1084.37,4.042,2.742,319.45,1335.49,2449.05,30.9
1046.18,3.964,2.713,304.11,1369.73,2420.89,16.0
1100.1,3.991,2.708,334.77,1320.91,2416.77,21.4
1257.62,4.089,2.798,422.23,1582.72,2661.73,78.9
1062.8,4.014,2.768,348.61,1382.67,2491.8,35.9
1182.06,4.108,2.74,413.04,1499.93,2610.82,62.6
1220.25,4.108,2.751,451.02,1620.14,2574.08,86.1
1326.86,4.155,2.892,546.53,1759.91,2727.04,117.7
1040.43,3.999,2.684,296.16,1258.81,2377.62,7.6
1384.79,4.138,2.885,559.36,1833.72,2940.85,136.1
1306.98,4.112,2.865,486.53,1720.8,2758.39,107.1
1066.96,4.013,2.645,337.15,1347.48,2368.35,14.8
1437.36,4.161,2.927,611.76,1841.07,2952.51,148.6
1439.72,4.197,2.912,592.37,1924.31,2998.42,156.6
1025.87,4.018,2.708,332.97,1258.04,2391.9,11.3
1098.18,4.049,2.796,374.6,1451.11,2507.21,47.8
1372.37,4.123,2.901,566.51,1838.11,2868.93,137.2
1412.16,4.182,2.869,548.19,1826.17,2837.87,127.5
1073.8,4.026,2.781,323.56,1432.02,2499.97,32.2
1074.53,4.089,2.752,348.59,1389.13,2480.34,36.4
1184.73,4.082,2.844,393.66,1540.71,2588.76,63.6
1227.79,4.088,2.808,433.01,1632.86,2686.48,82.9
1291.47,4.129,2.852,502.9,1688.19,2736.85,105.5
1211.24,4.028,2.815,393.79,1553.97,2580.66,63.3
1233.74,4.108,2.793,431.98,1601.49,2711.99,79.2
1349.44,4.199,2.9,545.01,1798.5,2801.38,127.3
1021.02,3.957,2.622,308.56,1307.71,2326.0,7.2
1110.73,4.038,2.795,378.28,1402.03,2457.92,43.7
1366.78,4.138,2.891,526.39,1785.35,2816.16,121.6
1434.09,4.196,2.963,597.25,1893.55,2942.96,152.3
1198.85,4.14,2.839,476.87,1633.68,2589.93,87.5
1252.43,4.11,2.782,417.16,1635.45,2718.99,90.9
1022.29,4.056,2.693,327.69,1359.11,2352.23,19.1
1267.41,4.088,2.81,422.93,1622.33,2641.21,76.6
1229.74,4.111,2.819,464.61,1651.8,2685.86,91.0
1114.84,4.048,2.754,356.69,1472.57,2372.28,42.0
1137.22,4.072,2.755,383.88,1430.38,2408.84,46.5
1172.67,4.062,2.793,406.9,1579.71,2531.12,64.8
1017.65,4.012,2.652,268.44,1262.1,2384.95,4.4
1165.09,4.034,2.798,359.99,1460.26,2463.96,55.4
1143.43,4.03,2.719,343.07,1412.98,2509.39,36.7
1176.2,4.047,2.763,392.9,1488.33,2471.9,56.3
1102.96,4.018,2.695,338.0,1311.47,2316.44,21.2
1413.07,4.171,2.955,590.83,1881.5,2936.59,151.5
1291.94,4.138,2.844,445.86,1584.65,2720.7,101.3
1331.14,4.115,2.888,518.88,1715.08,2709.82,115.8
1393.44,4.121,2.937,558.05,1818.33,2807.22,134.4
1271.67,4.068,2.821,445.62,1667.94,2669.85,85.2
1046.75,4.029,2.688,292.24,1358.28,2367.24,15.7
1245.94,4.084,2.83,475.61,1660.95,2708.63,91.8
1293.99,4.122,2.842,464.2,1752.49,2704.06,100.2
1317.17,4.141,2.893,543.88,1751.41,2864.91,127.0
1199.42,4.098,2.805,423.65,1573.28,2566.72,74.0
1065.94,4.013,2.676,328.96,1425.26,2432.57,22.6
1114.25,4.106,2.69,358.21,1455.93,2462.53,49.0
1199.75,4.105,2.806,381.92,1501.84,2578.74,62.4
1283.78,4.12,2.85,512.09,1755.53,2783.21,110.2
1269.27,4.101,2.842,478.64,1659.08,2664.1,97.5
1177.43,4.128,2.743,398.42,1559.53,2576.86,61.2
1526.25,4.176,3.09,660.71,2014.44,3013.26,167.7
1289.83,4.117,2.851,488.83,1695.7,2750.34,103.4
1139.98,4.041,2.734,348.86,1468.36,2452.26,41.1
1075.98,4.012,2.717,320.87,1339.78,2377.39,18.2
1083.1,3.988,2.668,335.05,1385.27,2494.24,26.8
1093.19,4.053,2.753,364.32,1462.52,2452.56,42.6
1047.49,4.005,2.766,317.41,1374.91,2436.69,28.2
1097.14,4.059,2.737,323.89,1449.52,2440.05,32.5
1124.28,4.022,2.756,383.01,1474.17,2527.63,49.2
1111.78,4.029,2.715,332.3,1403.91,2495.71,30.3
1461.29,4.134,3.0,574.46,1880.63,2905.34,152.6
1044.89,3.965,2.741,286.25,1313.08,2392.26,14.6
1220.98,4.084,2.802,433.27,1646.99,2703.63,89.6
1208.1,4.063,2.794,428.07,1586.23,2584.99,70.4
1464.64,4.226,3.052,641.21,2028.67,2953.91,167.0
1043.79,4.014,2.723,316.64,1321.91,2402.78,19.9
1164.98,4.1,2.756,402.4,1526.46,2590.73,68.2
1479.4,4.186,3.062,620.19,1939.36,2913.46,164.8
1454.87,4.184,2.966,601.36,1910.98,2876.1,147.3
1399.4,4.147,2.959,578.96,1901.67,2903.43,139.1
1114.64,4.029,2.711,350.44,1448.47,2477.92,44.6
1049.59,3.99,2.692,354.8,1395.28,2456.33,29.9
1335.71,4.138,2.924,519.43,1751.82,2731.06,114.0
1441.07,4.19,3.025,605.23,1931.16,2956.42,158.1
1268.68,4.123,2.801,460.76,1628.91,2702.06,95.1
1264.22,4.115,2.856,465.15,1708.19,2719.15,97.6
1156.51,4.09,2.736,372.83,1473.14,2495.62,48.3
1370.33,4.155,2.851,527.77,1806.83,2848.2,131.0
1093.21,4.05,2.665,328.15,1494.69,2524.44,32.6
1167.42,4.052,2.76,394.43,1498.9,2556.76,55.7
1255.08,4.062,2.834,393.52,1519.52,2667.28,72.9
1263.92,4.112,2.856,443.86,1649.52,2656.93,86.8
1116.65,4.04,2.778,337.67,1387.27,2381.96,42.0
1064.01,4.032,2.736,330.63,1369.59,2430.66,20.4
1279.41,4.126,2.852,490.72,1718.16,2812.25,104.2
1115.68,4.036,2.786,348.94,1515.92,2522.02,49.8
1264.04,4.134,2.772,458.68,1653.36,2690.88,99.2
1061.35,4.006,2.75,328.95,1373.5,2430.43,27.1
1245.26,4.104,2.769,402.58,1608.71,2692.62,82.3
1227.09,4.128,2.79,439.54,1673.94,2686.2,91.0
1071.14,3.994,2.719,286.32,1326.52,2331.83,9.8
1179.97,4.085,2.792,406.1,1523.61,2509.17,57.9
1072.69,4.027,2.698,314.1,1405.37,2442.19,23.7
1042.55,4.022,2.72,311.87,1314.51,2491.74,11.7
1480.42,4.181,3.076,638.3,2036.06,2946.29,168.3
1161.42,4.063,2.751,393.24,1495.41,2564.15,55.5
1422.88,4.132,2.925,542.85,1880.67,2896.97,137.9
1106.69,4.079,2.806,349.11,1436.09,2448.9,44.0
1290.16,4.093,2.859,511.73,1775.25,2814.06,116.2
1386.97,4.143,2.89,548.03,1851.04,2916.96,129.5
1293.14,4.097,2.842,484.67,1661.52,2761.68,101.7
1196.33,4.103,2.794,436.63,1632.23,2624.85,80.7
1177.67,4.116,2.807,420.15,1566.56,2544.77,70.6
1145.3,4.077,2.811,390.78,1577.81,2574.8,60.0
1442.55,4.245,2.983,620.72,1937.43,2945.7,158.1
1398.69,4.137,2.904,559.75,1878.37,2909.96,141.4
1473.72,4.167,3.082,609.78,1968.13,2963.94,164.1
1051.64,3.999,2.717,302.97,1381.87,2370.3,22.0
1335.06,4.146,2.835,507.99,1728.75,2818.39,124.5
1459.82,4.167,3.053,625.41,1909.84,3004.15,159.6
1096.37,4.014,2.76,351.02,1420.63,2477.31,31.6
1035.92,4.018,2.749,288.65,1324.05,2357.28,12.2
1388.34,4.121,2.933,552.62,1741.83,2775.31,126.2
1287.2,4.089,2.91,478.52,1659.46,2697.51,98.1
1373.04,4.159,2.905,571.44,1866.31,2878.69,143.3
1087.54,4.014,2.693,319.11,1357.88,2415.15,24.6
1403.04,4.177,2.898,576.7,1870.69,2938.65,135.4
1090.13,4.015,2.715,308.38,1452.19,2445.95,35.1
1047.25,4.011,2.726,348.23,1321.48,2438.35,28.7
1085.09,4.037,2.708,345.19,1385.44,2464.56,28.8
1398.0,4.177,2.887,559.28,1860.78,2892.96,138.7
1292.11,4.159,2.835,505.5,1700.84,2829.37,113.4
1212.94,4.11,2.806,476.91,1678.65,2652.56,89.4
1169.17,4.069,2.804,374.68,1534.8,2537.07,61.6
1426.14,4.186,2.938,592.31,1930.63,2900.87,149.2
1176.51,4.068,2.802,415.54,1534.05,2548.99,67.3
1397.19,4.156,2.884,572.12,1835.54,2876.24,139.0
1181.31,4.047,2.695,422.94,1563.57,2623.87,75.2
1168.86,4.088,2.77,427.75,1533.15,2562.44,64.7
1233.41,4.092,2.779,413.92,1584.75,2655.38,79.2
1136.42,4.07,2.728,359.18,1510.57,2548.07,51.9
1320.96,4.091,2.863,502.46,1886.79,2797.7,127.3
1227.52,4.095,2.788,428.86,1643.81,2683.53,86.0
1087.62,4.023,2.709,342.85,1377.07,2432.62,40.2
1450.87,4.209,2.942,609.64,1926.93,2893.83,153.0
1190.93,4.084,2.735,417.28,1505.73,2637.66,65.9
1217.77,4.109,2.757,445.66,1643.7,2679.08,92.9
1466.94,4.172,2.907,605.74,1926.51,2927.58,154.2
1271.57,4.129,2.921,511.78,1707.23,2809.57,106.5
1103.77,3.997,2.71,314.73,1325.95,2408.99,20.8
1465.15,4.185,3.044,630.49,1968.96,2948.24,159.8
1269.96,4.111,2.843,509.0,1657.75,2709.26,107.1
1131.84,4.106,2.759,372.31,1518.44,2566.13,57.6
1082.94,4.05,2.726,307.2,1345.03,2474.82,24.5
1377.46,4.178,2.932,583.76,1850.16,2855.93,135.2
1294.86,4.091,2.808,497.91,1671.6,2791.61,105.8
1294.62,4.12,2.807,436.46,1655.55,2675.54,91.2
1423.6,4.182,2.975,586.49,1959.24,2896.83,152.1
1385.86,4.18,2.852,554.16,1819.86,2835.47,134.3
1115.01,4.029,2.759,348.84,1361.99,2395.29,26.6
1156.61,4.056,2.789,393.27,1503.6,2587.06,53.7
1081.38,4.048,2.679,374.0,1453.04,2534.89,43.0
1373.48,4.11,2.865,532.1,1762.6,2840.0,126.7
1001.28,3.983,2.697,293.4,1334.6,2251.89,6.7
1307.4,4.118,2.854,458.04,1699.4,2765.12,97.3
1349.99,4.173,2.945,540.05,1856.44,2821.79,129.9
1505.97,4.163,2.936,578.01,1921.16,2890.41,149.2
1200.35,4.062,2.835,375.59,1568.52,2539.01,58.8
1381.85,4.131,2.924,560.06,1806.27,2878.85,139.8
1062.66,4.044,2.704,313.52,1398.5,2415.03,19.7
1434.15,4.19,2.955,588.04,1869.92,2938.01,144.1
1088.85,4.031,2.724,345.68,1347.81,2430.14,22.5
1200.25,4.082,2.787,402.02,1529.43,2590.59,68.1
1420.29,4.189,2.974,569.64,1859.56,2845.99,135.7
1075.69,4.006,2.727,324.71,1403.3,2388.8,26.3
1103.9,4.021,2.708,366.33,1419.46,2491.99,39.7
1340.86,4.163,2.857,510.95,1796.0,2830.79,123.1
1369.84,4.161,2.926,520.85,1869.05,2777.55,122.7
1317.05,4.101,2.873,507.37,1707.39,2712.22,109.4
1342.17,4.125,2.825,527.08,1754.83,2821.66,118.3
1278.72,4.138,2.773,468.81,1697.93,2670.73,92.7
1071.73,4.052,2.744,380.19,1401.73,2445.15,43.6
1173.08,4.079,2.784,363.88,1521.78,2516.89,59.4
1097.8,4.006,2.706,318.23,1328.36,2465.66,31.7
1490.78,4.194,2.925,617.17,1887.72,2999.9,154.5
1240.71,4.085,2.8,487.34,1649.3,2755.79,99.6
1229.79,4.035,2.83,418.57,1527.09,2516.71,68.7
1221.64,4.102,2.812,470.93,1559.61,2629.2,79.1
1482.73,4.218,3.035,612.32,1965.09,2996.36,161.1
1122.12,4.018,2.755,333.98,1423.62,2367.17,26.9
1294.36,4.103,2.816,475.15,1748.25,2781.84,100.1
1250.88,4.131,2.799,455.52,1597.74,2590.63,86.5
1299.0,4.115,2.838,491.53,1727.45,2758.4,104.3
1012.02,3.994,2.703,281.44,1327.44,2322.51,4.1
1428.5,4.207,2.985,598.65,1904.86,2920.83,148.4
1444.21,4.179,3.049,620.52,1968.6,2956.72,158.5
1268.76,4.096,2.852,470.14,1685.46,2667.77,96.5
1277.89,4.153,2.897,536.44,1782.43,2813.59,118.7
1467.51,4.17,3.043,652.19,1917.83,2937.61,156.9
1338.71,4.136,2.87,494.99,1716.75,2822.7,120.5
1071.47,3.997,2.756,347.53,1370.61,2399.65,26.8
1280.89,4.115,2.849,482.07,1656.8,2700.59,98.4
1254.73,4.119,2.86,472.94,1693.77,2753.26,103.5
1250.02,4.099,2.78,411.43,1598.79,2578.58,72.7
1354.36,4.162,2.846,548.8,1841.5,2866.14,125.5
1459.7,4.197,3.005,621.03,1953.6,2966.65,158.9
1434.35,4.192,2.998,615.61,1906.77,3028.1,157.4
1215.03,4.084,2.777,416.01,1577.35,2618.95,77.2
1097.93,4.027,2.708,305.08,1331.37,2410.47,20.1
1517.37,4.175,3.023,628.57,1991.92,2980.54,167.4
1432.6,4.119,2.908,570.84,1861.86,2889.56,142.8
1081.72,4.04,2.699,317.92,1389.31,2429.35,22.1
1446.91,4.197,2.944,619.56,1913.21,3010.28,156.6
1391.74,4.17,2.934,579.52,1965.03,2967.81,148.0
1242.14,4.121,2.835,462.29,1593.83,2702.68,88.7
1276.95,4.1,2.88,464.52,1699.95,2677.82,100.9
1216.22,4.06,2.842,419.63,1503.76,2575.85,68.4
1046.74,3.986,2.687,286.53,1346.88,2384.15,10.3
1200.83,4.073,2.799,416.61,1508.46,2515.88,57.6
1421.88,4.127,2.927,572.89,1854.66,2864.0,136.7
1007.27,3.977,2.681,298.09,1255.39,2334.05,1.8
1114.87,4.067,2.775,383.21,1538.44,2619.39,57.4
1224.25,4.05,2.813,416.92,1570.77,2583.74,68.3
1290.21,4.09,2.804,439.04,1635.1,2621.07,91.8
1421.17,4.139,2.967,599.17,1937.39,2975.69,156.5
1203.35,4.076,2.754,385.49,1488.18,2596.99,59.5
1175.45,4.05,2.748,413.08,1486.24,2646.75,59.6
1361.5,4.123,2.924,551.1,1780.76,2802.4,125.6
1255.46,4.06,2.771,393.26,1581.79,2571.53,77.4
1144.65,4.03,2.719,335.63,1430.31,2487.79,39.0
1231.48,4.054,2.804,425.58,1588.84,2647.57,77.5
1086.74,4.059,2.724,343.52,1347.21,2441.03,24.8
1105.5,3.98,2.713,339.11,1420.04,2425.4,30.8
1227.23,4.086,2.858,405.38,1655.88,2674.73,85.2
1197.96,4.081,2.766,397.45,1593.65,2608.27,71.8
1430.01,4.167,2.974,622.39,1955.21,2918.9,155.6
1164.68,4.071,2.712,398.6,1451.11,2522.1,62.2
1268.37,4.096,2.823,476.09,1653.0,2700.32,99.1
1287.54,4.154,2.81,510.64,1676.27,2745.64,107.9
1025.51,3.972,2.662,282.62,1234.7,2360.69,3.2
1311.2,4.083,2.802,516.72,1778.37,2768.35,113.1
1103.36,4.002,2.699,360.58,1449.25,2422.15,31.1
1437.62,4.2,3.016,635.63,1969.97,2994.67,163.4
1075.39,4.02,2.712,313.61,1392.58,2420.18,26.1
1200.6,4.093,2.772,407.14,1552.4,2573.31,71.1
1043.86,4.019,2.695,294.76,1370.93,2394.67,15.4
1493.93,4.187,3.062,614.95,2005.97,3024.57,169.5
1199.45,4.086,2.808,432.98,1610.32,2656.63,85.9
1293.81,4.108,2.834,489.25,1710.66,2789.3,101.6
1060.26,4.043,2.709,303.18,1318.19,2418.35,12.3
1376.33,4.162,2.888,561.5,1814.44,2849.37,127.7
1130.57,4.073,2.72,347.97,1440.97,2449.28,36.5
1448.39,4.196,2.992,617.43,2033.92,2857.09,152.8
1114.5,4.033,2.75,317.93,1470.49,2412.04,35.7
1100.16,4.011,2.728,333.27,1411.52,2486.67,33.2
1048.77,4.003,2.731,290.33,1275.18,2311.77,7.2
1185.14,4.089,2.802,421.53,1536.65,2656.24,80.8
1247.39,4.107,2.823,490.99,1709.97,2666.83,96.5
1083.18,4.001,2.699,273.69,1356.32,2360.79,12.1
1315.94,4.112,2.909,550.0,1808.99,2826.76,132.1
1212.1,4.111,2.767,444.17,1588.15,2660.62,77.6
1279.17,4.1,2.759,464.45,1648.26,2711.46,89.6
1207.32,4.055,2.8,417.04,1599.64,2554.03,75.5
1180.69,4.085,2.805,395.21,1602.96,2645.75,68.7
1270.4,4.091,2.796,482.51,1628.56,2688.6,95.6
1072.2,4.035,2.753,321.19,1403.11,2470.89,27.2
1093.25,4.047,2.677,324.69,1407.61,2497.84,31.7
1406.51,4.192,2.93,603.35,1878.02,2882.46,146.6
1497.57,4.186,3.055,630.14,1982.35,3027.71,160.9
1213.63,4.061,2.784,393.98,1530.55,2501.77,64.1
1128.1,4.035,2.738,370.02,1459.69,2463.1,46.8
1274.7,4.111,2.861,505.22,1739.0,2739.59,109.8
1181.46,4.076,2.818,410.68,1545.25,2555.82,70.1
1022.45,3.992,2.649,293.54,1315.62,2283.48,5.3
1094.06,4.007,2.76,296.85,1371.6,2469.11,27.4
1321.07,4.118,2.865,525.65,1833.8,2787.43,122.0
1297.72,4.127,2.88,494.82,1747.49,2769.61,112.4
1040.51,3.988,2.674,279.72,1277.02,2369.53,5.6
1133.35,4.015,2.786,339.32,1437.71,2515.55,38.5
1098.33,4.056,2.737,345.02,1464.39,2540.07,40.1
1290.24,4.167,2.824,505.09,1703.0,2740.38,114.5
1106.86,4.015,2.705,292.14,1330.25,2399.48,4.3
1079.02,3.999,2.748,302.77,1358.61,2399.95,18.6
1383.7,4.157,2.951,569.7,1845.35,2869.38,136.2
1112.74,4.059,2.729,347.15,1378.15,2431.83,31.2
1310.69,4.104,2.881,512.86,1746.47,2774.62,111.3
1138.68,4.057,2.727,368.74,1413.09,2544.51,41.3
1061.47,3.983,2.726,303.89,1285.6,2416.68,17.8
1121.48,4.076,2.752,352.24,1421.65,2530.04,42.1
1346.7,4.133,2.796,533.49,1779.63,2774.81,123.1
1384.12,4.214,2.913,579.34,1907.07,2883.56,145.6
1455.02,4.199,2.936,557.4,1862.69,2886.69,141.3
1165.61,4.072,2.784,399.93,1516.43,2609.54,68.1
1287.62,4.116,2.861,532.56,1727.6,2786.53,113.9
1097.14,4.038,2.735,333.13,1417.42,2532.51,35.6
1117.43,4.049,2.789,360.53,1497.04,2492.89,50.5
1441.12,4.17,2.978,595.21,1944.19,2947.37,152.5
1039.24,3.961,2.62,296.14,1246.96,2353.53,3.2
1076.57,3.999,2.764,313.57,1337.48,2365.11,15.5
1124.09,4.012,2.675,355.78,1442.0,2459.93,36.1
1019.87,4.008,2.721,329.54,1270.55,2315.58,5.5
1093.5,4.049,2.679,349.31,1454.72,2456.72,31.7
1288.95,4.128,2.876,488.49,1669.91,2662.19,99.5
1156.57,4.086,2.778,458.81,1598.62,2673.35,72.2
1454.67,4.161,2.976,609.15,1937.71,2916.44,151.9
1363.29,4.166,2.864,563.46,1838.92,2846.1,139.1
1214.56,4.078,2.787,384.04,1512.19,2482.66,58.8
1116.28,4.034,2.757,377.35,1495.19,2482.78,44.8
1176.38,4.073,2.793,382.66,1522.29,2568.12,65.2
1263.12,4.112,2.864,448.57,1695.38,2732.08,100.8
1114.49,4.08,2.752,351.96,1415.08,2494.35,46.3
1356.18,4.139,2.841,503.1,1725.73,2858.69,106.5
1218.38,4.089,2.758,420.61,1547.33,2546.79,70.2
1224.69,4.072,2.81,460.9,1677.83,2718.48,94.3
1245.06,4.086,2.826,437.13,1553.17,2631.83,74.7
1171.89,4.05,2.728,381.99,1488.18,2466.5,50.8
1464.12,4.186,2.951,631.74,1949.46,2951.5,161.3
1378.83,4.119,2.87,546.5,1739.7,2931.79,130.0
1074.22,3.999,2.735,337.9,1375.29,2396.47,24.7
1476.54,4.171,2.941,602.57,1936.26,2990.42,147.8
1212.05,4.115,2.823,435.37,1582.41,2645.79,83.4
1445.09,4.166,2.906,614.83,1899.09,2928.79,152.2
1379.64,4.15,2.826,552.09,1885.97,2847.62,136.2
1166.47,4.116,2.795,420.77,1587.41,2568.53,72.9
1080.66,3.99,2.722,296.43,1284.2,2290.87,4.8
1100.97,4.045,2.696,359.45,1469.55,2478.88,46.4
1263.8,4.102,2.836,461.42,1635.77,2716.97,92.5
1260.52,4.097,2.886,503.55,1795.96,2770.82,108.1
1115.73,4.057,2.744,344.77,1479.81,2481.1,44.6
1084.82,4.007,2.744,326.99,1423.41,2492.07,24.6
1388.48,4.165,2.938,610.01,1875.6,2852.89,142.1
1505.9,4.206,3.041,630.46,1949.64,3007.57,167.4
1243.78,4.14,2.84,468.93,1658.06,2623.75,89.8
1117.07,4.001,2.782,332.57,1431.72,2450.48,30.0
1166.17,4.065,2.731,383.4,1502.1,2526.17,47.0
1009.55,4.012,2.688,278.43,1240.74,2328.86,4.1
1454.19,4.169,2.949,611.43,1939.95,2942.84,155.5
1069.74,4.028,2.717,350.96,1309.64,2383.47,20.9
1290.99,4.144,2.827,469.92,1662.4,2747.73,98.4
1133.27,4.033,2.783,375.72,1481.96,2541.74,47.3
1269.22,4.112,2.867,473.01,1703.61,2712.9,94.7
1307.04,4.135,2.88,471.03,1741.75,2789.38,111.1
1409.2,4.175,2.961,581.27,1834.46,2905.17,141.2
1135.54,4.05,2.711,326.16,1435.76,2445.14,35.9
1037.39,3.997,2.661,296.72,1260.97,2346.07,2.9
1090.76,4.03,2.729,325.25,1361.71,2445.41,24.1
1462.51,4.161,2.97,588.31,1925.33,2923.07,153.1
1426.32,4.177,3.013,575.74,1882.49,2936.11,148.7
1293.89,4.106,2.78,479.4,1714.37,2671.82,102.0
1260.34,4.092,2.858,518.9,1720.13,2679.38,102.5
1351.79,4.12,2.879,531.18,1776.01,2773.95,113.4
1020.08,4.033,2.702,340.53,1439.34,2428.36,30.6
1450.15,4.191,2.95,619.12,1929.4,2985.15,155.5
1227.79,4.053,2.775,424.01,1529.32,2596.53,71.8
1148.51,4.052,2.726,394.61,1506.92,2625.86,65.8
1257.2,4.114,2.857,440.59,1690.11,2670.45,88.7
1018.8,4.011,2.778,310.07,1358.73,2369.66,8.9
1076.53,4.044,2.713,323.34,1430.55,2417.96,29.1
1381.4,4.173,2.869,557.83,1782.05,2815.56,125.7
1055.51,4.019,2.665,287.27,1384.77,2350.13,15.0
1237.93,4.109,2.807,469.17,1694.4,2686.16,102.9
1095.75,4.045,2.724,378.23,1454.83,2524.75,42.5
1209.85,4.106,2.814,400.44,1569.99,2627.06,66.8
1150.69,4.107,2.848,369.14,1512.41,2553.78,49.8
1213.61,4.075,2.747,402.94,1537.68,2605.8,61.1
1389.94,4.152,2.854,545.86,1826.65,2816.06,122.5
1134.7,4.068,2.719,382.88,1480.84,2504.6,51.2
1333.08,4.11,2.842,473.01,1666.5,2675.69,96.7
1227.09,4.114,2.811,447.36,1597.51,2572.31,81.5
1295.3,4.15,2.864,512.43,1709.67,2791.13,113.2
1448.87,4.194,2.983,637.65,1867.03,2961.65,159.3
1298.49,4.138,2.927,576.84,1826.77,2831.74,124.8
1146.98,4.006,2.757,354.97,1416.6,2491.33,37.3
1069.27,4.012,2.715,279.96,1322.11,2400.67,6.3
1102.27,4.05,2.756,377.99,1474.18,2485.72,45.3
1279.05,4.101,2.832,477.4,1698.31,2742.2,101.6
1040.03,3.979,2.676,303.63,1341.57,2338.68,9.7
1212.25,4.108,2.823,448.22,1653.9,2588.02,84.9
1241.75,4.084,2.851,471.55,1666.31,2717.21,101.9
1154.83,4.067,2.78,380.48,1552.38,2605.48,57.5
1366.98,4.169,2.855,515.16,1850.28,2835.47,131.3
1050.76,4.024,2.72,312.99,1323.81,2359.63,19.0
1052.96,3.999,2.694,313.77,1309.54,2389.66,13.7
1388.36,4.118,2.858,532.42,1754.95,2849.25,124.1
1228.26,4.106,2.829,435.5,1639.95,2676.12,84.7
1336.3,4.159,2.875,521.79,1757.22,2840.75,117.3
1225.01,4.071,2.86,406.5,1502.79,2577.3,74.5
1134.48,4.053,2.756,341.46,1428.64,2543.81,42.6
1385.25,4.194,2.915,577.93,1849.38,2793.66,139.4
1392.52,4.165,2.912,570.43,1849.05,2781.08,136.1
1348.97,4.128,2.837,526.32,1721.04,2732.3,118.4
1103.85,4.069,2.785,361.09,1466.58,2524.67,47.0
1313.92,4.1,2.845,494.15,1735.04,2659.45,100.7
1208.14,4.041,2.78,378.2,1530.79,2539.49,62.0
1036.14,4.027,2.675,305.66,1357.69,2368.23,16.5
1458.77,4.175,3.005,623.9,1982.83,2972.97,156.0
1089.26,4.013,2.688,336.36,1367.6,2466.33,24.1
1458.5,4.177,2.991,615.8,1957.55,3001.83,161.6
1224.18,4.075,2.796,456.73,1595.91,2565.02,76.4
1097.94,4.058,2.71,336.17,1376.68,2454.51,32.3
1221.73,4.138,2.797,460.82,1633.9,2672.23,92.6
1441.13,4.209,2.951,607.86,1840.68,2906.12,148.5
1327.22,4.166,2.917,557.13,1863.91,2813.78,124.7
1417.39,4.169,2.945,565.65,1876.21,2848.63,137.3
1300.1,4.1,2.88,521.96,1712.11,2737.35,112.3
1330.0,4.132,2.886,510.84,1796.13,2771.24,118.0
1451.09,4.212,2.925,607.94,1859.47,2868.73,144.5
1134.48,4.035,2.776,358.95,1449.56,2531.08,43.2
1205.93,4.124,2.753,444.91,1618.63,2649.0,83.7
1084.17,4.039,2.749,344.15,1414.54,2511.84,38.4
1478.08,4.144,3.079,647.59,1966.01,3035.22,167.9
1478.58,4.201,3.0,613.65,1992.83,3016.93,160.5
1041.7,4.025,2.674,294.24,1307.81,2300.31,7.7
1319.81,4.138,2.875,523.29,1825.79,2808.75,120.2
1429.12,4.209,2.964,600.36,1910.82,2898.92,157.4
1098.93,3.996,2.742,328.16,1385.94,2517.8,31.5
1266.72,4.082,2.857,437.78,1672.34,2728.25,97.0
1506.86,4.186,2.993,593.26,1967.62,2923.09,155.7
1031.43,4.008,2.706,293.42,1277.97,2334.39,6.7
1382.04,4.164,2.896,534.14,1786.39,2826.25,118.9
1114.1,4.066,2.78,368.46,1490.88,2507.6,51.3
1418.5,4.16,2.963,615.37,1984.24,2893.7,157.2
1455.75,4.198,2.984,654.21,1992.43,2998.06,165.1
1498.56,4.2,3.011,637.2,1902.84,3010.96,160.6
1269.5,4.053,2.828,446.97,1575.38,2638.36,81.1
1404.18,4.17,2.899,590.25,1864.62,2935.19,146.7
1402.77,4.161,2.939,573.56,1866.59,2869.54,143.7
1123.97,4.045,2.793,386.93,1535.51,2541.95,54.9
1360.58,4.174,2.926,593.46,1860.31,2886.49,141.1
1049.72,3.976,2.74,321.6,1304.71,2335.01,7.3
1290.92,4.124,2.878,516.14,1687.69,2686.12,101.8
1113.66,4.05,2.732,375.07,1450.14,2448.11,39.9
1031.34,4.038,2.702,319.29,1337.81,2377.0,21.4
1089.14,3.985,2.693,287.84,1325.11,2357.09,14.0
1323.51,4.106,2.876,528.32,1762.92,2786.44,118.7
1176.0,4.068,2.729,404.38,1508.21,2556.63,58.4
1314.48,4.137,2.843,492.51,1772.7,2817.04,123.5
1038.6,4.063,2.633,280.36,1282.44,2363.69,12.0
1158.75,4.066,2.758,372.87,1521.1,2534.95,54.3
1265.43,4.105,2.881,447.07,1649.49,2651.15,92.2
1389.36,4.153,2.851,533.93,1873.16,2864.0,134.6
1165.4,4.033,2.754,386.57,1509.92,2474.04,54.9
1271.94,4.133,2.841,510.1,1731.66,2703.56,106.8
1441.69,4.175,2.956,596.05,1945.76,2879.99,150.7
1298.0,4.118,2.882,462.69,1786.77,2714.36,105.1
1120.49,4.042,2.712,356.16,1475.11,2490.84,40.4
1028.46,4.001,2.634,274.31,1321.93,2347.67,5.1
1396.28,4.138,2.935,576.82,1908.45,2921.64,148.0
992.44,4.012,2.671,304.48,1331.04,2370.98,4.6
1375.25,4.157,2.887,611.96,1880.81,2921.09,148.8
1272.52,4.099,2.824,450.35,1662.86,2638.0,90.4
1486.64,4.213,2.962,633.34,1991.03,2959.26,159.7
1410.86,4.194,2.912,545.33,1873.97,2824.55,136.0
1506.51,4.166,3.07,656.99,1996.1,2985.19,169.7
1114.3,4.065,2.735,385.82,1531.62,2574.05,60.3
1347.38,4.157,2.927,528.36,1811.66,2833.52,130.7
1195.63,4.045,2.772,395.51,1531.11,2618.27,68.9
1231.71,4.107,2.804,442.88,1653.39,2645.44,82.1
1295.45,4.125,2.866,469.9,1704.39,2684.54,107.0
1439.27,4.178,2.962,589.28,1889.14,2897.38,148.7
1491.34,4.178,3.052,658.74,1974.99,3014.45,167.3
1376.64,4.16,2.877,541.3,1801.48,2859.28,130.8
1182.82,4.095,2.752,391.52,1543.67,2560.36,71.6
1225.03,4.082,2.791,411.74,1516.21,2587.23,72.2
1346.75,4.135,2.86,546.2,1752.72,2828.33,125.7
1083.99,4.032,2.764,335.44,1434.23,2462.27,41.4
1042.82,4.019,2.707,333.45,1366.37,2384.14,19.7
1160.71,4.066,2.788,404.35,1470.42,2570.71,60.9
1163.66,4.069,2.722,375.75,1479.02,2588.87,49.5
1141.83,4.043,2.719,382.13,1518.36,2534.04,51.1
1110.33,4.016,2.789,355.17,1422.3,2507.43,40.5
1002.62,4.007,2.691,300.94,1277.36,2316.91,8.1
1043.65,3.985,2.718,290.21,1289.23,2286.58,4.0
1476.79,4.213,3.012,657.62,2006.02,2956.53,167.9
1201.01,4.081,2.779,437.54,1555.76,2602.94,73.3
1220.16,4.085,2.815,390.72,1570.26,2589.79,66.0
1340.26,4.113,2.819,502.11,1770.1,2799.79,115.9
1067.54,4.04,2.803,342.56,1477.83,2505.11,37.9
1427.75,4.176,3.014,618.13,1910.69,3015.86,161.5
1381.56,4.131,2.885,573.23,1793.64,2770.17,133.9
1022.99,3.993,2.717,286.99,1326.0,2344.49,16.1
1214.92,4.068,2.818,422.71,1525.11,2669.63,71.6
1434.07,4.2,2.932,616.68,1953.8,2930.86,149.6
1473.22,4.177,2.982,616.23,1964.08,2957.69,160.7
1204.67,4.063,2.806,454.32,1591.0,2547.56,80.0
1337.46,4.122,2.857,504.0,1753.64,2683.73,104.7
1157.14,4.027,2.717,327.35,1399.69,2470.7,29.2
1488.06,4.188,3.073,658.23,1986.86,2975.18,168.5
1122.96,4.036,2.764,340.25,1411.67,2500.2,40.2
1470.41,4.208,3.006,607.49,1972.22,2944.57,160.3
1305.74,4.14,2.835,493.8,1749.43,2847.44,110.8
1270.28,4.13,2.841,504.71,1723.32,2729.92,103.7
1217.05,4.075,2.864,441.81,1657.73,2607.69,87.6
1085.3,4.097,2.748,352.96,1477.94,2500.96,40.0
1100.28,4.049,2.763,320.42,1372.53,2444.62,30.8
1096.23,4.048,2.72,362.13,1494.53,2446.04,38.3
1029.97,4.007,2.735,351.01,1458.12,2456.26,32.5
1390.71,4.173,2.93,542.84,1882.4,2890.59,132.7
1166.4,4.054,2.812,356.62,1511.36,2548.15,60.2
1073.94,3.999,2.736,294.97,1296.08,2324.61,10.8
1491.99,4.16,2.994,642.54,1979.12,2987.0,164.8
1398.59,4.151,2.994,597.72,1918.67,2894.42,150.4
1403.94,4.194,3.04,618.52,1969.69,2963.4,157.8
1479.14,4.219,3.053,652.91,1991.11,3047.17,169.1
1073.39,4.041,2.698,327.02,1423.21,2394.19,30.4
1212.29,4.087,2.778,388.31,1539.69,2514.89,68.0
1368.12,4.148,2.902,555.62,1816.23,2925.87,129.1
1364.3,4.128,2.862,505.91,1789.89,2797.04,118.6
1047.34,4.029,2.685,310.58,1385.64,2376.71,27.0
1423.0,4.178,2.967,576.15,1838.05,2833.48,138.9
1128.98,4.038,2.711,333.78,1403.09,2454.59,38.9
1060.23,4.062,2.721,337.9,1461.67,2485.25,38.8
1289.08,4.099,2.822,481.38,1666.04,2587.05,91.7
1286.02,4.095,2.792,502.61,1733.62,2749.59,101.2
1287.08,4.112,2.786,491.75,1716.94,2685.44,99.0
1032.55,4.012,2.693,321.48,1331.49,2444.44,16.5
1463.99,4.173,2.98,612.5,1935.52,2931.21,149.3
1099.49,4.072,2.752,392.92,1469.11,2536.86,45.9
1090.91,4.034,2.653,337.7,1362.09,2400.99,22.9
1458.78,4.148,3.004,603.86,1993.47,2933.32,151.2
1450.8,4.221,3.037,642.91,2035.92,3024.84,162.5
1473.37,4.116,2.952,581.52,1913.1,2871.16,146.7
1401.28,4.203,2.925,568.17,1828.04,2886.9,137.8
1331.42,4.122,2.878,505.82,1723.56,2785.41,111.7
1224.65,4.102,2.893,460.78,1644.99,2747.61,94.1
1105.24,4.008,2.732,304.06,1361.36,2356.49,15.7
1163.81,4.084,2.791,430.7,1570.31,2563.02,70.0
1203.38,4.069,2.736,384.75,1524.08,2620.46,64.0
1101.67,4.043,2.75,363.82,1516.48,2488.17,44.9
1334.67,4.168,2.906,510.92,1775.78,2774.45,123.3
1255.75,4.106,2.803,412.42,1677.31,2636.1,84.8
1075.53,3.989,2.688,324.99,1368.08,2322.76,14.7
1077.31,4.052,2.752,368.32,1446.54,2469.62,38.2
1356.66,4.144,2.838,506.79,1735.34,2667.79,116.5
1073.93,3.996,2.729,306.4,1377.81,2385.56,13.9
1394.42,4.185,2.928,579.44,1944.44,2836.09,144.9
1275.64,4.091,2.743,437.95,1627.96,2706.17,84.7
1192.24,4.087,2.789,429.67,1647.81,2617.36,82.2
1267.8,4.11,2.835,485.48,1694.56,2688.16,101.1
1415.58,4.115,2.944,566.7,1910.2,2881.28,140.4
1144.96,4.053,2.78,396.82,1487.47,2571.91,59.8
1333.3,4.147,2.827,537.0,1784.49,2780.88,115.6
1276.2,4.109,2.832,474.29,1596.53,2638.35,96.6
1125.1,4.021,2.73,365.82,1424.44,2506.74,46.1
1453.56,4.194,2.945,587.09,1874.42,2913.41,149.5
1383.34,4.152,2.884,560.66,1844.79,2856.26,135.8
1322.5,4.104,2.857,479.17,1713.77,2789.31,112.3
1446.2,4.213,3.034,606.6,1858.48,2866.4,144.7
1446.35,4.151,3.005,576.36,1892.15,2863.48,147.6
1361.98,4.157,2.847,495.38,1773.58,2824.73,120.7
1381.49,4.151,2.935,576.11,1839.83,2810.08,142.5
1349.83,4.14,2.863,525.08,1728.99,2804.04,118.9
1305.83,4.115,2.871,532.7,1730.85,2732.42,115.9
1264.51,4.096,2.872,492.33,1740.92,2795.17,105.5
1363.65,4.159,2.891,556.14,1889.76,2772.19,128.2
1059.86,4.032,2.7,343.98,1428.97,2372.35,27.8
1453.73,4.198,2.992,609.12,1897.21,3011.29,149.9
1449.42,4.173,2.915,575.71,1913.5,2962.41,148.3
981.05,4.042,2.699,299.98,1298.49,2311.62,5.9
1383.5,4.169,2.883,552.12,1861.62,2830.92,140.6
1033.34,4.029,2.684,351.01,1368.36,2372.87,22.8
1148.92,4.034,2.786,396.8,1515.32,2562.07,57.6
1372.0,4.134,2.871,529.1,1751.34,2835.48,126.7
1077.33,4.035,2.665,336.32,1368.07,2415.18,28.2
1385.26,4.16,2.902,554.4,1858.67,2943.63,139.2
1440.1,4.169,2.906,552.27,1942.25,2853.25,141.6
1184.02,4.081,2.772,459.92,1648.88,2588.14,86.8
1050.31,3.995,2.705,271.24,1316.53,2435.58,2.1
1125.11,4.054,2.705,367.72,1470.11,2552.02,49.5
1293.74,4.096,2.827,491.09,1752.79,2729.73,105.3
1476.24,4.209,3.047,638.66,1993.88,2995.39,166.8
1341.77,4.089,2.839,478.36,1745.36,2752.87,107.8
1095.79,4.049,2.733,362.53,1459.78,2432.3,44.9
1304.6,4.159,2.829,496.86,1738.77,2748.86,108.1
1270.68,4.118,2.783,471.86,1639.07,2703.04,92.3
1339.45,4.168,2.887,590.18,1885.98,2864.26,132.8
1037.64,3.996,2.73,284.98,1335.88,2300.03,19.1
1366.1,4.185,2.885,533.71,1788.44,2843.6,129.6
1235.95,4.132,2.825,462.61,1659.08,2705.22,92.5
1458.86,4.175,3.054,648.3,2027.42,2972.5,163.7
1154.83,4.053,2.783,393.79,1491.25,2503.61,58.8
1319.84,4.148,2.811,510.94,1715.75,2801.04,107.9
1453.48,4.222,3.006,597.03,1954.96,2951.89,158.5
1085.73,3.987,2.74,308.54,1307.61,2383.87,18.3
1439.98,4.167,2.979,643.47,1910.02,2950.57,159.4
1300.47,4.132,2.822,503.02,1795.9,2727.57,117.3
1092.54,3.962,2.688,259.77,1326.41,2447.64,12.5
1128.54,4.054,2.76,362.75,1451.31,2569.94,51.9
1309.46,4.163,2.895,530.64,1767.86,2772.4,120.7
1000.63,3.977,2.686,302.05,1307.04,2292.16,12.4
1305.2,4.115,2.772,455.4,1684.35,2735.42,99.4
1156.88,4.052,2.728,379.12,1520.46,2584.82,59.5
1291.36,4.154,2.857,469.59,1648.11,2743.25,105.9
1031.34,3.989,2.756,278.76,1349.48,2341.36,8.7
1454.21,4.204,2.951,579.39,1903.0,2845.06,148.3
1480.62,4.183,3.072,639.47,1960.22,3005.69,165.5
1541.13,4.209,2.995,599.98,2002.33,2911.26,164.7
1367.18,4.153,2.874,561.48,1777.31,2839.33,127.7
1096.9,4.016,2.645,319.91,1356.46,2439.8,23.0
1388.48,4.134,2.908,527.95,1778.32,2821.87,129.1
1025.81,4.003,2.665,276.41,1317.79,2330.67,5.2
1011.05,3.987,2.71,280.8,1329.64,2238.34,4.7
1163.54,4.045,2.745,382.58,1510.46,2502.85,55.7
1245.29,4.123,2.865,442.18,1610.51,2631.89,83.6
1360.43,4.163,2.956,546.67,1785.69,2777.88,131.2
1333.57,4.147,2.799,502.76,1745.01,2834.38,116.5
1242.99,4.076,2.81,424.39,1592.45,2591.11,76.4
1184.47,4.045,2.726,334.97,1446.87,2487.85,47.2
1519.74,4.194,3.097,630.45,1984.11,3069.36,169.5
1249.32,4.087,2.747,407.44,1537.74,2649.75,73.0
1198.96,4.098,2.837,406.37,1567.12,2696.21,77.3
1102.16,4.025,2.753,328.27,1344.59,2484.05,28.7
1421.12,4.141,2.871,539.71,1850.69,2886.9,135.3
1312.35,4.151,2.866,543.94,1767.96,2758.04,118.2
1097.21,4.038,2.74,327.35,1430.46,2412.21,38.3
1093.84,3.98,2.726,330.11,1323.03,2410.98,14.9
1303.6,4.091,2.866,482.89,1738.93,2759.34,116.0
1281.17,4.134,2.881,532.75,1728.43,2669.58,111.6
1170.75,4.032,2.746,374.72,1451.06,2523.69,47.2
1502.41,4.198,3.027,639.54,1966.43,2975.45,161.7
1090.05,4.007,2.679,307.27,1435.06,2372.61,26.5
1204.52,4.084,2.788,414.91,1570.12,2668.9,74.1
1457.5,4.181,3.036,620.55,1938.47,2926.37,160.5
1206.76,4.114,2.828,413.81,1559.33,2693.66,71.9
1346.08,4.144,2.857,515.49,1710.78,2805.17,108.9
1195.3,4.101,2.777,417.98,1536.19,2630.07,68.2
1187.15,4.049,2.789,363.78,1446.98,2482.56,47.3
1468.54,4.213,3.045,657.65,2008.08,2995.89,167.3
1194.34,4.079,2.817,429.44,1579.58,2608.28,70.2
1431.86,4.207,2.962,593.92,1945.15,2915.58,152.1
1086.25,4.038,2.739,343.15,1467.36,2477.91,39.9
1102.17,4.008,2.701,379.24,1411.42,2535.33,37.0
1039.81,3.958,2.656,289.24,1252.76,2317.2,6.3
1326.36,4.161,2.886,491.91,1794.35,2779.81,111.1
1230.1,4.078,2.824,395.3,1462.78,2547.52,63.3
1436.6,4.183,2.951,605.58,1885.04,2843.81,147.1
1253.87,4.12,2.795,445.1,1562.28,2683.06,81.0
1483.8,4.16,3.057,633.6,1987.35,2994.27,164.6
1135.98,4.023,2.737,347.43,1374.79,2486.99,32.4
1487.27,4.168,2.878,595.07,1932.5,2871.39,147.8
1391.29,4.168,2.935,550.02,1835.61,2821.83,132.2
1350.2,4.138,2.862,545.29,1869.69,2858.6,131.3
1400.69,4.144,2.937,583.23,1883.39,2924.29,143.8
1376.85,4.126,2.885,539.45,1851.67,2883.79,129.6
1311.79,4.145,2.828,492.67,1683.9,2740.21,106.8
1088.3,4.004,2.717,321.06,1396.22,2431.65,23.2
1041.45,3.987,2.721,271.47,1296.66,2417.56,6.5
1456.05,4.196,2.985,606.31,1945.79,2930.23,156.6
1279.65,4.106,2.887,484.02,1737.24,2748.99,105.2
1398.61,4.123,2.96,588.4,1855.3,2854.51,135.6
1275.48,4.06,2.848,434.92,1587.33,2654.63,82.4
1090.46,4.015,2.71,321.76,1342.59,2457.68,20.8
1081.65,4.027,2.699,352.27,1330.85,2383.67,22.2
1356.32,4.13,2.867,491.31,1781.88,2750.91,116.9
1195.43,4.09,2.822,396.02,1563.98,2646.72,73.7
1087.82,4.001,2.763,331.22,1400.28,2518.01,34.9
1215.27,4.063,2.728,435.98,1624.38,2594.71,84.1
1039.76,4.05,2.71,298.73,1314.62,2353.5,11.9
1267.67,4.137,2.762,466.93,1719.03,2726.8,99.4
1160.86,4.063,2.746,346.08,1484.44,2505.14,46.5
1377.24,4.145,2.898,575.54,1866.16,2866.61,135.8
1129.16,4.051,2.732,371.28,1477.22,2533.78,53.5
1265.09,4.086,2.821,445.64,1613.46,2599.1,77.9
1010.21,4.02,2.67,272.15,1302.01,2229.79,3.0
1050.12,4.014,2.702,333.97,1290.73,2371.45,13.2
1198.24,4.084,2.75,380.86,1540.08,2577.11,67.3
1199.93,4.088,2.804,436.54,1604.77,2585.36,82.1
1318.1,4.132,2.868,466.51,1742.06,2699.26,102.4
1156.72,4.058,2.726,372.48,1464.04,2554.17,50.3
1374.38,4.137,2.891,504.07,1781.9,2783.16,118.5
1405.72,4.156,2.947,555.45,1931.08,2911.34,146.4
1382.21,4.152,2.908,541.8,1803.41,2806.13,132.8
1033.81,3.978,2.685,319.17,1313.78,2374.49,7.7
1235.22,4.091,2.826,421.96,1671.3,2734.51,82.2
1023.41,4.015,2.729,321.65,1301.89,2414.97,18.7
1121.47,3.994,2.737,356.03,1424.06,2502.86,41.9
1456.83,4.193,3.058,637.07,1997.8,3000.88,167.7
1084.56,3.997,2.74,355.82,1385.2,2392.58,25.1
1184.27,4.105,2.824,438.92,1628.29,2696.35,85.3
1250.02,4.133,2.836,491.02,1726.9,2733.89,105.5
1359.75,4.129,2.91,523.06,1810.84,2865.06,119.7
1253.49,4.119,2.852,489.78,1669.28,2770.54,95.6
996.05,4.005,2.752,264.41,1283.47,2309.51,2.7
1188.31,4.055,2.714,417.1,1518.77,2572.5,56.2
1254.8,4.13,2.834,473.33,1696.88,2647.17,88.5
1074.47,3.995,2.74,315.0,1355.52,2429.24,15.8
1163.43,4.094,2.797,400.82,1549.06,2522.82,60.3
1097.21,3.994,2.686,290.0,1253.96,2355.98,6.6
1033.7,3.991,2.663,308.6,1325.92,2397.32,14.3
1232.64,4.067,2.826,413.68,1514.19,2620.0,68.1
1069.93,3.997,2.701,308.61,1368.12,2371.62,23.4
1229.7,4.125,2.82,491.92,1716.22,2722.67,96.9
1344.65,4.103,2.932,519.92,1724.57,2795.86,117.5
1398.6,4.186,2.877,564.33,1898.88,2817.72,136.3
1074.08,4.014,2.755,329.78,1413.35,2503.63,34.8
1063.21,4.043,2.701,350.27,1418.0,2499.88,29.3
1059.01,4.014,2.686,313.22,1379.58,2396.18,18.7
1314.27,4.13,2.856,487.71,1783.86,2745.86,108.6
1279.59,4.127,2.897,507.1,1793.44,2784.16,120.4
1055.89,4.005,2.722,290.55,1273.93,2446.79,6.3
1452.0,4.189,3.028,603.55,1980.88,2993.66,159.2
1004.57,3.973,2.677,303.91,1233.48,2330.33,9.8
1281.66,4.085,2.786,470.89,1627.07,2622.96,92.5
1342.1,4.128,2.867,518.54,1760.52,2783.54,120.8
1458.98,4.158,2.962,595.87,1837.23,2894.5,148.2
1356.25,4.165,2.873,544.77,1832.21,2814.25,121.7
1391.3,4.159,2.807,560.1,1887.5,2865.67,136.5
1158.65,4.047,2.71,386.2,1523.57,2596.35,58.4
1410.39,4.152,2.915,568.31,1886.95,2764.51,138.7
1039.11,3.998,2.73,300.18,1343.33,2399.08,14.5
1420.27,4.172,2.939,597.47,1944.54,2963.43,152.2
1276.47,4.084,2.844,450.1,1696.75,2619.03,93.5
1396.03,4.146,2.879,575.72,1816.05,2839.84,139.1
1215.98,4.101,2.802,425.77,1617.55,2607.15,77.4
1336.38,4.129,2.861,507.36,1763.15,2776.29,109.8
1248.0,4.098,2.83,469.07,1625.76,2660.02,90.0
1354.77,4.144,2.856,517.83,1787.85,2814.6,124.6
1035.09,4.007,2.658,294.68,1310.09,2347.04,14.8
1052.07,4.0,2.722,311.49,1328.5,2367.02,11.2
1129.68,4.053,2.696,353.74,1457.48,2463.46,42.8
1105.39,4.033,2.698,331.53,1391.7,2395.22,28.0
1414.54,4.142,2.994,593.94,1877.98,2917.49,148.3
1097.22,4.034,2.74,334.51,1467.71,2504.66,38.0
1506.25,4.165,3.047,646.56,1963.77,2993.87,165.9
1167.6,4.074,2.783,390.66,1524.83,2539.85,57.9
1069.9,4.045,2.744,322.08,1424.83,2485.71,31.8
1417.61,4.144,2.91,555.15,1787.18,2837.32,134.5
1274.38,4.126,2.832,502.69,1750.52,2763.13,112.3
1256.75,4.053,2.888,454.6,1660.68,2704.29,85.2
1233.42,4.127,2.816,482.14,1664.11,2678.94,94.9
1395.1,4.156,2.891,528.42,1812.48,2785.89,122.5
1074.1,4.062,2.751,326.43,1412.56,2506.01,39.6
1526.74,4.229,3.059,659.21,2028.77,2957.55,169.4
1483.8,4.17,3.022,671.45,1946.28,3030.7,165.7
1303.41,4.145,2.9,511.8,1733.61,2683.12,110.9
1104.73,4.062,2.708,338.49,1450.12,2459.96,34.7
1343.64,4.103,2.879,518.88,1791.84,2754.93,116.0
1023.57,4.003,2.729,316.51,1288.06,2385.9,13.2
1008.79,3.99,2.687,294.4,1293.05,2403.39,6.2
1141.86,4.062,2.741,380.66,1435.08,2449.5,44.5
1177.37,4.04,2.826,413.54,1632.86,2577.27,79.2
1412.51,4.209,2.946,585.1,1896.05,2955.47,147.7
1428.11,4.141,2.822,538.67,1795.92,2803.74,123.9
1336.0,4.165,2.936,548.61,1817.58,2820.25,126.5
1231.13,4.079,2.758,409.14,1534.5,2597.79,72.9
1150.79,4.073,2.773,383.17,1523.57,2540.42,59.5
1189.72,4.022,2.733,388.48,1501.98,2535.29,63.7
1509.41,4.19,3.039,633.17,1975.69,2981.79,167.9
1061.25,4.017,2.682,303.15,1292.42,2317.36,7.8
1421.44,4.178,2.955,590.06,1911.85,2948.66,147.5
1326.3,4.079,2.806,492.8,1657.77,2689.85,98.8
1193.9,4.084,2.85,405.57,1566.05,2669.71,75.1
1356.95,4.126,2.884,528.65,1799.77,2838.42,123.6
1237.72,4.075,2.831,450.23,1656.32,2609.62,83.2
1401.86,4.143,2.953,598.56,1915.35,2870.46,148.6
1437.66,4.192,3.0,588.86,1957.06,2922.89,153.2
1204.69,4.102,2.723,433.3,1504.51,2576.59,72.3
1123.34,4.091,2.728,368.55,1509.38,2479.03,47.8
1344.41,4.085,2.821,507.31,1665.85,2754.84,101.1
1430.24,4.197,2.962,608.5,1913.85,2950.69,155.2
1134.42,4.052,2.749,363.42,1478.93,2513.6,36.6
1320.14,4.11,2.864,484.97,1719.18,2699.15,106.3
1302.72,4.105,2.847,490.14,1697.91,2674.55,107.7
1333.56,4.123,2.885,541.62,1777.58,2787.79,124.9
1051.77,4.008,2.788,296.37,1325.39,2454.79,23.2
1333.25,4.145,2.89,496.89,1783.43,2780.14,122.0
1404.73,4.208,2.909,598.86,1919.47,3002.9,154.6
1066.42,4.051,2.749,316.96,1419.6,2422.4,31.4
1079.65,4.009,2.756,320.68,1490.73,2505.7,41.1
1517.59,4.178,3.065,648.08,1940.13,2979.27,165.2
1107.53,4.055,2.744,324.99,1418.28,2366.19,31.6
1439.24,4.155,2.915,579.99,1841.67,2873.54,145.4
1249.01,4.093,2.832,443.31,1631.84,2672.68,84.2
1125.16,4.009,2.745,365.16,1410.64,2486.92,42.8
1464.98,4.196,2.983,596.48,1859.78,2893.65,148.2
1196.54,4.046,2.839,427.38,1661.58,2615.03,76.3
1247.87,4.066,2.809,456.51,1699.52,2674.75,88.0
1190.22,4.087,2.796,386.97,1502.72,2454.98,61.7
1250.66,4.153,2.868,468.09,1749.07,2699.33,101.2
1161.98,4.02,2.727,296.77,1387.34,2400.61,28.6
1187.02,4.072,2.837,414.94,1505.33,2612.94,67.1
1486.38,4.212,3.059,625.76,1995.69,3009.25,164.8
1157.24,4.051,2.727,390.84,1481.85,2502.88,44.6
1338.71,4.121,2.866,514.62,1761.59,2769.52,112.0
1156.91,4.049,2.787,397.27,1449.35,2460.51,56.0
1379.62,4.121,2.961,561.44,1791.98,2808.22,131.7
1033.08,4.023,2.734,329.65,1394.53,2397.12,23.1
1469.15,4.192,3.037,643.37,1941.96,2974.85,164.9
1228.77,4.077,2.833,435.9,1621.69,2627.3,77.7
1127.16,4.02,2.733,356.66,1427.25,2403.4,40.9
1077.24,3.989,2.673,295.63,1278.58,2412.19,13.4
1084.23,4.039,2.745,315.74,1353.19,2396.19,29.7
1212.94,4.117,2.803,457.64,1652.3,2581.4,88.8
1187.76,4.055,2.845,406.34,1523.38,2580.26,58.0
1441.76,4.156,2.937,572.32,1915.1,2845.97,141.1
1227.43,4.064,2.81,421.52,1575.36,2639.75,73.8
1117.56,4.062,2.723,338.31,1440.88,2420.05,43.0
1321.91,4.121,2.882,481.28,1763.71,2721.87,105.3
1427.24,4.146,2.876,505.08,1751.05,2760.5,120.4
1088.96,4.033,2.719,315.2,1382.41,2451.03,29.2
1053.53,4.02,2.72,334.25,1405.55,2400.08,29.3
1016.97,3.976,2.656,293.53,1276.58,2364.53,7.2
1372.54,4.125,2.88,547.37,1811.79,2802.33,125.5
1279.32,4.152,2.877,517.84,1744.39,2743.49,113.2
1230.04,4.076,2.754,421.73,1640.15,2677.54,81.2
1423.58,4.159,2.968,551.72,1867.34,2971.09,143.7
1431.82,4.137,2.91,550.13,1831.46,2851.99,137.2
1312.66,4.089,2.841,465.22,1744.01,2685.56,99.9
1448.73,4.157,2.883,599.44,1923.83,2903.91,147.7
1048.77,4.068,2.739,353.73,1449.97,2465.48,35.8
1085.73,4.028,2.68,315.38,1378.72,2326.9,19.9
1148.63,4.037,2.737,375.93,1441.2,2463.29,46.6
1046.36,4.025,2.652,338.61,1288.2,2302.07,10.6
1209.92,4.099,2.791,453.74,1618.46,2633.7,90.8
1445.16,4.214,2.991,617.77,1933.55,3014.47,159.3
1003.54,4.044,2.687,282.54,1341.23,2259.1,7.6
1016.61,4.037,2.74,323.87,1359.74,2420.34,21.6
1215.01,4.088,2.738,443.86,1618.2,2611.62,77.4
1443.13,4.2,2.992,612.57,1973.4,2964.24,158.8
1217.49,4.058,2.756,374.15,1541.79,2488.2,54.4
1237.3,4.06,2.796,438.86,1653.64,2645.19,86.7
1065.97,3.987,2.668,278.52,1313.08,2400.99,8.0
1038.86,4.003,2.752,328.94,1339.26,2404.7,26.1
1479.23,4.184,3.114,646.43,2047.83,3047.19,167.7
1482.86,4.229,2.971,633.48,2004.82,2866.98,164.1
996.11,4.015,2.66,313.14,1295.24,2349.4,1.8
1462.47,4.199,2.979,634.09,1968.95,2968.5,161.9
1301.44,4.141,2.844,479.89,1672.57,2695.48,109.0
1421.08,4.135,2.988,600.49,1910.67,2945.86,147.7
1262.67,4.101,2.811,422.61,1575.91,2598.19,77.9
1255.04,4.118,2.808,444.83,1586.45,2678.5,88.1
1244.62,4.048,2.805,437.38,1601.8,2611.69,83.6
1334.49,4.146,2.852,503.27,1753.75,2751.47,113.7
1089.71,3.992,2.739,328.37,1383.55,2445.31,24.6
1026.83,3.958,2.719,324.25,1263.67,2438.47,6.1
1140.11,4.082,2.774,371.77,1447.11,2493.51,53.0
1344.6,4.118,2.81,524.0,1765.58,2847.6,120.1
1130.02,4.019,2.732,346.82,1431.78,2512.11,35.1
1352.51,4.152,2.858,502.47,1727.61,2801.85,114.8
1477.1,4.188,3.058,630.25,1963.27,3009.98,164.9
1074.37,4.007,2.714,325.69,1347.21,2358.42,16.9
1319.07,4.128,2.88,502.18,1726.17,2737.0,114.7
1211.91,4.091,2.777,410.47,1523.75,2601.81,76.0
1415.21,4.168,2.978,617.85,1907.51,2920.04,147.7
1085.88,4.031,2.762,317.6,1345.39,2429.99,30.9
1367.74,4.126,2.822,531.07,1775.58,2759.53,118.1
1413.13,4.173,2.895,575.13,1868.64,2860.69,142.6
1472.4,4.195,3.026,606.63,1950.14,2949.72,160.6
1293.21,4.172,2.862,508.42,1725.61,2817.43,116.5
1228.92,4.087,2.838,439.63,1612.37,2613.64,85.0
1290.12,4.117,2.852,463.91,1683.94,2761.19,105.4
1406.73,4.177,2.971,597.85,1984.2,2930.9,147.8
1273.12,4.13,2.807,475.19,1651.54,2685.6,97.4
1018.34,3.976,2.704,287.41,1330.45,2356.49,6.1
1463.45,4.188,3.002,625.84,1929.49,2999.94,158.3
1335.65,4.085,2.849,519.64,1770.66,2774.33,117.5
1302.04,4.127,2.895,530.79,1753.92,2747.55,115.3
1097.16,4.058,2.677,331.45,1419.16,2429.24,37.4
1318.86,4.114,2.865,500.01,1734.7,2732.65,112.4
1217.21,4.077,2.74,421.34,1555.86,2618.77,67.6
1319.45,4.117,2.825,509.5,1776.23,2758.96,111.1
1043.92,3.996,2.739,279.98,1316.13,2331.05,19.0
1326.37,4.148,2.825,478.95,1686.79,2815.93,112.2
1542.36,4.179,3.056,649.74,1974.63,2992.37,169.9
1059.25,4.007,2.715,322.25,1314.94,2375.64,9.1
1500.86,4.201,3.004,633.09,1973.36,3008.34,166.1
1211.84,4.059,2.813,420.58,1603.95,2562.54,69.8
1464.46,4.176,2.971,593.48,1942.77,2861.94,148.2
1407.96,4.136,2.884,563.25,1819.36,2811.99,133.2
1284.97,4.12,2.858,484.99,1719.38,2696.26,96.8
1384.69,4.119,2.831,550.56,1812.55,2838.16,125.8
1405.64,4.168,2.97,609.25,1884.26,2991.02,149.5
1154.84,4.071,2.744,400.66,1552.13,2629.96,69.3
1160.73,4.082,2.746,381.36,1495.54,2463.64,56.3
1323.09,4.133,2.848,515.62,1724.98,2766.27,113.8
1381.0,4.179,2.957,572.51,1833.25,2777.09,137.5
1391.11,4.161,2.884,555.13,1831.39,2875.35,129.8
1342.69,4.169,2.912,534.51,1832.67,2853.24,135.8
1193.83,4.076,2.777,438.86,1569.63,2616.64,74.6
1387.81,4.182,2.894,543.95,1853.63,2865.46,139.2
1025.28,4.009,2.682,307.26,1354.18,2407.19,21.3
1297.07,4.07,2.831,463.4,1684.24,2661.38,93.0
985.16,3.988,2.687,285.34,1258.26,2332.3,2.0
1140.98,4.068,2.784,404.09,1506.53,2502.59,55.9
1197.58,4.036,2.764,379.36,1483.66,2580.35,62.9
1204.83,4.056,2.773,401.66,1534.42,2599.51,68.0
1307.97,4.112,2.895,489.42,1728.57,2810.48,118.5
1202.19,4.088,2.766,406.46,1593.21,2579.6,66.7
1220.66,4.118,2.75,422.43,1591.51,2665.63,76.8
1175.04,4.037,2.765,335.91,1426.39,2555.07,41.1
1188.12,4.08,2.753,418.87,1481.74,2511.91,64.1
1108.67,4.049,2.739,367.46,1391.91,2424.8,39.4
1025.18,4.038,2.684,305.88,1353.27,2366.15,13.4
1270.33,4.104,2.811,499.88,1710.35,2710.7,103.0
1301.04,4.126,2.805,506.7,1704.3,2791.79,113.9
1331.26,4.114,2.855,499.7,1668.42,2758.68,105.7
1220.92,4.09,2.696,443.78,1653.54,2646.04,79.3
1195.18,4.121,2.814,385.44,1579.12,2511.27,65.2
1462.29,4.172,2.978,595.5,1903.37,2913.92,146.9
1188.32,4.083,2.786,453.57,1641.65,2745.68,88.7
1259.96,4.068,2.85,421.12,1604.33,2665.3,82.0
1028.54,4.022,2.754,272.14,1258.43,2338.85,5.3
1174.16,4.045,2.757,395.86,1537.12,2576.5,58.7
1160.53,4.084,2.787,397.39,1532.89,2543.35,65.3
1171.03,4.061,2.784,386.06,1573.86,2607.17,68.4
1289.55,4.087,2.878,482.6,1670.52,2712.14,99.0
1313.98,4.115,2.776,470.44,1659.59,2635.68,91.2
1316.25,4.106,2.835,466.95,1688.58,2741.63,103.7
1403.47,4.159,2.927,547.26,1821.89,2840.46,130.3
1392.54,4.171,2.946,590.22,1880.09,2903.88,138.4
1332.39,4.152,2.879,514.44,1768.65,2812.11,122.4
1455.57,4.185,3.055,655.37,2026.03,2977.64,162.5
1011.95,4.009,2.698,284.38,1273.93,2342.56,4.1
1047.15,4.014,2.733,340.37,1414.59,2459.81,34.1
1001.74,3.944,2.71,265.36,1325.7,2375.14,2.3
1297.12,4.141,2.853,479.53,1775.67,2787.33,110.4
1438.96,4.182,2.97,594.32,1935.11,2892.36,152.8
1122.63,4.03,2.717,369.69,1451.32,2481.27,42.1
1468.35,4.155,3.076,652.11,1945.49,2893.47,157.7
1040.89,3.963,2.686,340.18,1359.8,2424.07,11.2
1448.85,4.187,3.016,618.45,1977.85,2927.02,158.9
1118.96,4.098,2.825,386.54,1551.29,2528.32,60.4
1043.93,4.01,2.668,298.23,1395.63,2464.72,18.1
1206.89,4.085,2.822,455.62,1627.92,2625.32,83.1
1136.87,4.044,2.745,349.76,1440.23,2457.19,44.4
1160.48,4.094,2.805,366.17,1482.45,2540.32,49.1
1171.31,4.07,2.729,384.54,1489.21,2528.64,52.9
1410.95,4.14,2.894,570.01,1842.94,2829.01,136.7
1253.75,4.104,2.818,449.32,1640.61,2698.66,92.1
1136.61,4.063,2.743,376.98,1506.76,2556.78,53.6
1273.71,4.098,2.828,476.7,1723.9,2767.97,104.1
1308.68,4.156,2.941,514.82,1762.35,2815.61,122.0
1157.07,4.032,2.752,350.38,1472.89,2541.27,47.1
1192.44,4.047,2.76,391.09,1611.11,2634.25,70.9
1035.73,4.018,2.701,324.45,1337.96,2386.77,21.6
1071.48,4.027,2.739,333.3,1441.58,2513.01,31.6
1306.62,4.133,2.877,496.19,1730.87,2807.62,116.1
1093.34,4.014,2.709,318.58,1411.55,2500.69,31.7
1276.93,4.088,2.767,434.63,1589.15,2670.18,89.8
1333.99,4.162,2.876,515.25,1797.12,2834.48,120.8
1004.28,4.022,2.707,331.48,1343.64,2406.21,19.1
1266.22,4.091,2.809,458.82,1620.9,2743.07,96.9
1121.22,4.006,2.782,368.94,1438.15,2478.28,44.4
1473.59,4.174,3.038,656.51,2024.17,2952.24,163.7
1214.4,4.095,2.807,440.58,1629.61,2696.89,82.7
1399.05,4.147,2.907,553.02,1854.25,2876.52,137.2
1264.18,4.092,2.875,461.27,1676.7,2731.99,94.0
1033.75,3.989,2.662,295.65,1338.21,2296.81,8.3
1314.19,4.122,2.835,520.22,1767.29,2716.72,108.0
1462.05,4.206,2.995,601.92,1953.52,2945.63,161.8
1275.85,4.117,2.848,498.83,1716.15,2779.45,102.7
1435.16,4.163,2.944,543.93,1875.13,2926.22,139.4
1449.77,4.171,2.919,610.28,1913.68,2923.89,150.4
1133.23,4.029,2.717,345.38,1427.05,2495.25,39.5
1136.19,4.053,2.747,373.87,1469.75,2472.04,36.8
1305.86,4.134,2.823,495.81,1713.14,2693.99,104.3
1218.84,4.118,2.771,420.88,1524.1,2601.07,70.5
1372.27,4.179,2.94,564.77,1789.45,2853.86,142.9
1449.54,4.169,2.94,632.12,1951.25,2916.0,153.1
1164.3,4.047,2.776,434.72,1506.95,2550.97,60.7
1158.36,4.06,2.758,384.47,1434.13,2547.91,41.0
1403.28,4.138,2.908,538.75,1843.83,2855.7,132.9
1117.48,4.065,2.791,363.61,1538.75,2490.95,47.4
1411.81,4.148,2.948,553.71,1904.09,2902.73,140.0
1205.8,4.087,2.785,407.59,1562.87,2580.82,72.6
1332.71,4.109,2.852,512.08,1768.95,2878.64,113.8
1030.38,4.027,2.76,322.21,1324.59,2405.0,17.1
1308.18,4.097,2.827,498.69,1737.94,2643.74,106.4
1209.17,4.091,2.786,400.83,1565.01,2593.97,77.3
1287.59,4.11,2.822,475.81,1692.84,2789.4,100.1
1068.38,4.028,2.735,340.65,1398.05,2441.89,29.4
1342.52,4.137,2.956,549.98,1767.2,2800.66,125.5
1453.49,4.163,2.954,595.21,1876.44,2921.93,146.8
1081.3,4.04,2.725,355.28,1359.62,2404.86,37.6
1031.49,3.991,2.713,307.75,1331.4,2349.04,17.2
1025.05,3.976,2.653,294.82,1328.3,2283.89,5.0
1289.04,4.118,2.847,536.52,1788.06,2740.23,109.5
1268.63,4.11,2.892,502.31,1747.14,2795.62,103.6
1263.41,4.085,2.842,466.77,1646.65,2714.2,93.4
1076.63,4.058,2.775,363.67,1435.1,2497.74,40.2
1161.02,4.066,2.808,406.44,1544.2,2558.75,67.1
1335.8,4.111,2.816,480.43,1686.84,2753.87,101.5
1247.94,4.068,2.864,457.12,1651.27,2625.47,85.0
1474.46,4.239,3.001,635.42,1973.94,2983.41,167.9
1083.49,4.068,2.726,321.41,1413.75,2445.14,24.1
1349.69,4.121,2.81,498.28,1771.71,2787.89,118.5
1217.34,4.1,2.73,421.59,1520.87,2630.76,69.3
1200.53,4.079,2.816,434.34,1569.93,2602.23,73.4
1371.53,4.173,2.86,536.94,1798.68,2860.75,122.3
1283.15,4.143,2.908,514.23,1794.84,2805.98,118.0
1468.67,4.2,2.996,645.33,2015.82,2958.7,168.5
1073.73,3.968,2.712,323.16,1355.26,2387.87,22.7
1067.67,3.995,2.673,330.2,1332.85,2384.56,18.6
1327.83,4.143,2.873,546.18,1841.27,2849.32,123.4
1282.92,4.116,2.878,451.71,1682.14,2785.27,98.7
1117.36,4.024,2.802,353.08,1430.47,2447.34,47.3
1042.24,3.993,2.719,313.11,1314.31,2361.66,14.4
1077.37,4.02,2.657,288.32,1277.18,2430.29,15.5
1463.96,4.15,2.929,616.25,1869.28,2925.01,152.1
1071.84,4.034,2.734,336.08,1391.93,2445.63,33.4
1128.7,4.084,2.736,393.02,1474.9,2562.76,55.6
1101.65,4.046,2.757,351.58,1411.07,2421.2,39.3
1168.93,4.072,2.819,391.54,1544.08,2585.28,61.0
1028.59,3.965,2.672,287.4,1351.43,2382.74,12.7
1273.29,4.083,2.787,442.82,1603.22,2679.49,88.7
1052.97,4.046,2.666,301.46,1380.74,2412.51,12.4
1400.76,4.146,2.908,559.88,1849.61,2860.19,136.3
1083.37,4.065,2.74,364.16,1436.75,2481.39,40.5
1286.69,4.092,2.821,449.16,1629.6,2692.99,92.3
1363.03,4.169,2.984,595.85,1898.31,2835.65,149.7
1333.71,4.137,2.868,523.81,1795.54,2802.91,111.0
1277.41,4.105,2.816,468.5,1615.8,2704.74,91.1
1144.76,4.067,2.762,384.3,1507.46,2562.03,55.8
1191.34,4.044,2.765,363.75,1489.24,2559.86,57.3
1320.76,4.108,2.861,487.99,1694.18,2828.0,114.1
1498.26,4.181,3.048,656.87,1949.36,3004.49,169.0
1326.92,4.119,2.824,516.66,1761.12,2759.88,112.9
1345.91,4.103,2.83,436.27,1614.62,2628.44,95.3
1387.52,4.165,2.871,543.7,1757.04,2764.53,124.5
1238.82,4.09,2.814,423.02,1623.98,2623.02,79.6
1018.4,4.013,2.702,294.97,1340.06,2368.33,11.2
1272.06,4.111,2.827,480.48,1671.35,2677.25,96.0
1455.93,4.169,3.045,641.7,1931.73,2961.64,162.8
1110.18,4.028,2.683,333.63,1361.08,2404.64,30.6
1336.37,4.138,2.923,527.09,1724.0,2825.4,117.6
1072.59,4.048,2.665,337.57,1410.01,2446.5,35.0
1257.48,4.082,2.862,445.39,1669.55,2730.09,91.6
1035.1,3.971,2.714,330.5,1330.7,2378.06,17.3
1217.99,4.089,2.778,446.03,1615.23,2639.68,77.1
1345.77,4.156,2.852,534.02,1861.54,2851.48,128.8
1166.87,4.06,2.748,382.51,1527.48,2562.44,59.7
1338.76,4.131,2.856,520.15,1707.47,2726.38,113.4
1386.67,4.175,2.919,549.64,1845.46,2845.92,135.4
1449.6,4.176,3.032,629.07,1984.14,2866.82,157.7
1120.52,4.035,2.741,338.23,1418.23,2546.1,40.7
1207.57,4.076,2.79,403.91,1532.56,2456.38,68.5
1052.15,3.999,2.73,342.84,1415.18,2459.26,26.8
1502.28,4.195,3.054,632.02,1951.06,2999.16,168.7
1492.21,4.183,2.983,608.16,1949.35,2880.31,157.7
1271.82,4.137,2.817,464.42,1634.79,2696.16,92.3
1414.37,4.161,2.955,552.86,1865.27,2847.21,143.3
1264.19,4.104,2.787,452.83,1690.63,2690.17,89.0
1310.36,4.14,2.831,508.0,1700.1,2740.15,106.4
1072.03,3.993,2.717,322.37,1342.01,2392.72,16.1
1316.18,4.176,2.863,542.57,1843.51,2817.38,128.6
1030.51,4.053,2.718,321.06,1325.82,2462.35,22.6
1429.46,4.163,2.911,595.38,1891.18,2839.91,140.6
1343.25,4.144,2.922,574.98,1819.29,2823.44,133.2
1352.57,4.172,2.918,522.89,1739.29,2793.55,120.8
1022.62,4.015,2.678,284.81,1288.34,2344.37,7.1
1121.06,4.056,2.778,388.57,1486.49,2480.94,52.2
1136.77,4.075,2.752,379.64,1464.02,2419.61,45.5
1176.99,4.093,2.758,415.45,1502.12,2578.68,61.9
1105.33,4.003,2.706,317.73,1330.89,2395.66,15.8
1449.16,4.192,3.035,616.08,1909.3,3024.73,159.3
1300.29,4.118,2.819,438.91,1642.16,2745.18,94.6
1155.85,4.056,2.795,405.57,1445.44,2530.46,52.6
1172.53,4.046,2.776,431.44,1548.26,2562.22,68.1
1232.69,4.066,2.751,413.51,1561.3,2668.19,76.6
1301.65,4.089,2.835,484.57,1759.86,2692.9,102.5
1246.52,4.109,2.768,446.48,1647.2,2705.02,88.1
1461.73,4.159,2.973,614.59,1888.74,2887.15,156.4
1221.63,4.099,2.796,436.93,1599.79,2735.29,85.0
1474.94,4.235,3.118,656.78,2014.97,2951.87,168.7
1436.98,4.198,2.989,566.86,1892.75,2858.31,144.9
1098.4,3.998,2.735,339.47,1372.08,2386.69,36.2
1459.26,4.16,3.028,631.69,1922.55,2936.35,158.3
1071.57,4.0,2.7,287.78,1375.94,2419.06,20.7
1406.36,4.139,2.881,573.97,1870.69,2850.73,139.1
1145.7,4.038,2.791,393.54,1556.34,2542.68,65.3
1464.55,4.174,2.967,619.61,1897.31,2858.15,149.4
1430.03,4.187,2.922,596.0,1872.42,2920.51,147.7
1388.51,4.179,2.891,552.65,1812.53,2894.57,137.2
1395.89,4.147,2.939,579.55,1867.27,2862.43,134.5
1152.58,4.049,2.705,376.55,1544.01,2554.94,52.5
1068.96,4.015,2.721,308.99,1341.19,2329.49,14.7
1205.31,4.073,2.772,422.79,1582.97,2567.95,69.1
1106.81,4.044,2.741,325.48,1371.35,2431.62,30.3
1369.18,4.145,2.902,540.46,1766.78,2842.1,118.4
1187.6,4.056,2.74,398.68,1512.82,2605.9,59.5
1482.29,4.158,3.001,629.24,1992.57,3014.93,165.9
1279.76,4.155,2.897,490.87,1729.68,2785.01,109.3
1444.12,4.149,2.924,552.63,1946.69,2846.53,140.0
1065.44,4.026,2.725,326.8,1391.52,2416.49,23.4
1411.89,4.133,2.974,585.78,1932.48,2838.5,146.7
1413.51,4.184,2.956,619.79,1948.25,2977.6,156.9
1240.24,4.095,2.831,413.81,1551.26,2639.98,83.3
1294.06,4.121,2.86,476.03,1715.22,2812.35,103.5
1333.92,4.211,2.944,532.52,1852.6,2849.1,130.3
1100.76,4.015,2.769,342.37,1438.02,2410.3,30.5
1226.81,4.113,2.811,435.95,1624.21,2649.5,85.9
1257.1,4.085,2.802,415.04,1508.78,2565.12,68.4
1063.02,4.008,2.72,318.34,1368.22,2398.3,25.7
1164.5,4.084,2.776,421.68,1486.31,2568.54,63.1
1022.65,4.002,2.668,304.12,1362.99,2330.18,12.5
1059.17,4.014,2.686,305.09,1309.89,2339.29,5.4
1063.18,4.059,2.662,321.27,1353.94,2335.15,23.8
1461.19,4.195,3.017,647.03,1993.59,2981.03,163.8
1279.85,4.1,2.862,450.76,1704.36,2661.84,93.9
1446.32,4.214,3.047,633.79,1996.95,2922.53,164.2
1221.37,4.109,2.792,412.84,1635.9,2642.11,74.1
1194.42,4.039,2.751,406.61,1464.12,2461.27,53.7
1255.16,4.088,2.794,428.46,1658.0,2687.85,86.5
1225.01,4.096,2.763,453.34,1537.15,2636.63,75.3
1081.84,4.011,2.734,293.62,1406.27,2358.84,18.9
1350.5,4.106,2.806,508.34,1749.09,2743.18,109.3
1137.53,4.047,2.688,338.4,1413.17,2478.6,37.5
1308.02,4.134,2.872,492.86,1676.91,2749.01,105.7
1335.11,4.12,2.862,498.42,1717.98,2797.09,110.9
1057.51,4.024,2.721,315.58,1372.94,2454.6,26.7
1061.12,3.993,2.706,302.61,1326.31,2406.54,11.4
1355.07,4.132,2.967,547.64,1831.27,2895.56,132.9
1209.53,4.077,2.798,438.08,1576.44,2636.12,78.7
963.34,4.005,2.708,285.4,1352.43,2351.4,10.8
1507.14,4.169,3.132,654.73,1945.02,2991.62,169.1
1024.15,3.995,2.697,313.34,1334.65,2349.11,10.8
1363.23,4.138,2.924,517.16,1773.04,2848.97,118.5
1500.58,4.22,2.984,622.69,1987.08,2958.43,167.2
1145.54,4.035,2.705,381.02,1459.19,2528.8,41.4
1048.41,3.996,2.698,332.1,1354.07,2399.55,25.0
1092.64,4.012,2.73,308.06,1336.93,2449.14,21.5
1198.67,4.043,2.809,383.17,1476.04,2555.39,52.3
1077.26,4.023,2.691,287.75,1330.55,2389.88,18.1
1353.73,4.129,2.9,535.28,1758.22,2799.46,118.0
1046.34,3.95,2.767,333.53,1342.06,2321.37,11.5
1229.47,4.171,2.858,459.85,1634.49,2688.17,87.1
1517.17,4.202,3.064,633.44,1998.32,3035.62,169.4
1360.22,4.163,2.948,538.03,1863.85,2925.78,138.6
1284.39,4.089,2.854,507.8,1698.46,2723.77,105.0
1103.1,4.026,2.736,374.53,1513.91,2616.31,52.8
1281.61,4.12,2.86,484.83,1731.72,2729.95,106.4
1267.21,4.108,2.802,471.46,1644.11,2658.99,90.1
1215.34,4.094,2.791,408.7,1537.36,2602.15,73.0
1071.89,4.023,2.674,333.08,1405.59,2404.84,23.1
1441.35,4.153,2.908,599.5,1932.26,2864.68,150.8
1166.79,4.035,2.785,429.64,1605.28,2579.55,77.0
1088.65,4.03,2.739,365.5,1460.69,2404.82,33.9
1158.45,4.057,2.738,390.03,1550.83,2578.98,63.2
1180.61,4.052,2.8,404.66,1561.37,2660.63,71.0
1420.12,4.181,2.93,570.6,1851.9,2854.82,140.9
1333.94,4.113,2.906,516.37,1779.82,2812.22,125.0
1359.05,4.164,2.93,563.17,1831.4,2809.41,131.0
969.08,3.965,2.73,299.29,1315.52,2358.27,2.9
1190.68,4.081,2.803,413.93,1593.6,2612.83,71.3
1201.83,4.11,2.794,423.4,1569.51,2683.02,82.3
1026.53,3.988,2.697,248.33,1319.64,2297.02,4.2
1102.79,4.079,2.815,349.12,1445.65,2495.72,44.9
1372.03,4.188,2.927,541.92,1798.69,2826.21,129.5
1069.7,4.025,2.719,295.07,1381.61,2408.59,24.2
1297.0,4.114,2.814,494.47,1673.57,2722.39,91.5
1119.35,4.057,2.716,353.7,1386.8,2444.58,37.4
975.7,4.005,2.654,295.71,1293.76,2314.6,3.0
1086.71,4.05,2.792,353.43,1393.04,2453.11,41.8
1487.83,4.184,3.05,650.04,2004.99,3069.69,165.9
1367.99,4.125,2.878,558.1,1814.2,2825.64,136.5
1403.13,4.164,3.013,629.16,1974.31,2995.95,163.2
1265.9,4.141,2.843,460.69,1604.62,2595.7,83.4
1079.79,4.021,2.697,331.9,1335.07,2415.73,19.5
1274.43,4.101,2.798,461.6,1599.13,2645.22,93.6
1200.94,4.111,2.806,457.91,1549.58,2633.98,77.8
1424.87,4.153,2.957,579.6,1877.77,2905.52,143.7
1039.31,4.023,2.694,304.43,1316.46,2386.49,17.6
1237.46,4.095,2.787,441.66,1606.33,2679.0,83.5
1055.8,4.032,2.733,331.96,1355.78,2442.61,26.4
1193.63,4.052,2.727,364.96,1491.33,2513.34,55.9
1318.15,4.126,2.872,543.26,1763.06,2839.59,125.6
1257.27,4.074,2.798,467.06,1592.81,2651.59,81.4
1180.21,4.054,2.796,414.39,1527.67,2613.33,64.5
1175.65,4.074,2.766,416.49,1549.75,2529.47,67.7
1222.71,4.056,2.813,436.59,1540.45,2635.81,78.6
1400.8,4.13,2.944,540.7,1836.53,2856.28,133.7
1474.26,4.18,2.949,586.6,1883.17,2910.92,151.8
1482.81,4.188,3.109,632.12,1924.31,3011.62,162.5
1361.2,4.159,2.952,550.04,1873.36,2825.33,134.0
1152.91,4.056,2.767,358.06,1515.08,2562.93,54.3
1377.32,4.185,2.864,510.76,1778.86,2757.39,117.3
1241.85,4.085,2.774,428.38,1572.94,2669.63,75.0
1147.0,4.037,2.793,368.68,1433.55,2510.0,44.0
1432.19,4.169,2.942,566.84,1921.98,2828.39,143.1
1049.83,4.02,2.652,294.2,1308.66,2395.44,7.5
1474.35,4.178,2.919,612.03,1897.0,2954.93,153.4
1208.09,4.101,2.8,411.09,1566.8,2636.34,79.0
1272.04,4.132,2.855,484.3,1733.9,2726.11,108.7
1318.89,4.123,2.831,504.39,1730.51,2732.61,112.4
1421.31,4.18,2.921,589.24,1949.85,2948.09,152.3
1279.27,4.156,2.792,490.76,1726.34,2689.69,108.6
1276.18,4.124,2.821,524.28,1671.4,2708.83,104.8
1106.03,3.985,2.69,280.31,1379.19,2396.56,12.3
1250.36,4.093,2.834,472.16,1607.07,2614.89,88.6
1087.92,3.98,2.715,332.6,1342.8,2369.64,26.4
1326.88,4.148,2.92,517.62,1796.65,2840.81,125.6
1197.85,4.124,2.83,458.7,1647.18,2656.31,87.6
1307.36,4.106,2.882,513.51,1729.47,2847.56,116.0
1069.62,4.003,2.725,313.89,1327.63,2339.9,8.0
1059.75,4.029,2.663,318.05,1320.66,2318.63,15.3
1361.42,4.163,2.864,530.32,1856.72,2850.89,122.1
1064.6,4.032,2.774,299.88,1336.98,2319.06,13.2
1031.01,3.969,2.645,321.77,1293.88,2331.3,13.0
1056.39,4.004,2.681,281.66,1266.13,2319.14,3.0
1459.81,4.161,3.028,609.2,1981.0,2976.56,162.6
1392.64,4.125,2.832,507.57,1774.86,2835.25,125.6
1179.85,4.081,2.745,373.89,1517.46,2598.26,60.7
1098.26,4.056,2.814,385.59,1539.12,2418.77,51.1
1148.46,4.079,2.772,385.79,1536.44,2519.79,60.1
1332.36,4.134,2.887,539.77,1845.01,2887.71,131.9
1347.28,4.159,2.866,498.88,1801.97,2732.35,112.8
1093.27,4.044,2.71,350.59,1380.51,2445.36,32.3
1033.4,4.045,2.776,344.25,1395.22,2493.9,30.4
1066.44,3.99,2.678,314.53,1335.47,2382.85,17.6
1304.22,4.153,2.844,495.96,1722.86,2756.93,112.6
1334.47,4.144,2.855,541.22,1811.76,2831.95,130.2
1170.84,4.034,2.737,361.32,1444.49,2552.23,45.8
1027.93,4.008,2.686,276.57,1273.31,2274.3,4.5
1042.97,4.02,2.74,305.73,1324.85,2450.43,14.9
1471.98,4.176,2.995,621.14,1955.38,2968.82,164.6
1104.67,4.094,2.768,378.67,1489.0,2507.41,50.9
1341.51,4.188,2.904,556.26,1794.43,2809.21,131.0
1331.71,4.134,2.79,507.76,1745.83,2697.78,106.6
1170.2,4.08,2.754,406.12,1561.76,2485.57,65.5
1103.32,4.041,2.709,347.93,1430.66,2509.77,35.8
1015.57,3.986,2.763,306.34,1346.26,2316.32,21.5
1261.78,4.122,2.86,486.55,1709.53,2734.57,104.9
1392.22,4.155,2.908,536.0,1823.4,2827.68,131.9
1318.76,4.114,2.725,472.94,1730.33,2767.97,109.8
1296.59,4.096,2.76,451.21,1606.14,2599.37,90.6
1067.35,3.952,2.718,288.33,1310.08,2319.26,8.1
1476.55,4.171,3.05,644.79,1985.25,2997.29,164.7
1401.56,4.176,2.892,546.99,1888.67,2869.2,136.0
1133.4,4.087,2.754,414.53,1447.24,2492.76,50.5
1540.11,4.177,3.04,633.64,1948.85,2990.34,166.6
1316.87,4.121,2.845,481.15,1728.06,2796.62,102.7
1282.69,4.135,2.822,466.26,1638.93,2758.07,99.4
1368.02,4.137,2.917,552.01,1850.82,2866.1,127.4
1432.81,4.174,2.954,563.72,1890.73,2892.75,138.2
1330.19,4.128,2.829,488.76,1756.26,2772.06,111.9
1108.48,4.042,2.679,293.36,1319.02,2382.06,22.6
1107.08,4.036,2.74,396.0,1504.43,2552.0,58.2
1471.4,4.163,2.991,627.21,1942.66,3029.19,157.8
1098.15,4.044,2.747,355.57,1438.94,2510.48,39.0
1221.43,4.071,2.796,395.64,1549.7,2558.21,63.9
1244.2,4.08,2.818,414.88,1553.13,2529.04,74.0
1209.83,4.094,2.802,433.92,1612.68,2648.1,75.3
1332.08,4.101,2.85,484.95,1722.3,2772.67,104.6
1512.75,4.161,3.051,641.03,1971.13,2939.11,160.4
1119.96,4.031,2.74,354.03,1434.63,2457.72,41.7
1128.53,4.009,2.731,316.88,1371.74,2327.07,21.5
1098.41,4.027,2.74,347.51,1347.37,2505.82,34.4
1431.91,4.202,2.956,620.17,1924.5,2905.66,150.9
1331.93,4.141,2.849,516.91,1780.66,2767.98,110.1
1129.37,4.062,2.791,369.34,1496.06,2470.73,49.3
1401.06,4.166,2.92,563.1,1878.34,2815.7,138.9
1458.61,4.162,2.936,570.04,1916.19,2964.55,146.6
1415.82,4.151,2.916,592.14,1917.95,2878.97,144.1
1412.44,4.159,2.995,586.64,1931.19,2914.21,156.3
1132.39,4.03,2.728,384.77,1478.86,2608.25,43.6
1349.25,4.148,2.906,555.86,1826.12,2871.39,128.6
1240.69,4.064,2.802,418.59,1597.91,2603.2,78.8
1430.31,4.17,2.923,598.28,1918.74,2920.94,143.3
1389.57,4.139,2.843,540.55,1771.84,2749.66,124.1
1400.62,4.145,2.874,559.11,1809.03,2833.84,132.2
1342.8,4.151,2.832,499.32,1667.89,2731.08,111.9
1073.81,3.979,2.695,344.06,1370.11,2458.97,31.0
1280.07,4.097,2.835,439.42,1643.8,2755.44,93.1
1540.59,4.15,3.113,643.92,1986.56,2921.68,167.4
1447.8,4.192,2.981,611.42,1964.88,3031.2,159.4
1079.27,4.015,2.685,291.91,1334.19,2383.09,8.3
1071.39,3.999,2.705,321.58,1349.52,2393.86,28.9
1049.75,3.994,2.741,312.38,1370.29,2372.62,23.3
1358.88,4.109,2.897,550.63,1761.09,2783.56,123.7
1417.81,4.163,2.923,547.99,1819.91,2840.22,139.2
1128.97,4.029,2.697,353.07,1432.37,2432.88,37.1
1216.81,4.091,2.781,429.22,1631.65,2590.09,86.5
1423.07,4.159,2.94,599.08,1892.04,2882.76,143.1
1337.89,4.125,2.893,540.5,1813.09,2846.67,124.8
1221.37,4.127,2.82,438.56,1640.51,2664.31,92.6
1259.17,4.12,2.856,482.81,1722.93,2731.78,100.8
1223.3,4.074,2.774,436.66,1602.86,2709.37,86.9
1156.49,4.039,2.763,377.28,1449.07,2462.66,51.3
1298.62,4.092,2.835,448.25,1683.52,2676.01,96.5
1295.46,4.163,2.841,534.79,1769.33,2726.64,117.4
1438.66,4.188,2.935,563.39,1877.85,2856.86,148.6
1276.04,4.122,2.872,483.42,1698.91,2805.54,108.5
1385.58,4.184,2.864,529.5,1828.37,2815.96,129.6
1067.53,4.054,2.795,336.16,1393.68,2449.19,28.1
1193.26,4.083,2.814,422.75,1565.56,2639.36,79.0
1040.56,3.985,2.687,284.0,1266.11,2359.07,2.6
1106.07,4.035,2.734,347.8,1418.13,2494.34,42.7
1343.83,4.124,2.908,510.97,1727.35,2816.75,123.8
1439.89,4.233,3.05,642.82,2034.55,2935.05,168.6
1081.04,3.992,2.697,292.79,1352.25,2391.61,17.8
1211.68,4.092,2.824,381.48,1588.6,2593.21,68.9
1390.59,4.172,2.901,571.38,1837.21,2825.08,136.2
1063.86,4.028,2.736,325.4,1386.99,2377.22,35.5
1295.15,4.143,2.802,486.29,1638.09,2705.77,94.8
1338.51,4.113,2.894,555.46,1769.64,2865.96,124.9
1283.89,4.118,2.862,500.92,1693.37,2666.51,105.1
1152.91,4.021,2.778,321.99,1358.77,2442.56,32.8
1152.18,4.085,2.74,424.98,1509.64,2471.93,61.1
1400.37,4.162,2.865,519.87,1816.83,2877.62,133.5
1278.54,4.072,2.816,450.87,1689.9,2742.76,94.7
1028.68,4.017,2.67,298.14,1298.82,2324.12,1.9
1376.84,4.16,2.898,556.99,1805.4,2861.03,129.6
1040.48,3.978,2.71,283.14,1316.83,2350.45,7.0
1368.58,4.14,2.96,527.6,1772.54,2786.8,127.0
1100.08,4.008,2.718,340.27,1377.2,2453.55,35.2
1514.29,4.188,2.949,629.61,1964.59,2970.04,162.9
1142.75,4.071,2.765,390.38,1533.16,2563.89,63.2
1182.29,4.053,2.772,408.47,1497.06,2557.02,56.3
1098.88,4.013,2.69,316.84,1419.27,2428.54,26.2
1164.54,4.023,2.763,398.52,1506.97,2520.1,52.6
1459.59,4.181,2.959,600.89,1935.74,2889.55,149.2
1495.62,4.161,3.083,663.61,1980.55,3017.46,169.4
1129.01,4.069,2.796,375.12,1540.33,2587.16,63.2
1211.57,4.049,2.791,440.94,1556.13,2631.09,76.8
1324.66,4.143,2.899,544.6,1765.72,2776.3,123.0
1418.57,4.176,2.907,588.98,1921.94,2876.51,150.8
1252.67,4.123,2.808,491.54,1665.39,2748.74,101.2
1174.57,4.09,2.768,383.32,1523.04,2549.89,67.2
1181.46,4.098,2.753,405.72,1574.67,2586.26,70.7
1276.31,4.104,2.872,536.53,1744.99,2729.23,118.6
1035.62,3.991,2.677,282.35,1310.25,2344.42,1.5
1352.54,4.161,2.832,485.07,1705.15,2690.15,105.7
1184.98,4.068,2.795,414.26,1516.14,2509.69,61.1
1382.26,4.14,2.915,530.22,1849.47,2819.17,135.2
1053.43,4.009,2.674,307.86,1336.91,2403.27,16.7
1270.8,4.106,2.817,475.98,1696.93,2709.78,100.4
1231.1,4.068,2.825,425.18,1583.13,2620.5,82.3
1307.59,4.143,2.859,518.5,1646.72,2821.29,109.6
1022.13,4.016,2.737,288.75,1279.77,2388.34,12.0
1319.3,4.086,2.858,460.38,1668.85,2633.19,99.0
1230.89,4.107,2.815,429.76,1683.71,2665.38,95.9
1285.62,4.097,2.869,483.19,1733.15,2620.64,95.8
1286.42,4.085,2.886,477.88,1681.95,2709.68,103.0
1373.43,4.104,2.812,506.45,1734.03,2819.86,115.3
1401.6,4.134,2.919,560.87,1860.22,2876.07,137.0
1122.02,4.046,2.731,382.75,1468.11,2494.56,46.6
1397.6,4.154,2.919,596.76,1873.0,2860.97,140.4
1238.17,4.076,2.783,417.42,1615.44,2670.33,85.2
1019.62,3.999,2.675,298.96,1270.88,2307.77,14.0
1021.39,4.018,2.726,283.57,1323.89,2358.47,10.9
1115.46,4.068,2.728,382.68,1504.96,2553.81,57.5
1359.33,4.175,2.911,554.26,1787.23,2801.42,133.6
1344.33,4.134,2.836,498.1,1794.35,2764.16,120.6
1391.88,4.188,2.948,562.71,1859.6,2933.61,134.3
1196.92,4.106,2.814,443.64,1653.6,2691.49,88.4
1205.95,4.073,2.813,434.24,1569.21,2550.15,75.4
1091.8,4.024,2.725,327.11,1384.25,2392.27,25.9
1153.25,4.035,2.754,358.27,1475.21,2541.85,56.5
1190.61,4.076,2.791,429.57,1535.44,2706.5,74.3
1042.67,4.018,2.751,289.15,1335.04,2418.79,16.0
1095.76,4.05,2.709,330.7,1382.45,2514.62,38.3
1270.4,4.108,2.762,476.05,1691.87,2741.15,102.1
1360.86,4.199,2.864,530.98,1796.28,2779.37,125.3
1556.76,4.196,3.047,622.94,1974.19,3062.66,169.7
1444.06,4.152,3.022,617.49,2006.34,2988.15,158.7
1300.68,4.15,2.848,496.65,1710.57,2806.36,109.6
1199.14,4.091,2.811,413.93,1574.26,2673.61,72.2
1288.22,4.129,2.852,470.16,1718.08,2813.23,108.5
1410.26,4.146,2.909,558.1,1863.65,2852.25,133.8
1006.13,4.024,2.717,327.26,1347.93,2413.86,21.0
1181.82,4.109,2.827,391.69,1521.81,2605.64,70.3
1432.18,4.171,2.94,562.74,1889.0,2927.09,142.9
1175.58,4.042,2.809,414.67,1496.24,2593.66,65.9
1252.69,4.042,2.861,494.46,1651.13,2713.16,97.6
1292.12,4.122,2.83,474.31,1672.9,2713.91,100.3
1116.23,4.01,2.725,331.19,1388.61,2440.98,32.2
1178.2,4.065,2.759,398.45,1515.68,2577.91,62.2
1140.18,4.045,2.802,406.47,1493.8,2599.19,57.5
1038.78,3.979,2.664,278.71,1300.29,2303.8,5.4
1016.51,3.981,2.67,283.64,1274.8,2343.46,5.1
1425.99,4.151,2.922,567.75,1883.43,2898.21,141.6
1169.55,4.064,2.714,344.65,1438.47,2572.33,47.1
1181.65,4.111,2.796,463.46,1599.36,2653.64,88.6
1146.75,4.029,2.788,378.18,1447.61,2492.07,51.5
1423.45,4.166,3.019,592.83,1941.61,3019.57,160.0
1187.38,4.053,2.732,361.29,1483.31,2517.25,44.8
1192.69,4.102,2.812,443.74,1573.06,2594.33,73.6
1448.2,4.194,3.015,597.23,1887.87,2954.74,148.5
1411.99,4.147,2.945,603.85,1876.97,2816.35,143.3
1074.2,4.05,2.77,330.03,1367.59,2445.87,32.5
1368.78,4.123,2.942,577.57,1797.13,2876.28,136.6
1257.58,4.083,2.787,448.66,1564.66,2654.06,78.4
1253.7,4.102,2.809,436.76,1580.63,2614.16,82.6
1120.37,3.978,2.731,316.3,1440.15,2379.27,23.6
1051.04,4.05,2.682,323.43,1390.31,2439.51,14.6
1359.69,4.17,2.806,540.2,1849.39,2814.13,124.0
1229.63,4.108,2.782,457.06,1585.33,2662.69,84.9
1200.62,4.063,2.725,427.55,1631.66,2586.94,74.8
1327.26,4.142,2.863,531.54,1771.85,2777.86,124.3
1374.27,4.167,2.849,546.22,1869.62,2816.43,130.4
1062.86,4.002,2.748,324.8,1398.55,2477.72,27.9
1303.38,4.115,2.807,491.42,1674.92,2708.49,104.1
1076.83,4.038,2.732,320.37,1419.09,2404.78,23.9
1371.93,4.118,2.917,545.5,1858.08,2893.98,128.0
1357.82,4.135,2.879,491.75,1707.35,2850.6,112.0
1474.75,4.156,2.958,617.48,1976.06,2911.47,162.7
1063.76,3.987,2.735,312.34,1266.79,2285.15,12.7
1091.24,3.993,2.712,306.0,1305.12,2333.79,10.6
1169.21,4.06,2.774,362.41,1458.41,2473.06,48.7
1156.24,4.032,2.8,382.89,1443.57,2517.57,45.2
1113.21,4.045,2.766,345.2,1494.02,2488.09,42.7
1453.59,4.167,2.938,614.35,1887.34,2930.35,154.2
1089.06,4.033,2.762,365.2,1440.72,2525.44,43.2
1144.44,4.073,2.703,366.34,1485.59,2420.22,47.0
1375.81,4.127,2.896,564.01,1776.21,2810.23,129.3
1214.5,4.1,2.779,450.33,1561.73,2620.11,77.0
1403.75,4.153,2.905,534.94,1862.18,2888.07,132.3
1013.17,3.993,2.656,268.42,1362.85,2365.45,12.0
1272.89,4.069,2.763,432.18,1602.41,2666.76,83.4
1052.93,3.975,2.681,278.79,1327.15,2333.76,6.7
1040.48,3.99,2.694,295.21,1367.4,2364.27,11.6
1444.23,4.177,2.961,635.16,1915.34,2923.93,154.2
1086.24,4.032,2.76,364.64,1395.82,2407.62,24.5
1291.81,4.096,2.83,441.75,1635.16,2683.65,91.0
1198.2,4.072,2.795,415.67,1520.07,2656.58,70.5
1169.68,4.062,2.755,393.46,1515.7,2572.44,59.7
1444.78,4.189,2.928,610.14,1915.15,2922.89,153.1
1070.16,4.009,2.692,269.68,1265.84,2360.76,4.7
1310.21,4.102,2.915,524.87,1734.06,2777.07,113.2
1478.73,4.187,3.028,646.85,1964.74,2998.29,163.8
1304.01,4.133,2.86,459.15,1676.4,2683.67,95.7
1468.38,4.16,3.033,639.83,1982.16,2976.2,159.3
1066.41,4.004,2.715,277.18,1345.01,2379.52,9.8
1176.49,4.075,2.792,389.6,1563.55,2547.14,71.8
1121.59,4.034,2.715,365.71,1438.36,2482.04,45.0
1391.1,4.176,2.88,539.74,1834.41,2808.6,124.5
1472.58,4.197,3.033,638.99,1982.45,2974.09,166.8
1121.33,4.075,2.754,377.18,1434.35,2453.87,44.4
1320.95,4.128,2.815,492.68,1742.22,2664.37,111.6
1074.74,4.042,2.714,360.2,1357.31,2497.13,34.5
1259.63,4.098,2.84,480.11,1657.71,2616.27,96.5
1223.49,4.077,2.777,458.93,1582.29,2713.49,79.4
1485.45,4.202,3.003,610.62,1954.54,2971.27,165.3
1323.49,4.127,2.818,477.47,1714.84,2705.53,103.8
1205.61,4.076,2.759,377.58,1549.43,2495.31,60.1
1042.21,4.023,2.64,328.37,1405.89,2333.72,20.3
1082.11,3.996,2.697,351.4,1365.32,2389.14,26.6
1128.2,4.022,2.765,345.07,1422.26,2481.79,39.1
1160.55,4.061,2.752,367.78,1428.03,2547.79,43.4
1435.52,4.13,2.953,605.18,1900.94,2835.39,144.8
1275.21,4.114,2.772,471.64,1612.78,2714.5,95.8
1266.04,4.098,2.803,463.15,1629.62,2600.49,89.5
1080.74,4.032,2.708,287.17,1364.31,2364.32,20.4
1399.51,4.179,2.96,611.12,1873.37,2923.98,146.4
1354.65,4.129,2.916,525.53,1775.35,2769.31,123.2
1080.79,3.991,2.73,343.25,1353.78,2431.06,12.4
1336.88,4.129,2.859,511.18,1775.31,2829.97,120.6
1262.47,4.116,2.804,467.23,1691.76,2707.98,92.9
1044.06,3.962,2.747,319.64,1382.53,2356.32,14.8
1160.14,4.09,2.785,391.45,1610.29,2595.89,78.5
1231.15,4.075,2.771,465.14,1604.61,2630.09,82.9
1093.08,4.03,2.717,343.35,1437.5,2444.47,29.0
1456.81,4.196,3.044,602.93,1882.04,2972.6,160.8
1388.34,4.135,2.913,588.79,1837.76,2864.16,144.6
1300.09,4.126,2.85,513.87,1771.24,2744.29,114.1
1239.0,4.091,2.771,428.39,1671.46,2571.34,79.1
1245.29,4.079,2.812,403.6,1581.62,2690.36,70.6
1347.46,4.125,2.865,500.26,1740.29,2725.16,111.0
1226.56,4.081,2.849,473.74,1643.31,2622.06,93.2
1063.46,3.983,2.747,313.97,1337.13,2266.24,11.5
1227.5,4.071,2.766,448.75,1668.15,2640.3,87.6
1379.27,4.171,2.896,568.09,1873.64,2883.33,137.3
1206.89,4.085,2.783,427.4,1596.93,2626.99,78.6
1055.51,4.001,2.7,284.13,1344.59,2351.36,9.8
1407.12,4.121,2.924,555.34,1845.09,2882.51,133.9
1098.44,4.033,2.716,332.13,1429.62,2481.53,35.0
1124.01,4.058,2.724,346.31,1482.83,2460.48,44.7
1096.68,3.989,2.751,295.6,1361.3,2444.18,28.8
1172.45,4.049,2.778,378.56,1502.89,2547.14,56.8
1396.96,4.118,2.906,555.7,1817.1,2809.45,128.9
1215.32,4.091,2.749,469.5,1602.37,2728.98,88.8
1102.92,4.016,2.768,350.94,1384.03,2429.44,35.6
1405.61,4.182,2.961,575.88,1886.82,2892.94,149.4
1431.99,4.178,2.952,593.76,1938.19,2898.18,149.6
1422.71,4.199,2.927,574.84,1894.18,2948.11,148.1
1116.1,4.04,2.721,383.55,1443.92,2526.66,41.4
1194.63,4.092,2.767,420.65,1598.56,2679.8,77.3
1454.37,4.186,2.989,635.71,2007.25,3020.63,167.5
1323.23,4.13,2.878,564.09,1840.21,2839.58,131.5
1024.49,4.014,2.645,291.15,1299.19,2380.98,5.6
1032.52,4.03,2.699,318.57,1318.24,2382.7,12.0
1203.78,4.102,2.763,414.14,1631.25,2629.39,79.4
1482.54,4.184,2.997,610.43,1914.91,2918.99,154.7
1235.38,4.084,2.77,465.92,1693.21,2678.01,92.0
1272.38,4.118,2.843,403.97,1605.67,2638.16,85.1
1100.6,4.025,2.735,303.94,1340.81,2411.0,18.8
1267.08,4.169,2.826,494.36,1760.3,2756.51,112.0
1404.53,4.14,2.923,572.15,1934.05,2897.37,139.9
1171.35,4.088,2.749,397.04,1480.83,2598.38,65.3
1304.7,4.164,2.922,556.19,1853.86,2846.33,132.1
1443.96,4.186,3.076,630.29,1986.56,2957.49,164.0
1121.31,4.061,2.767,361.11,1402.36,2423.46,35.4
1299.83,4.109,2.794,484.27,1652.03,2670.16,89.4
1161.33,4.032,2.755,347.96,1437.46,2527.24,49.5
1394.71,4.154,2.958,559.33,1817.13,2803.22,135.0
1275.51,4.093,2.847,489.23,1693.6,2640.12,98.6
1346.66,4.114,2.881,484.32,1692.39,2745.02,108.2
1443.02,4.172,2.934,565.28,1849.27,2825.47,135.8
1173.91,4.094,2.781,401.35,1530.01,2628.92,67.9
1402.71,4.187,2.978,596.64,1920.61,2993.79,155.7
1201.63,4.088,2.782,440.95,1680.56,2640.6,91.1
1115.24,4.032,2.698,292.77,1349.79,2361.16,27.7
1334.72,4.151,2.845,521.62,1767.1,2814.67,118.6
1391.42,4.117,2.902,562.6,1855.58,2866.25,135.1
1107.36,4.06,2.762,365.94,1501.89,2551.09,54.5
1402.27,4.166,2.941,582.16,1872.05,2932.55,145.9
1440.4,4.199,2.98,586.1,1938.29,2918.71,154.1
1139.38,4.057,2.769,375.13,1435.49,2500.77,47.8
1480.77,4.206,3.035,636.45,1972.56,3021.15,167.2
1048.92,4.011,2.739,336.19,1420.78,2435.64,24.8
1081.56,4.033,2.765,338.52,1433.95,2540.5,35.1
1123.68,4.049,2.74,323.04,1402.69,2458.5,32.1
1447.25,4.177,2.949,594.35,1931.49,2937.37,152.1
1329.89,4.131,2.886,525.21,1713.02,2798.58,111.6
1057.22,3.992,2.734,359.5,1389.21,2508.01,26.7
1135.6,4.082,2.81,399.97,1567.96,2647.01,75.4
1281.8,4.079,2.89,500.96,1691.02,2725.34,105.0
1029.17,3.998,2.726,291.14,1330.86,2353.34,15.1
1443.54,4.177,3.006,585.92,1891.07,2925.65,150.1
1474.48,4.174,2.913,566.61,1853.29,2821.17,136.8
1257.92,4.077,2.797,453.28,1640.63,2688.05,86.4
1549.95,4.201,3.06,624.08,1966.25,2989.27,164.4
1213.01,4.108,2.755,423.79,1479.86,2623.95,71.6
1475.32,4.184,3.105,660.49,1961.57,2917.95,167.3
1330.24,4.1,2.901,518.9,1714.86,2826.47,113.9
1349.16,4.13,2.853,480.4,1733.81,2705.15,108.3
1131.35,4.002,2.759,325.59,1368.28,2384.25,29.0
1420.16,4.159,2.978,610.23,1893.71,2838.13,150.0
1209.7,4.099,2.749,441.32,1597.53,2585.57,73.2
1048.29,4.063,2.698,312.07,1364.23,2438.25,28.4
1042.51,3.974,2.698,292.22,1293.65,2328.8,3.1
1306.05,4.093,2.831,477.21,1649.2,2726.99,95.6
1252.33,4.093,2.855,433.17,1630.07,2728.28,90.1
1331.35,4.13,2.89,543.89,1750.72,2862.04,122.6
1448.09,4.216,2.925,632.47,1899.49,2914.3,151.5
1059.59,3.997,2.687,316.54,1347.1,2371.25,14.4
1356.37,4.136,2.908,542.04,1765.77,2810.42,124.6
1099.31,4.063,2.673,327.57,1383.32,2432.36,32.7
1417.3,4.182,2.902,579.43,1956.27,2983.52,146.0
1425.49,4.182,2.913,560.32,1868.48,2888.24,139.4
1276.3,4.086,2.848,445.82,1664.08,2706.6,92.4
1318.73,4.129,2.871,521.28,1760.03,2828.63,121.0
1125.77,4.036,2.772,384.05,1523.73,2582.29,54.1
1217.78,4.106,2.8,420.73,1639.75,2630.05,80.6
1420.39,4.187,2.921,565.91,1844.58,2897.99,139.9
1222.15,4.075,2.777,434.1,1627.12,2654.72,78.6
1154.81,4.059,2.794,362.22,1563.14,2500.5,61.5
1241.76,4.088,2.769,456.17,1558.13,2635.29,84.5
1397.24,4.133,2.922,577.13,1893.55,2875.47,141.0
1182.54,4.048,2.798,389.76,1484.14,2587.3,57.7
1097.29,4.043,2.702,351.99,1435.25,2579.46,30.4
1336.34,4.122,2.832,539.7,1756.12,2785.16,121.3
1410.08,4.166,2.864,582.08,1884.24,2861.32,140.6
1090.86,3.986,2.728,316.96,1293.29,2408.87,18.0
1103.5,4.038,2.762,355.11,1474.23,2414.86,41.5
1085.45,4.01,2.707,316.3,1376.12,2347.24,25.0
1164.59,4.039,2.728,376.23,1554.75,2550.77,59.8
1224.88,4.101,2.789,431.95,1567.18,2603.52,77.1
1347.04,4.164,2.928,546.57,1814.12,2872.42,127.6
1315.75,4.108,2.818,503.47,1780.45,2746.27,111.0
1325.4,4.117,2.878,469.39,1711.79,2688.39,105.9
1144.97,4.066,2.717,352.31,1532.02,2518.53,60.6
1379.37,4.131,2.901,580.42,1898.78,2938.62,143.2
1191.91,4.062,2.803,406.12,1557.13,2610.12,80.6
1458.99,4.221,3.069,645.21,1968.11,2971.83,166.5
1319.26,4.102,2.894,523.92,1756.45,2737.51,108.2
1033.59,4.043,2.744,325.29,1301.88,2384.9,22.3
1318.32,4.105,2.912,504.7,1786.98,2790.43,115.3
1171.38,4.072,2.766,367.3,1482.32,2611.82,55.9
1341.39,4.128,2.85,506.65,1822.64,2807.19,117.0
1035.49,4.002,2.737,303.22,1338.46,2403.48,12.8
1094.22,4.065,2.766,351.08,1372.23,2401.97,30.6
1423.0,4.145,2.971,587.84,1918.09,2915.73,145.6
1106.55,4.051,2.755,346.86,1475.02,2530.14,39.4
1404.97,4.177,2.975,587.79,1892.57,2878.77,142.5
1191.13,4.117,2.76,390.05,1454.65,2510.07,48.2
1329.03,4.104,2.853,502.81,1771.91,2786.11,109.6
1397.01,4.124,2.893,521.3,1738.94,2851.65,118.3
1231.73,4.115,2.826,423.78,1665.67,2714.74,87.6
1144.82,4.051,2.782,356.0,1413.9,2476.97,52.6
1072.5,4.026,2.73,324.32,1425.57,2479.17,36.9
1009.97,4.017,2.721,290.55,1284.4,2322.25,6.6
1193.88,4.049,2.781,363.47,1444.02,2513.91,52.4
1300.97,4.11,2.863,494.7,1775.52,2710.42,111.4
1513.51,4.202,2.975,609.33,1887.71,2946.89,159.6
1397.62,4.181,2.989,581.06,1942.04,2877.44,148.2
1346.12,4.145,2.864,519.96,1774.71,2833.1,130.5
1375.75,4.149,2.881,560.41,1869.18,2874.51,134.2
1318.45,4.112,2.866,517.31,1721.75,2781.9,113.4
1149.85,4.06,2.67,362.82,1396.25,2532.94,45.0
1459.64,4.173,3.021,613.67,1914.55,2916.69,154.3
1312.57,4.116,2.864,516.06,1766.31,2706.93,114.4
1264.22,4.083,2.872,472.83,1641.28,2763.48,95.7
1054.34,4.022,2.765,328.5,1360.83,2419.96,19.8
1189.77,4.074,2.788,442.83,1607.01,2646.74,76.6
1196.77,4.047,2.837,453.39,1640.64,2653.51,78.8
1450.8,4.148,2.916,560.66,1897.34,2917.23,147.1
1215.06,4.101,2.835,468.28,1693.16,2729.93,93.4
1221.77,4.067,2.761,383.53,1564.38,2551.82,65.3
1478.39,4.19,3.058,660.49,1979.18,3015.59,166.1
1042.89,4.007,2.737,316.71,1387.26,2412.11,19.7
1219.54,4.05,2.781,420.46,1595.64,2611.7,72.4
1070.94,3.983,2.712,297.67,1302.01,2332.73,8.1
1386.67,4.169,2.918,540.14,1822.43,2831.68,126.0
1466.9,4.204,2.987,637.73,1944.67,2935.32,156.2
1162.75,4.061,2.826,386.75,1485.0,2544.99,48.3
1378.82,4.18,2.94,610.92,1947.17,2884.16,146.1
1128.0,4.07,2.802,369.21,1452.9,2477.68,50.4
1427.55,4.159,3.011,577.91,1938.53,2961.22,154.9
1396.71,4.149,2.839,553.98,1812.5,2915.53,128.4
1383.45,4.137,2.962,547.28,1873.69,2876.31,137.0
1045.2,3.973,2.723,283.75,1277.56,2330.67,4.0
1492.54,4.2,3.024,632.12,1954.1,3045.94,163.7
1330.28,4.162,2.895,531.61,1789.17,2831.0,123.8
1132.02,4.051,2.77,385.9,1500.01,2521.36,52.5
1438.47,4.197,2.971,560.57,1854.92,2951.45,141.2
1116.86,4.054,2.738,378.04,1389.95,2482.24,48.6
1432.67,4.158,3.0,590.25,1873.15,2899.2,148.5
1043.42,3.993,2.679,355.3,1396.53,2412.67,20.0
1332.07,4.159,2.822,498.42,1820.33,2909.97,119.9
1256.69,4.107,2.838,460.97,1638.97,2649.21,92.4
1036.7,4.025,2.745,320.78,1397.25,2343.09,17.3
1094.62,3.989,2.735,349.73,1432.36,2494.29,41.9
1028.97,3.999,2.622,279.01,1241.38,2392.35,3.1
1201.87,4.079,2.754,452.59,1592.7,2673.74,80.2
1124.85,4.026,2.768,387.71,1505.09,2498.04,51.9
1262.91,4.115,2.838,468.87,1679.01,2679.37,102.1
1141.36,4.075,2.792,351.53,1498.62,2496.05,51.2
1168.11,4.099,2.757,383.48,1490.39,2528.23,51.7
1398.12,4.151,2.869,543.18,1794.9,2836.44,126.6
1018.15,3.987,2.706,306.2,1334.34,2346.72,9.1
1499.76,4.164,3.002,604.34,1961.71,2922.55,153.6
1393.33,4.188,2.982,597.11,1891.5,2887.51,145.0
1348.57,4.111,2.859,531.93,1764.91,2796.7,113.9
1265.78,4.128,2.839,501.84,1648.51,2735.78,101.3
1418.43,4.183,2.988,589.36,1958.44,2950.84,151.8
1075.33,4.034,2.705,375.69,1387.38,2461.18,32.3
1047.67,3.976,2.726,316.33,1305.72,2302.02,14.3
1132.08,4.034,2.733,333.74,1467.12,2484.07,41.5
1404.28,4.128,2.911,566.24,1830.71,2832.2,135.3
1007.21,3.987,2.694,297.28,1281.3,2410.75,6.9
1253.89,4.131,2.837,473.16,1675.77,2668.89,99.5
1474.51,4.224,3.13,644.86,1959.96,2920.37,169.2
1417.52,4.174,2.929,596.25,1867.53,2932.46,145.6
1243.18,4.089,2.802,462.51,1670.55,2683.04,89.1
1018.9,4.036,2.744,293.25,1356.33,2372.18,11.8
1413.93,4.153,2.944,567.23,1872.1,2900.37,141.5
1343.26,4.094,2.862,472.46,1676.05,2722.07,102.2
1051.35,4.029,2.681,314.34,1368.09,2382.24,20.4
1044.32,4.02,2.714,324.08,1284.64,2393.36,16.9
1463.69,4.17,3.0,627.31,1965.14,2895.4,154.7
1308.22,4.133,2.842,505.26,1746.17,2832.76,114.1
1422.79,4.173,2.948,590.86,1837.52,2856.66,141.1
1414.97,4.179,2.95,602.44,1951.09,2868.19,149.5
1318.96,4.12,2.81,472.72,1677.78,2722.79,97.6
1255.1,4.089,2.844,478.45,1624.2,2637.44,88.4
1189.26,4.092,2.823,424.02,1635.92,2659.54,73.7
1137.5,4.058,2.763,378.24,1478.51,2455.69,54.6
1193.89,4.073,2.803,433.09,1599.87,2548.56,74.4
1410.9,4.148,2.943,532.56,1847.38,2829.96,131.8
1256.45,4.115,2.828,478.93,1673.17,2732.95,102.7
1423.63,4.149,2.975,605.67,1912.68,2896.52,151.8
1196.85,4.071,2.78,434.45,1576.13,2609.84,75.9
1290.36,4.119,2.811,487.82,1649.38,2800.42,103.6
1296.16,4.096,2.837,474.25,1661.3,2719.65,107.7
1245.78,4.102,2.802,465.03,1625.81,2656.4,101.0
1329.38,4.186,2.888,515.38,1759.64,2786.91,119.7
1114.18,4.018,2.716,358.1,1409.29,2436.96,41.1
1228.31,4.091,2.77,429.12,1605.36,2690.05,87.6
1076.65,3.996,2.731,334.95,1335.86,2413.44,18.6
1206.23,4.069,2.796,407.79,1541.92,2575.5,66.0
1230.11,4.077,2.795,443.84,1606.1,2665.49,83.4
1319.3,4.123,2.878,499.18,1714.53,2719.14,111.2
1418.28,4.175,2.984,605.86,2019.51,3003.73,161.6
1277.01,4.138,2.828,483.09,1691.62,2704.19,102.5
1385.78,4.148,2.903,549.73,1833.74,2891.32,126.7
1230.47,4.077,2.841,444.03,1591.8,2650.02,86.6
1285.92,4.14,2.839,510.71,1762.34,2731.58,108.2
1102.6,3.987,2.684,303.21,1309.76,2363.62,13.0
1169.64,4.013,2.773,370.32,1534.83,2517.01,44.0
1184.44,4.067,2.789,393.69,1486.45,2623.46,62.2
1253.25,4.128,2.805,439.76,1572.55,2654.43,80.9
979.64,3.964,2.732,309.95,1303.74,2440.21,8.7
1054.87,3.994,2.776,308.22,1361.95,2384.46,24.7
1122.39,4.064,2.76,376.82,1431.14,2500.41,47.8
1478.12,4.181,3.013,652.82,2022.08,2936.08,165.2
1146.52,4.073,2.777,417.93,1545.42,2524.97,57.0
1165.61,4.075,2.778,438.58,1601.21,2620.17,82.5
1108.25,4.035,2.767,310.03,1441.01,2396.0,34.1
1306.2,4.154,2.821,458.92,1747.76,2771.16,104.2
1175.92,4.026,2.744,355.06,1468.71,2534.84,48.4
1083.63,4.055,2.707,364.14,1398.08,2445.94,36.0
1224.31,4.113,2.818,483.07,1674.81,2682.75,88.3
952.04,3.963,2.695,279.62,1316.67,2311.67,1.9
1012.56,4.004,2.711,287.11,1246.71,2320.67,2.3
1131.13,4.038,2.739,309.96,1468.94,2490.23,38.0
1016.35,4.001,2.696,304.18,1272.88,2348.16,7.2
1114.66,4.021,2.693,316.94,1362.41,2396.76,19.3
1155.78,4.055,2.756,383.84,1485.15,2473.7,58.3
1395.47,4.16,2.875,548.6,1853.2,2897.31,136.6
1239.22,4.115,2.872,465.54,1680.18,2759.61,97.7
1251.34,4.113,2.809,428.5,1700.49,2708.32,87.6
1092.13,4.022,2.802,359.63,1429.25,2498.41,50.6
1479.24,4.212,2.989,600.04,1923.95,2992.12,158.5
1207.18,4.051,2.722,392.16,1536.7,2606.55,68.1
1086.33,4.025,2.692,291.48,1346.87,2347.58,15.7
1270.26,4.122,2.844,496.71,1700.36,2725.93,105.3
1067.52,3.989,2.713,299.39,1289.0,2395.94,20.2
1179.2,4.074,2.786,388.94,1536.21,2461.2,59.3
1252.67,4.078,2.815,430.37,1669.77,2671.5,86.8
1408.72,4.195,2.943,577.95,1915.81,2868.61,148.7
1175.1,4.08,2.779,425.31,1606.02,2612.11,84.4
1347.85,4.108,2.863,536.36,1779.0,2802.22,119.7
1492.14,4.229,3.083,643.97,1957.9,2981.27,168.8
1056.78,4.022,2.741,310.67,1398.67,2371.67,23.2
1152.31,4.066,2.728,351.37,1479.8,2513.28,47.4
1186.81,4.057,2.809,386.4,1532.93,2553.27,67.7
1167.72,4.041,2.803,405.28,1570.77,2571.52,72.3
1147.34,4.111,2.757,390.73,1591.55,2645.74,70.5
1420.37,4.181,2.982,601.86,1963.39,2942.86,154.4
1405.09,4.15,2.89,515.83,1779.42,2817.22,121.7
1309.23,4.131,2.81,472.83,1767.38,2794.5,103.7
1153.5,4.049,2.716,396.34,1530.02,2521.09,53.3
1398.58,4.168,2.941,568.37,1880.21,2853.62,140.2
1468.64,4.222,2.999,626.82,1953.22,2944.33,162.4
1430.91,4.162,2.971,590.16,1851.45,2951.23,139.8
1005.19,4.01,2.739,264.25,1286.31,2321.8,1.3
1319.94,4.084,2.865,488.27,1720.67,2713.93,108.6
1028.81,4.024,2.726,275.25,1364.05,2363.71,9.6
1174.09,4.015,2.714,361.97,1424.9,2470.85,44.5
1059.52,4.024,2.66,309.98,1333.79,2347.53,11.1
1320.25,4.125,2.836,446.57,1639.91,2794.17,103.0
1316.5,4.133,2.83,528.3,1772.5,2790.35,117.0
1090.23,4.013,2.721,321.5,1381.54,2349.21,20.3
1175.12,4.066,2.752,403.41,1584.54,2562.77,65.9
1219.76,4.07,2.801,409.61,1575.15,2555.1,78.1
1216.95,4.064,2.767,409.38,1509.52,2540.1,63.4
1040.46,4.061,2.732,344.01,1390.48,2444.82,21.5
1204.43,4.105,2.795,408.94,1602.1,2575.1,71.8
1375.58,4.131,2.882,536.86,1802.68,2935.04,127.9
1058.69,4.011,2.661,304.51,1267.48,2267.01,13.0
1038.21,4.01,2.709,300.82,1300.62,2359.88,14.6
1221.65,4.062,2.716,390.28,1518.04,2565.37,61.0
1435.05,4.168,3.038,638.99,1912.23,2962.32,160.2
1358.34,4.14,2.878,507.24,1769.65,2795.56,114.0
1357.42,4.15,2.891,516.59,1732.11,2768.93,115.7
1220.31,4.05,2.741,425.87,1523.68,2615.78,62.2
1244.34,4.154,2.847,501.02,1725.37,2672.94,101.3
999.17,4.024,2.669,271.29,1296.96,2321.75,2.7
1342.66,4.135,2.855,521.62,1782.08,2706.37,108.5
1404.79,4.157,2.948,631.55,1974.76,2920.55,155.3
1253.35,4.127,2.84,508.74,1675.25,2724.69,104.5
1417.86,4.179,2.912,584.13,1920.22,2937.92,148.7
1355.23,4.153,2.878,533.66,1793.67,2770.25,123.4
1106.14,4.048,2.663,312.75,1395.08,2393.27,21.4
1441.13,4.176,3.023,607.92,1940.19,2933.75,153.5
1028.6,4.046,2.706,329.13,1308.23,2374.28,12.2
1262.33,4.111,2.818,458.65,1663.25,2637.23,91.2
1087.19,4.015,2.738,299.26,1362.96,2428.09,25.0
1032.56,4.042,2.651,281.83,1267.58,2378.99,3.0
1196.35,4.096,2.763,406.31,1565.11,2652.3,72.3
1093.44,4.044,2.769,399.9,1486.45,2509.67,50.9
1208.32,4.094,2.809,426.75,1653.28,2670.03,83.1
1311.36,4.124,2.81,466.67,1665.57,2704.48,98.5
1039.18,3.997,2.716,290.8,1250.63,2396.09,8.4
1059.3,4.02,2.722,343.35,1355.2,2433.16,21.8
1294.62,4.092,2.841,480.18,1674.61,2652.0,95.4
1135.91,4.029,2.777,397.55,1518.12,2546.94,59.0
1347.5,4.146,2.865,536.1,1785.37,2788.06,124.2
1317.02,4.13,2.854,505.03,1764.21,2758.15,111.2
1403.82,4.178,2.882,582.51,1890.34,2847.82,143.9
1336.66,4.124,2.856,548.6,1783.67,2784.57,118.0
1199.83,4.054,2.781,399.9,1518.97,2605.25,73.7
1289.14,4.112,2.883,468.49,1745.84,2770.96,114.7
1138.04,4.07,2.764,373.29,1461.15,2517.78,47.5
1114.19,4.042,2.734,397.8,1537.36,2466.66,52.8
1388.71,4.147,2.887,560.12,1834.8,2886.4,134.3
1246.69,4.078,2.832,395.04,1566.06,2656.12,76.4
1382.53,4.146,2.906,572.47,1823.53,2917.83,135.9
1373.1,4.149,2.929,555.48,1892.71,2874.17,140.0
1418.14,4.153,2.968,567.27,1872.68,2912.53,145.9
1432.76,4.211,2.978,597.71,1909.82,2984.49,155.9
1219.89,4.095,2.784,395.15,1602.34,2584.04,73.8
1149.39,4.083,2.75,383.96,1507.38,2556.43,54.9
1321.08,4.142,2.818,464.96,1677.05,2684.89,99.4
1206.13,4.022,2.777,378.57,1492.55,2592.56,63.7
1283.92,4.124,2.785,517.59,1714.59,2742.87,102.6
1358.79,4.127,2.865,515.06,1800.15,2762.41,120.2
1322.21,4.157,2.886,516.91,1733.93,2806.97,117.3
1179.47,4.055,2.786,422.99,1545.71,2556.62,64.3
1076.96,4.005,2.765,342.7,1387.77,2428.72,29.2
1223.97,4.052,2.814,447.74,1547.99,2644.4,73.8
1111.47,4.015,2.73,314.76,1361.01,2462.14,25.1
1458.97,4.195,2.964,616.39,1913.59,2941.03,151.4
1188.46,4.069,2.752,397.3,1475.01,2555.4,59.5
1103.77,3.999,2.735,343.7,1399.5,2455.15,27.1
1040.85,4.04,2.702,303.92,1274.72,2328.37,5.3
1281.81,4.139,2.843,487.68,1710.82,2793.37,110.1
1348.29,4.14,2.825,538.12,1739.51,2726.8,108.6
1208.1,4.088,2.763,354.26,1497.27,2542.64,58.6
1040.13,3.973,2.737,291.4,1320.27,2334.84,13.1
1185.7,4.059,2.786,422.01,1556.46,2594.38,70.2
1164.93,4.073,2.758,382.74,1467.02,2592.27,53.6
1340.02,4.116,2.878,513.64,1738.6,2839.8,115.4
1285.05,4.112,2.855,494.44,1700.89,2795.49,103.4
1142.77,4.066,2.778,383.64,1527.27,2541.81,62.6
1115.73,4.011,2.734,360.91,1441.46,2577.51,37.8
1507.05,4.19,3.04,642.58,2007.82,3039.09,168.0
1234.09,4.104,2.825,448.45,1627.85,2668.4,77.7
1340.7,4.15,2.857,511.51,1717.24,2796.42,117.3
1068.0,4.043,2.764,331.6,1400.34,2355.21,24.8
1255.92,4.113,2.808,448.36,1603.76,2623.91,83.1
1029.57,4.005,2.694,305.41,1317.16,2326.06,5.7
1229.04,4.103,2.832,446.6,1638.5,2656.44,86.4
1475.3,4.198,3.002,629.3,1954.71,2958.14,163.9
1139.45,4.059,2.793,391.37,1587.19,2579.52,65.9
1028.02,3.979,2.699,302.35,1327.83,2369.47,7.6
1046.52,3.984,2.706,264.33,1312.29,2348.05,6.2
1193.35,4.066,2.756,408.93,1609.97,2575.17,66.6
1121.09,4.012,2.701,336.21,1356.92,2420.22,28.0
1019.65,4.004,2.637,318.78,1295.4,2396.7,4.9
1379.46,4.153,2.882,533.79,1830.14,2817.33,128.8
1237.91,4.093,2.781,431.87,1562.52,2661.85,78.5
1198.28,4.059,2.732,373.54,1455.03,2517.77,49.9
1448.08,4.203,2.966,588.47,1952.57,2856.67,153.1
1038.37,4.015,2.714,317.24,1341.6,2494.27,20.6
1496.5,4.211,3.028,609.82,1991.91,3018.95,162.6
1197.51,4.067,2.775,393.73,1473.3,2624.03,54.1
1430.01,4.199,2.982,608.8,1974.31,2958.62,151.1
1309.71,4.149,2.861,489.09,1629.06,2730.62,102.9
1435.4,4.175,2.936,563.72,1896.85,2903.97,140.7
1516.44,4.199,3.049,663.96,1995.08,2969.89,167.3
1142.47,4.053,2.78,354.61,1428.45,2482.29,49.7
1460.75,4.182,3.039,633.05,1963.1,3057.06,163.4
1183.52,4.062,2.733,387.27,1487.53,2572.78,66.8
1195.17,4.09,2.771,400.69,1553.08,2587.09,66.2
1185.6,4.043,2.711,407.16,1492.79,2570.03,58.5
1266.54,4.137,2.766,466.41,1595.88,2677.34,92.5
1071.07,4.02,2.705,314.86,1387.13,2465.28,27.1
1278.12,4.164,2.82,456.09,1667.67,2691.07,94.6
1279.84,4.09,2.808,453.74,1717.8,2827.74,92.5
1379.76,4.155,2.845,533.54,1842.4,2760.43,129.8
1387.51,4.158,2.955,580.33,1800.24,2859.02,141.9
1204.96,4.067,2.77,455.38,1565.74,2661.58,75.4
1169.3,4.076,2.77,367.06,1517.21,2462.86,52.1
1091.78,4.023,2.724,390.42,1405.4,2504.76,44.8
1045.63,4.018,2.715,341.01,1386.56,2440.4,33.9
1077.89,4.015,2.712,305.17,1317.42,2358.01,10.7
1176.62,4.078,2.755,392.7,1496.31,2601.03,58.9
1146.38,4.02,2.752,339.54,1509.5,2510.03,46.7
1454.24,4.205,3.033,641.5,1979.38,2946.85,164.3
1284.65,4.11,2.783,428.94,1667.24,2738.51,95.3
1172.93,4.045,2.781,393.56,1488.04,2565.16,59.7
1237.86,4.097,2.804,476.46,1649.79,2657.96,99.1
1109.81,3.98,2.684,301.16,1375.16,2390.03,24.5
1215.17,4.118,2.77,424.87,1581.76,2617.57,76.0
1290.48,4.142,2.872,487.22,1679.96,2775.0,106.8
1223.21,4.068,2.757,437.69,1623.39,2646.07,83.6
1140.91,4.091,2.8,406.91,1555.77,2630.7,68.9
1511.37,4.187,3.078,638.34,1985.96,2998.6,169.0
1440.21,4.193,2.959,597.54,1943.28,2890.61,149.8
1294.1,4.111,2.854,503.5,1714.02,2744.61,106.4
1303.93,4.103,2.82,466.24,1667.61,2734.85,97.2
1262.98,4.115,2.866,488.69,1746.3,2733.09,105.9
1085.95,4.02,2.718,352.87,1409.76,2414.07,35.0
1166.94,4.102,2.73,440.81,1537.29,2595.86,67.8
1025.79,4.017,2.693,292.29,1270.19,2314.31,7.7
1227.93,4.093,2.825,409.63,1608.57,2702.15,81.4
1269.73,4.125,2.836,446.47,1683.52,2733.37,92.8
1103.74,4.006,2.792,360.45,1419.91,2466.44,39.5
1457.89,4.168,3.014,656.29,1932.16,2993.51,163.9
1491.76,4.191,2.971,595.01,1960.21,2934.19,154.7
1409.77,4.157,2.875,529.09,1819.22,2869.68,123.0
1257.84,4.108,2.795,456.62,1666.1,2616.89,91.1
1409.12,4.135,2.937,580.36,1902.46,2918.42,148.0
1107.48,3.997,2.684,344.66,1378.87,2373.01,23.1
1349.21,4.165,2.842,575.43,1792.64,2873.13,134.6
1059.76,4.066,2.696,325.05,1344.87,2331.91,22.1
1369.94,4.181,2.913,553.23,1862.21,2871.9,135.2
1104.68,4.08,2.768,381.12,1475.74,2585.44,47.6
1424.91,4.181,2.938,602.7,1932.11,2893.68,149.2
1447.1,4.195,2.985,618.04,2002.57,2901.18,160.5
1078.6,4.002,2.75,341.64,1341.48,2449.57,26.1
1220.76,4.107,2.757,436.08,1612.02,2620.85,79.2
1473.78,4.195,3.038,616.39,1977.45,3024.65,166.8
1220.75,4.106,2.832,423.12,1599.02,2691.46,82.7
1418.78,4.172,2.926,569.17,1968.83,2947.49,146.9
1301.83,4.12,2.789,492.64,1641.81,2717.76,100.5
1175.27,4.068,2.825,389.41,1529.85,2647.62,64.4
1158.77,4.055,2.775,379.44,1465.46,2546.37,49.3
1116.34,4.054,2.756,376.31,1417.02,2430.48,35.3
1384.5,4.125,2.896,557.92,1758.31,2810.59,129.7
1218.88,4.042,2.796,397.51,1513.81,2634.38,66.3
1215.5,4.106,2.737,437.01,1633.99,2693.08,87.4
1222.48,4.123,2.793,436.65,1576.98,2624.67,84.2
1319.97,4.146,2.86,457.4,1709.13,2696.72,98.6
1419.22,4.147,2.907,572.82,1913.61,2905.06,147.3
1418.79,4.188,3.033,629.12,1937.39,3019.55,166.7
1188.94,4.047,2.792,419.06,1551.26,2587.45,69.9
1408.5,4.153,2.905,565.81,1878.47,2934.13,140.9
1306.22,4.173,2.9,543.76,1778.26,2852.94,130.2
1307.38,4.111,2.842,478.43,1630.47,2763.0,97.9
1457.53,4.183,3.022,640.91,1937.12,2923.88,162.6
1108.72,4.044,2.719,313.94,1494.33,2517.6,34.9
1055.94,3.998,2.685,289.44,1384.7,2443.7,19.5
1387.15,4.201,2.954,579.17,1869.09,2902.65,145.3
1182.12,4.083,2.801,405.44,1540.73,2596.63,75.2
1392.21,4.16,2.947,594.77,1857.25,2946.95,144.1
1467.78,4.189,2.968,595.03,1962.97,2908.15,151.9
1038.48,4.023,2.71,328.68,1381.58,2365.66,11.6
1422.33,4.208,2.985,590.46,1885.56,2940.09,150.3
1189.87,4.081,2.803,430.05,1596.55,2578.39,76.8
1272.98,4.12,2.814,437.85,1624.04,2658.45,87.3
1337.17,4.124,2.832,499.06,1754.85,2707.63,106.9
1488.55,4.172,3.03,624.35,1910.1,2887.1,157.6
1036.83,3.98,2.657,302.8,1321.22,2420.56,4.2
1234.11,4.069,2.795,433.62,1567.48,2616.86,81.6
1301.29,4.12,2.854,534.91,1790.46,2811.03,117.2
1343.63,4.164,2.828,534.46,1762.61,2893.69,123.1
1317.07,4.15,2.882,508.14,1756.17,2764.02,118.0
1026.55,3.994,2.71,313.22,1349.46,2363.21,23.7
1170.7,4.019,2.755,385.41,1540.86,2594.19,51.6
1153.91,4.044,2.764,413.25,1553.41,2526.24,61.6
1422.68,4.144,2.94,547.0,1837.34,2849.31,136.9
1157.05,4.043,2.776,379.01,1442.92,2487.08,48.1
1118.87,4.059,2.7,323.77,1460.12,2470.6,36.6
1491.48,4.18,3.068,621.37,1864.98,2897.86,162.8
1005.0,4.027,2.682,293.99,1299.47,2355.31,2.5
1545.22,4.166,3.098,636.29,1969.52,3017.11,169.6
1327.17,4.126,2.871,533.49,1821.54,2813.26,115.4
1413.18,4.18,2.932,583.16,1949.85,2915.99,141.0
1125.9,4.07,2.77,355.19,1479.62,2538.67,50.8
999.3,3.988,2.73,297.98,1277.72,2321.8,3.4
1369.6,4.165,2.912,516.35,1801.54,2822.6,125.7
1414.12,4.182,2.925,576.51,1853.6,2860.0,142.0
1339.3,4.132,2.887,550.38,1777.62,2829.78,126.1
1039.8,4.027,2.701,335.92,1381.55,2387.61,25.1
1334.07,4.163,2.916,541.25,1829.89,2836.36,128.3
1403.87,4.14,2.919,543.8,1826.84,2823.86,130.9
1301.42,4.163,2.848,486.9,1749.06,2733.51,112.3
1364.01,4.134,2.94,550.54,1801.75,2881.55,130.5
1451.28,4.171,2.97,593.57,1853.2,2925.87,144.0
1265.97,4.094,2.898,517.69,1678.87,2737.95,104.7
1034.8,4.012,2.682,302.41,1361.17,2313.48,16.0
1212.83,4.072,2.801,452.24,1617.84,2615.19,83.4
1088.88,4.002,2.698,317.54,1336.74,2372.86,14.1
1243.83,4.045,2.86,403.92,1568.38,2615.26,69.9
1212.58,4.092,2.782,421.73,1556.1,2615.63,69.8
1063.21,4.012,2.739,290.48,1326.18,2377.49,12.2
1152.25,4.086,2.798,394.79,1555.5,2558.08,60.0
1111.0,4.007,2.708,312.63,1376.34,2389.44,19.8
1401.5,4.183,2.921,572.09,1847.39,2843.21,137.6
1492.06,4.19,3.021,634.08,1945.21,3030.22,161.2
1043.59,4.009,2.74,296.61,1357.95,2413.7,13.2
1468.16,4.233,3.007,629.43,1975.11,2992.41,162.4
1290.56,4.091,2.799,450.4,1631.47,2628.6,89.3
1157.85,4.078,2.782,358.2,1443.4,2476.52,51.6
1084.39,4.017,2.669,300.3,1380.99,2374.12,14.0
1244.71,4.084,2.816,435.58,1591.01,2638.59,85.6
1366.3,4.131,2.945,542.75,1850.7,2813.38,135.3
1327.09,4.118,2.889,511.58,1831.22,2803.44,120.5
1039.73,4.024,2.681,294.35,1302.2,2282.42,9.5
1030.81,4.041,2.672,305.53,1326.16,2369.14,13.3
1164.12,4.077,2.817,390.79,1580.44,2613.57,69.1
1172.46,4.056,2.748,391.14,1443.37,2540.04,50.9
1100.82,4.055,2.711,362.08,1385.51,2406.67,40.3
1139.47,4.051,2.784,367.19,1458.51,2437.29,48.5
1399.68,4.181,2.941,545.14,1851.38,2856.58,136.8
1445.8,4.191,2.959,614.79,1947.2,2926.06,158.0
1229.12,4.079,2.857,406.12,1598.92,2546.01,69.5
1419.84,4.166,2.957,591.51,1898.93,2849.33,154.1
1160.82,4.039,2.783,364.36,1493.15,2503.23,55.3
1232.82,4.028,2.861,446.98,1652.61,2638.71,81.5
1110.3,4.063,2.763,346.01,1422.9,2465.19,39.2
1275.15,4.122,2.86,510.45,1786.6,2705.8,109.2
1509.96,4.188,2.997,640.19,1976.61,2945.41,166.4
1307.54,4.078,2.901,494.1,1678.92,2715.16,103.0
1154.0,4.053,2.795,404.75,1521.78,2529.73,61.5
1328.99,4.111,2.813,507.04,1740.2,2771.81,110.5
1076.7,4.001,2.76,337.07,1348.71,2428.34,21.8
1406.2,4.183,2.964,601.55,1925.84,2941.58,151.2
1218.16,4.099,2.801,422.75,1622.12,2617.04,86.0
1242.18,4.058,2.776,405.75,1626.04,2637.85,76.9
1287.89,4.088,2.839,466.28,1702.05,2731.21,100.0
1285.54,4.096,2.871,502.18,1715.73,2802.71,106.6
1024.54,4.042,2.687,298.38,1317.28,2451.02,13.1
1316.18,4.164,2.871,516.9,1782.31,2832.2,116.4
1107.54,4.025,2.842,363.94,1443.12,2466.95,41.9
1324.08,4.101,2.893,528.88,1768.01,2773.07,121.7
1358.91,4.166,2.955,537.13,1841.72,2870.09,140.0
1421.03,4.16,2.888,545.83,1870.3,2842.54,136.9
1287.91,4.113,2.783,489.96,1648.3,2777.99,94.4
1215.98,4.115,2.858,456.33,1629.96,2710.56,88.9
1079.18,4.03,2.753,284.79,1391.12,2444.15,25.1
1354.79,4.131,2.956,552.68,1859.82,2877.98,132.0
1125.19,4.054,2.745,392.4,1480.42,2559.81,46.9
1227.8,4.112,2.845,446.94,1647.57,2681.2,84.9
1126.78,4.036,2.674,370.2,1492.78,2505.94,49.0
1122.01,4.025,2.732,295.15,1368.66,2442.9,23.6
1291.05,4.112,2.88,488.84,1730.76,2775.85,107.4
1018.63,4.043,2.678,274.75,1369.94,2315.8,10.2
1344.24,4.121,2.925,522.24,1801.71,2923.64,127.5
1178.6,4.081,2.754,358.72,1461.95,2511.36,54.7
975.58,3.958,2.685,310.33,1203.57,2386.36,1.0
1224.35,4.134,2.804,459.04,1690.48,2659.81,87.4
1071.95,3.978,2.744,318.29,1369.62,2401.89,8.9
1139.95,4.053,2.735,347.05,1436.14,2510.31,47.7
1346.41,4.106,2.859,526.46,1814.96,2741.46,120.5
1095.57,3.977,2.675,286.66,1351.7,2408.79,11.6
1417.63,4.184,2.923,565.16,1895.43,2948.57,142.8
1000.66,4.013,2.694,292.29,1296.87,2326.81,1.6
1113.76,4.048,2.761,360.15,1423.22,2522.85,42.7
1330.87,4.161,2.867,541.69,1805.65,2794.61,126.2
1183.31,4.078,2.77,361.21,1504.24,2537.54,54.4
1072.87,3.999,2.727,315.04,1349.01,2436.36,18.2
1200.12,4.038,2.742,400.02,1523.02,2579.81,61.9
1161.6,4.047,2.749,354.9,1500.87,2524.77,46.7
1402.93,4.156,2.934,576.04,1909.24,2933.02,143.4
1126.96,4.064,2.76,354.4,1517.99,2600.54,54.0
1383.25,4.167,2.894,524.97,1865.92,2900.4,134.3
1418.15,4.164,2.96,631.58,1923.25,2938.92,151.7
1210.49,4.096,2.79,423.35,1611.84,2613.45,74.3
1478.18,4.194,3.032,604.03,1894.31,2945.74,154.8
1175.7,4.084,2.776,412.6,1538.81,2524.65,64.8
1483.6,4.184,3.062,620.57,1993.31,2985.99,163.9
1050.91,4.025,2.748,311.1,1354.78,2337.86,16.1
1351.39,4.145,2.829,532.17,1772.73,2770.63,117.1
1218.34,4.107,2.797,425.25,1647.72,2684.53,84.5
1129.79,4.106,2.819,396.8,1587.26,2567.21,66.5
1315.42,4.13,2.855,473.42,1689.35,2805.01,107.9
1364.7,4.126,2.872,534.87,1783.06,2795.45,120.0
1029.74,3.97,2.71,288.48,1260.47,2375.62,1.7
1070.03,4.049,2.755,350.14,1422.95,2424.21,29.2
1316.38,4.147,2.878,538.69,1802.63,2799.03,121.5
1333.12,4.164,2.853,503.44,1717.06,2817.68,113.6
1484.49,4.152,2.953,640.68,1973.4,2969.54,164.3
1366.67,4.168,2.9,552.02,1771.87,2851.06,129.6
1518.0,4.185,2.997,638.62,1990.26,2949.12,161.7
1315.65,4.131,2.845,543.8,1756.99,2704.41,119.7
1188.05,4.038,2.748,357.68,1447.18,2498.93,51.4
1060.75,4.031,2.697,286.0,1338.88,2452.8,18.8
1334.89,4.167,2.912,538.57,1850.09,2863.7,133.1
1304.96,4.103,2.845,505.69,1738.31,2792.17,109.9
1060.31,4.005,2.711,303.86,1296.41,2393.61,9.1
1162.8,4.081,2.775,386.21,1521.38,2595.57,61.8
1438.93,4.195,3.052,626.26,1957.68,3034.07,162.7
1234.1,4.118,2.792,431.67,1596.64,2646.24,85.6
1184.42,4.076,2.842,418.29,1520.11,2672.71,74.1
1230.0,4.042,2.828,418.35,1593.75,2656.97,78.4
1123.49,4.039,2.777,370.05,1437.02,2481.02,36.3
1149.51,4.072,2.78,417.53,1530.16,2487.98,63.3
1158.78,4.075,2.764,408.92,1592.91,2587.03,63.5
1056.94,4.024,2.682,299.3,1295.98,2395.88,9.8
1351.78,4.112,2.954,565.49,1820.57,2849.85,130.7
1171.15,4.073,2.817,415.68,1579.1,2652.39,71.4
1372.79,4.144,2.896,573.77,1876.37,2929.7,139.9
1426.21,4.145,2.97,557.49,1876.91,2886.03,144.7
1113.24,4.034,2.709,350.38,1419.97,2469.65,36.8
1299.05,4.143,2.868,484.43,1736.97,2754.79,112.1
1224.8,4.096,2.825,427.95,1624.9,2623.11,80.8
1471.76,4.161,3.001,598.87,1886.53,2921.59,149.7
1082.8,4.033,2.741,334.16,1351.16,2477.15,37.5
1277.81,4.151,2.862,519.08,1744.36,2695.71,115.6
1302.47,4.132,2.843,500.24,1753.51,2730.12,103.7
1139.67,4.042,2.785,359.88,1503.21,2537.17,50.9
1055.36,4.007,2.74,325.16,1323.23,2420.25,24.1
1329.54,4.093,2.856,482.85,1755.49,2758.69,111.1
1379.03,4.137,2.833,518.95,1806.29,2780.32,125.8
1096.41,4.022,2.685,384.49,1482.1,2482.34,54.3
1293.47,4.167,2.861,509.57,1697.86,2735.61,110.0
1246.13,4.057,2.743,384.12,1524.92,2515.49,67.8
1359.43,4.162,2.863,556.84,1764.23,2801.71,121.5
1116.86,4.069,2.724,335.03,1467.91,2423.08,34.7
1468.39,4.181,3.025,603.84,1934.3,2932.58,151.4
1139.31,4.049,2.755,362.55,1452.39,2493.24,49.6
1195.41,4.042,2.793,393.1,1513.73,2491.8,63.2
1058.33,3.993,2.714,323.24,1316.54,2323.73,10.8
1076.01,4.047,2.638,338.54,1340.38,2405.85,19.8
1237.66,4.106,2.801,425.1,1636.31,2700.62,88.2
1134.33,4.048,2.71,355.67,1455.55,2491.48,46.2
1394.69,4.192,2.984,621.28,1876.18,2897.06,142.2
1023.05,4.008,2.636,281.76,1228.99,2326.94,3.5
1151.52,4.067,2.762,407.58,1561.98,2568.55,65.1
1141.74,4.066,2.756,404.12,1491.76,2516.71,58.0
1017.54,3.98,2.662,302.34,1319.2,2336.07,4.3
1044.35,4.006,2.717,277.49,1427.91,2382.41,22.0
1184.23,4.073,2.783,418.2,1518.9,2655.55,70.9
1230.47,4.105,2.811,467.68,1622.18,2626.88,84.3
1202.53,4.051,2.796,410.38,1543.23,2601.2,69.3
1276.8,4.104,2.824,439.81,1658.61,2636.98,90.7
1273.18,4.108,2.849,464.28,1630.39,2715.15,101.6
1054.19,3.975,2.723,283.95,1275.05,2290.72,2.7
1244.22,4.08,2.748,441.18,1573.97,2611.66,79.4
1492.13,4.146,3.042,676.71,2020.44,3013.88,163.8
1251.1,4.084,2.782,446.68,1693.92,2669.76,88.7
1334.44,4.111,2.846,520.22,1745.87,2812.29,115.5
1179.59,4.051,2.761,355.42,1456.3,2523.63,53.7
1407.23,4.107,2.916,525.8,1801.51,2874.32,131.8
1409.44,4.156,2.919,543.17,1827.03,2876.92,131.6
1249.39,4.118,2.786,458.54,1597.74,2701.61,89.1
1500.4,4.193,3.085,637.74,1996.91,3021.52,165.9
1102.02,4.027,2.701,320.91,1356.94,2427.24,22.2
1008.05,3.985,2.669,284.76,1301.11,2318.65,3.9
1366.65,4.121,2.864,549.06,1835.61,2785.66,131.2
1394.63,4.16,2.878,560.57,1893.13,2837.15,137.4
1088.68,4.03,2.671,298.28,1378.28,2419.84,21.3
1152.01,4.02,2.756,341.11,1467.32,2545.58,45.9
1018.11,3.986,2.709,309.44,1298.3,2355.73,4.0
1103.82,4.048,2.727,360.14,1418.43,2507.17,50.6
1382.34,4.21,2.869,547.11,1831.42,2827.3,131.7
1223.78,4.104,2.807,468.48,1655.72,2672.24,88.5
1129.18,4.026,2.77,386.65,1512.48,2580.65,59.8
1145.72,4.026,2.781,411.88,1582.72,2573.68,63.8
1025.53,4.006,2.658,271.25,1235.6,2305.47,1.2
1178.49,4.104,2.749,397.95,1460.11,2490.02,51.7
1311.58,4.121,2.902,502.91,1712.35,2729.35,110.3
1490.79,4.188,2.998,637.81,1980.2,2954.43,165.6
1445.21,4.177,2.938,579.52,1862.69,2892.35,144.2
987.71,3.98,2.707,302.21,1257.59,2307.79,5.0
1456.64,4.128,2.939,607.94,1910.83,2907.85,152.9
1381.21,4.175,2.926,506.95,1864.06,2878.64,133.4
1394.16,4.142,2.866,547.01,1854.11,2872.76,132.9
1205.76,4.108,2.815,433.7,1573.3,2698.2,78.4
1169.08,4.059,2.781,393.23,1540.17,2603.54,68.3
1149.38,4.057,2.713,368.08,1461.15,2469.78,52.2
1084.73,4.022,2.722,296.82,1284.88,2306.39,12.1
1134.15,4.06,2.71,375.49,1445.56,2481.19,39.6
1108.02,4.047,2.737,366.36,1406.97,2486.46,42.7
1196.81,4.096,2.822,443.19,1632.78,2637.94,82.8
1320.63,4.16,2.864,522.6,1861.24,2779.57,127.3
1258.31,4.099,2.785,424.27,1616.78,2602.56,81.1
1016.4,3.977,2.733,313.15,1336.18,2405.84,10.8
1468.21,4.166,2.953,640.69,1985.03,3011.74,162.9
1501.0,4.146,3.044,602.7,1940.88,2971.17,160.3
1342.21,4.17,2.865,576.73,1846.22,2877.52,133.7
1532.42,4.19,3.041,633.11,2002.62,2948.14,168.5
1253.36,4.121,2.83,465.84,1637.83,2701.46,93.0
1450.41,4.2,3.038,674.04,1895.57,2948.38,163.7
1041.4,3.987,2.712,299.21,1297.89,2424.36,13.8
1156.46,4.065,2.773,399.17,1500.24,2587.53,62.8
1122.39,4.029,2.724,342.29,1445.82,2412.3,39.1
1082.29,4.02,2.777,344.07,1366.17,2405.62,34.1
1027.1,4.039,2.74,346.04,1429.25,2414.58,24.8
1292.94,4.171,2.882,487.21,1762.54,2705.31,106.2
1346.6,4.177,2.894,549.71,1863.76,2894.58,133.0
1281.5,4.111,2.762,489.75,1665.97,2637.54,98.7
1047.83,4.047,2.749,307.56,1314.94,2419.15,25.8
1384.15,4.195,2.931,567.9,1879.72,2806.9,138.1
1309.85,4.096,2.856,484.48,1701.21,2735.73,108.5
1179.63,4.097,2.76,400.79,1568.02,2533.67,66.6
1330.98,4.147,2.854,497.13,1769.95,2774.02,114.9
1143.61,4.069,2.727,340.22,1441.4,2460.69,44.9
1136.15,4.08,2.767,356.59,1477.47,2526.7,59.3
1452.41,4.178,2.947,605.96,1941.68,2985.79,156.1
1057.04,4.093,2.775,374.99,1428.74,2499.83,50.1
1229.76,4.096,2.86,445.36,1611.19,2528.89,80.4
1431.51,4.168,2.945,580.67,1929.14,2917.81,151.4
1317.42,4.149,2.829,526.18,1757.15,2856.26,120.6
1049.96,4.024,2.697,310.03,1275.3,2380.09,11.5
1106.97,4.024,2.728,332.02,1426.37,2459.12,25.9
1008.07,4.001,2.702,290.23,1268.38,2305.32,2.3
1279.12,4.125,2.897,461.0,1713.71,2772.91,107.6
1217.06,4.071,2.818,423.39,1619.5,2605.05,76.7
1038.73,4.003,2.661,321.47,1351.66,2426.29,23.7
1459.92,4.163,2.978,639.03,1944.47,3017.93,162.9
1283.0,4.132,2.829,475.76,1706.15,2635.77,90.5
1120.19,4.037,2.727,352.01,1420.18,2413.35,41.9
1191.33,4.027,2.854,439.09,1661.31,2642.28,85.6
1282.6,4.141,2.838,514.58,1760.59,2793.72,115.9
1051.9,4.015,2.732,306.0,1333.71,2440.89,13.9
1154.76,4.011,2.729,372.91,1449.66,2510.68,47.4
1353.69,4.143,2.926,572.84,1845.61,2892.53,137.4
1229.88,4.07,2.772,426.82,1648.96,2604.02,78.7
1293.99,4.09,2.839,468.74,1683.79,2663.89,93.4
1253.09,4.106,2.821,416.64,1535.26,2627.23,74.1
1042.85,3.997,2.704,274.68,1278.5,2417.1,8.4
1098.19,4.017,2.78,314.86,1401.52,2435.42,29.0
1158.59,4.107,2.771,389.4,1604.4,2632.57,76.3
1156.79,4.045,2.736,370.53,1442.68,2436.13,36.4
1022.67,3.967,2.723,317.44,1309.97,2335.03,9.4
1390.46,4.155,2.908,596.05,1854.0,2937.42,143.6
1483.05,4.203,3.045,638.15,1961.06,2928.83,166.8
1424.57,4.138,2.932,573.73,1772.12,2827.52,135.0
1474.47,4.21,2.97,598.36,1936.22,2889.96,145.3
1121.8,4.044,2.775,334.11,1363.34,2489.65,41.9
1502.88,4.177,2.992,620.27,1962.15,2969.3,163.3
1100.04,4.01,2.739,349.84,1358.14,2486.85,34.3
1446.86,4.208,2.97,620.58,1944.74,3084.82,161.8
1534.0,4.186,3.049,637.01,2013.25,2954.15,169.1
1328.52,4.147,2.873,537.87,1711.32,2813.33,121.3
1527.79,4.173,3.078,628.95,1995.9,2960.14,166.8
1304.52,4.112,2.845,507.1,1701.02,2742.93,97.3
1141.8,4.033,2.746,385.45,1441.83,2570.69,44.9
1253.59,4.076,2.804,418.2,1661.31,2613.95,74.9
1339.8,4.099,2.852,497.76,1625.1,2762.21,101.3
1042.16,4.027,2.714,307.56,1276.26,2334.21,13.4
1278.2,4.111,2.829,483.86,1704.51,2792.29,106.2
1442.81,4.193,3.015,671.06,1976.86,3056.03,166.8
1152.13,4.029,2.722,345.52,1410.06,2445.44,33.1
1375.49,4.189,2.888,545.43,1868.57,2884.47,134.9
1477.13,4.199,2.993,615.41,1891.0,2886.78,154.4
1449.98,4.204,3.048,649.61,1915.55,2936.45,160.5
1516.11,4.16,3.034,631.88,1948.18,2994.32,163.3
1230.94,4.087,2.76,455.06,1670.82,2768.15,89.1
1457.46,4.219,3.019,635.13,2006.63,2911.59,166.2
1362.64,4.126,2.897,549.43,1812.01,2841.28,129.0
1070.48,4.027,2.679,316.29,1372.0,2482.28,28.3
1241.8,4.069,2.802,423.72,1603.14,2716.31,81.6
1346.21,4.122,2.895,523.06,1795.72,2798.92,122.4
1136.73,4.076,2.784,360.15,1448.88,2540.7,42.8
1300.37,4.139,2.907,513.91,1684.84,2783.64,109.3
1304.24,4.15,2.826,505.24,1701.98,2842.77,113.7
1069.63,4.041,2.719,343.68,1380.2,2424.51,28.5
1320.97,4.106,2.825,461.59,1693.37,2706.67,96.5
1381.02,4.138,2.881,558.92,1793.06,2818.55,131.4
1187.89,4.087,2.811,461.62,1635.8,2646.18,85.3
1008.68,3.99,2.687,285.81,1233.57,2320.56,3.0
1022.88,4.029,2.707,291.96,1287.34,2297.96,2.5
1216.67,4.039,2.81,384.92,1498.95,2634.24,61.3
1484.54,4.174,2.992,625.42,1880.08,2951.75,157.5
1089.77,4.021,2.723,309.69,1416.66,2457.2,39.6
1364.94,4.145,2.82,470.39,1684.57,2733.74,108.2
1109.14,4.075,2.797,358.22,1420.22,2410.12,38.5
1185.52,4.065,2.787,357.3,1509.96,2563.09,55.4
1387.29,4.176,2.951,575.08,1896.54,2861.04,144.3
1293.02,4.145,2.88,553.53,1733.43,2789.6,124.2
1020.59,4.02,2.756,324.19,1359.81,2433.2,17.1
1122.69,4.096,2.783,454.4,1585.59,2589.13,73.5
1081.38,4.006,2.642,293.42,1285.78,2362.24,5.9
1234.17,4.102,2.81,435.86,1572.55,2623.74,82.3
1295.62,4.145,2.823,505.95,1730.99,2748.5,113.0
1076.78,3.98,2.72,304.15,1406.42,2377.86,21.0
1144.28,4.052,2.792,367.84,1492.6,2509.36,49.8
1204.98,4.08,2.729,388.79,1580.42,2534.25,68.2
1485.39,4.192,2.956,631.26,1907.97,2975.14,156.4
1488.95,4.195,3.092,657.98,1978.77,3107.72,168.9
1012.99,4.004,2.681,279.32,1270.0,2378.07,8.6
1390.49,4.136,2.911,535.71,1796.92,2799.15,129.6
1197.37,4.033,2.785,404.57,1573.51,2599.27,63.8
1189.46,4.093,2.805,409.9,1533.96,2524.44,67.3
1420.69,4.126,2.876,527.15,1791.14,2800.71,128.5
1443.6,4.18,2.906,614.16,1943.95,2926.36,156.2
1450.03,4.175,3.02,636.26,1944.65,3008.03,161.7
1286.26,4.143,2.784,481.75,1683.2,2738.84,98.5
1153.7,4.064,2.797,419.01,1505.41,2505.33,61.4
1396.2,4.149,2.908,560.48,1842.63,2886.76,134.1
1101.83,4.059,2.734,340.19,1437.04,2469.11,43.4
1259.34,4.152,2.848,451.85,1637.35,2726.4,96.3
1218.52,4.074,2.717,413.08,1555.12,2533.04,61.6
1305.64,4.121,2.852,527.67,1793.48,2760.68,112.0
1098.0,4.055,2.754,354.9,1456.05,2451.24,41.6
1125.92,4.0,2.736,345.86,1362.59,2447.56,33.4
1428.16,4.184,2.967,614.48,1929.79,2896.3,156.2
1041.15,4.052,2.694,308.63,1354.2,2357.82,18.2
1255.32,4.1,2.856,423.85,1578.12,2637.3,86.5
1132.85,4.039,2.763,356.4,1411.59,2432.37,38.3
1063.06,4.0,2.675,321.76,1262.8,2335.14,7.6
1012.68,3.991,2.735,296.77,1272.13,2351.72,7.1
1104.49,4.034,2.748,330.56,1406.66,2493.83,30.6
1414.65,4.188,2.964,584.03,1895.65,2863.65,147.5
1121.53,4.044,2.766,376.41,1437.4,2470.87,48.7
1502.35,4.14,2.974,644.75,1959.51,2967.24,161.6
1264.31,4.122,2.878,482.45,1672.84,2648.54,99.3
1214.64,4.125,2.819,393.22,1605.34,2625.7,74.8
1281.17,4.105,2.84,500.01,1620.37,2713.55,99.0
1219.35,4.07,2.82,462.66,1614.22,2691.79,88.3
1392.77,4.163,2.894,542.06,1860.73,2924.03,129.2
1150.69,4.085,2.733,361.0,1435.34,2514.73,48.7
1119.04,4.076,2.784,385.67,1487.17,2538.09,60.7
1448.12,4.212,2.942,615.37,1902.53,2965.66,152.1
1450.72,4.205,3.009,596.05,1996.49,2962.66,161.0
1467.77,4.192,2.968,609.46,1928.96,2919.56,151.8
1163.45,4.068,2.797,419.43,1534.74,2675.84,71.9
1371.09,4.16,2.935,557.73,1828.94,2879.31,132.9
1235.67,4.09,2.813,418.01,1596.77,2604.66,81.5
1238.19,4.094,2.828,417.58,1636.09,2620.17,85.1
1121.4,4.029,2.674,377.85,1415.33,2406.98,35.6
1244.82,4.119,2.85,480.08,1696.56,2676.4,100.9
1135.59,4.004,2.73,367.48,1394.27,2493.17,32.5
1171.99,4.077,2.774,398.69,1544.18,2524.95,57.0
1453.93,4.152,2.927,587.11,1886.88,2828.95,145.5
1125.23,4.029,2.767,348.41,1399.44,2480.3,36.0
1045.46,4.013,2.71,320.41,1358.18,2378.4,13.0
1012.76,3.987,2.679,321.48,1342.64,2352.27,12.7
1452.81,4.148,2.982,630.28,1926.75,2933.78,160.0
1281.11,4.089,2.837,462.96,1511.17,2664.09,86.7
1229.51,4.048,2.78,428.82,1575.68,2600.53,70.2
1380.73,4.175,2.92,571.5,1841.49,2886.21,138.0
1339.13,4.143,2.927,568.12,1874.8,2817.27,142.3
1153.83,4.09,2.793,392.81,1540.42,2501.76,57.1
1327.53,4.136,2.886,506.99,1737.83,2772.18,118.2
1368.88,4.153,2.867,544.17,1790.76,2789.61,131.3
1327.99,4.088,2.828,508.69,1695.59,2782.66,111.6
1101.38,4.026,2.72,326.72,1446.53,2452.04,26.6
1456.01,4.172,2.935,614.2,1939.86,2890.41,149.0
1268.2,4.078,2.755,448.55,1672.84,2711.68,92.1
1091.65,4.052,2.728,337.03,1412.44,2521.45,48.7
1193.78,4.072,2.779,436.9,1528.01,2617.57,72.9
1089.59,3.995,2.683,295.36,1325.12,2234.29,7.3
1078.77,4.018,2.736,322.22,1376.44,2401.46,22.6
1381.38,4.142,2.833,535.73,1812.15,2815.21,130.4
1025.82,3.996,2.664,255.95,1238.71,2318.93,1.0
1208.61,4.076,2.808,401.93,1596.21,2585.39,71.4
1189.37,4.11,2.795,460.86,1694.41,2625.98,89.3
1032.97,3.992,2.662,296.46,1328.52,2347.3,10.2
1483.93,4.173,3.012,632.72,1956.38,2964.87,165.5
1143.73,4.024,2.75,325.41,1477.03,2510.78,39.2
1147.64,4.084,2.748,403.23,1490.43,2521.3,52.4
1105.17,4.074,2.734,375.09,1534.09,2503.9,52.4
1124.33,4.064,2.752,387.39,1423.51,2427.7,39.9
997.32,4.017,2.699,290.1,1342.1,2434.63,1.2
1322.81,4.134,2.847,555.94,1779.65,2854.24,124.3
1460.54,4.199,3.028,624.11,1954.38,2983.77,164.4
1124.46,4.04,2.697,327.61,1454.92,2416.72,38.9
1350.52,4.143,2.895,503.25,1741.5,2708.56,113.1
1371.85,4.14,2.927,546.21,1814.14,2889.85,126.4
1432.17,4.17,2.931,592.61,1852.57,2960.31,144.4
1212.91,4.081,2.818,422.26,1538.86,2617.5,72.4
1148.41,4.065,2.733,410.02,1473.04,2493.68,52.2
1173.43,4.072,2.757,388.93,1510.87,2519.11,56.0
1284.07,4.142,2.861,521.23,1757.26,2768.28,121.4
1402.15,4.164,2.923,565.55,1891.12,2957.3,139.0
1066.22,4.034,2.728,324.97,1397.61,2436.85,31.7
1206.02,4.102,2.772,402.84,1583.43,2604.2,63.7
1441.8,4.145,2.968,622.11,1892.54,2970.69,153.4
1394.76,4.14,2.922,585.92,1861.66,2815.89,137.3
1453.86,4.21,3.087,638.62,2001.99,2992.73,167.4
1391.66,4.154,2.835,542.09,1819.93,2820.2,128.5
1202.97,4.079,2.836,396.47,1546.49,2638.2,67.4
1296.46,4.128,2.825,492.42,1715.73,2744.21,100.8
1297.69,4.134,2.857,486.72,1705.11,2765.73,112.7
1029.42,3.996,2.744,295.48,1339.72,2382.37,14.3
1265.3,4.117,2.84,398.11,1627.03,2661.37,93.0
1325.47,4.14,2.893,506.85,1760.75,2762.82,120.9
1097.07,4.017,2.761,323.81,1399.16,2405.24,29.3
1326.12,4.168,2.902,546.18,1860.12,2869.27,132.9
1266.93,4.126,2.861,455.86,1644.07,2752.17,99.7
1518.17,4.194,2.972,611.33,2012.41,2992.39,161.9
1044.95,4.034,2.708,314.94,1337.33,2289.95,8.2
1133.19,4.073,2.763,351.7,1459.66,2513.85,45.8
1337.62,4.137,2.874,454.94,1666.29,2752.03,102.7
1084.6,4.104,2.775,357.91,1525.91,2589.98,51.1
1325.09,4.137,2.885,511.16,1795.81,2750.82,121.7
1358.71,4.14,2.888,543.8,1829.22,2877.63,129.3
1080.23,4.03,2.699,318.7,1327.0,2456.18,18.3
1266.63,4.093,2.802,428.81,1640.21,2624.26,87.8
1220.68,4.098,2.772,451.8,1612.01,2690.72,87.0
1201.13,4.049,2.824,418.88,1567.5,2502.82,63.4
1452.46,4.198,3.023,634.86,1985.17,2952.82,158.7
1435.41,4.135,2.936,582.31,1862.59,2839.98,140.8
1310.76,4.135,2.897,525.78,1751.54,2819.82,118.8
1342.34,4.14,2.902,521.81,1805.61,2802.21,121.7
1207.37,4.079,2.767,451.48,1616.37,2618.88,79.0
1482.36,4.148,3.003,620.75,1903.78,2970.06,156.6
1322.16,4.101,2.91,506.55,1758.4,2756.65,118.4
1351.97,4.128,2.865,530.26,1858.62,2814.99,124.2
1436.22,4.182,2.9,578.17,1893.01,2932.77,146.6
1146.55,4.054,2.713,364.14,1471.47,2493.47,47.3
1416.36,4.159,2.916,583.18,1868.03,2872.79,137.4
1103.51,4.014,2.693,338.61,1393.37,2443.91,34.0
1154.71,4.07,2.761,377.85,1537.17,2611.75,59.4
1151.97,4.025,2.744,402.11,1518.69,2604.48,57.7
1488.57,4.148,3.039,659.33,2017.04,2981.92,166.4
1426.99,4.165,2.928,574.3,1838.76,2896.74,145.8
1334.94,4.127,2.873,543.45,1782.67,2754.81,119.5
1352.51,4.163,2.902,546.18,1797.69,2903.16,123.9
1230.43,4.112,2.798,458.78,1626.91,2732.02,96.0
1487.08,4.222,3.013,644.25,1950.92,2999.63,161.1
1240.74,4.084,2.781,424.2,1633.5,2713.23,84.9
1206.44,4.08,2.775,394.5,1540.48,2576.23,65.3
1084.37,4.02,2.72,314.95,1387.45,2421.93,28.6
1339.64,4.183,2.92,541.52,1835.46,2912.93,133.9
1346.92,4.14,2.893,547.52,1782.96,2796.26,125.1
1178.17,4.089,2.813,402.82,1601.86,2573.48,66.0
1045.54,3.975,2.692,274.51,1305.71,2353.67,5.3
1359.53,4.158,2.915,569.69,1885.23,2846.09,142.8
1022.44,3.992,2.717,277.38,1246.96,2364.17,2.9
1352.76,4.163,2.885,526.04,1764.46,2818.95,119.9
1466.77,4.15,3.055,670.52,1961.0,2957.88,165.0
1210.05,4.076,2.787,424.72,1578.67,2663.22,75.0
1099.91,4.033,2.7,357.78,1427.74,2433.7,40.7
1322.29,4.097,2.943,545.86,1756.28,2782.96,120.1
1389.35,4.153,2.905,561.06,1852.46,2934.19,139.1
1242.89,4.074,2.787,481.19,1625.54,2684.83,93.3
1498.59,4.147,3.047,628.6,1992.22,2917.97,164.4
1019.37,3.997,2.67,293.24,1337.54,2368.43,9.7
1217.77,4.091,2.798,440.85,1642.78,2650.69,86.3
1391.76,4.136,2.885,526.64,1810.63,2827.97,122.4
1448.08,4.176,2.943,586.09,1917.55,2949.46,146.8
1044.79,4.011,2.715,341.7,1360.69,2440.77,31.3
1371.3,4.194,2.963,555.6,1891.11,2767.82,136.2
1269.8,4.106,2.821,465.05,1688.67,2716.73,94.4
1196.95,4.1,2.752,383.08,1493.06,2548.55,68.0
1033.78,3.985,2.745,333.68,1344.18,2432.21,23.3
1454.46,4.155,2.927,606.85,1859.03,2942.05,147.2
1102.53,4.038,2.718,332.95,1397.3,2471.32,27.6
1161.02,4.051,2.73,389.12,1473.25,2564.61,53.4
1173.99,4.03,2.758,358.86,1476.23,2505.1,50.0
1440.13,4.136,2.953,615.29,1952.72,2906.93,148.3
1335.2,4.146,2.863,512.72,1794.19,2792.94,114.7
1427.6,4.171,2.918,536.49,1815.08,2893.03,135.6
1149.95,4.048,2.767,376.86,1461.81,2451.39,43.3
1278.66,4.112,2.868,501.85,1770.29,2780.17,106.6
1288.98,4.088,2.799,498.79,1649.04,2634.64,97.6
1391.37,4.164,2.911,600.85,1900.28,2801.71,141.7
1460.36,4.154,3.001,627.84,1922.24,2869.34,154.1
1033.62,3.979,2.666,294.66,1259.04,2353.42,3.1
1290.07,4.157,2.879,521.09,1797.26,2801.63,114.9
1034.77,3.965,2.723,282.51,1300.65,2366.91,9.8
1268.48,4.119,2.773,457.95,1655.31,2669.21,93.8
1128.08,4.081,2.739,415.39,1463.19,2534.76,49.6
1155.48,4.072,2.781,351.0,1518.77,2501.83,52.8
1188.81,4.073,2.763,396.99,1549.04,2546.61,60.6
1297.13,4.112,2.834,489.1,1690.58,2707.43,106.0
1165.61,4.048,2.788,398.77,1509.73,2572.82,57.5
1389.56,4.099,2.92,537.02,1806.68,2793.5,124.8
1204.41,4.076,2.761,428.24,1585.26,2609.8,69.4
1049.61,3.997,2.754,303.63,1306.26,2373.3,12.6
1357.85,4.141,2.854,566.76,1875.51,2915.63,133.5
1154.92,4.05,2.706,375.51,1496.96,2517.35,49.3
1214.12,4.083,2.775,415.53,1547.61,2663.08,74.1
1362.61,4.122,2.858,508.44,1774.87,2816.87,116.8
1160.44,4.093,2.754,404.61,1519.81,2500.95,57.2
994.35,4.018,2.683,309.41,1295.39,2339.72,10.6
1135.83,4.087,2.752,414.41,1547.11,2562.82,64.2
1487.32,4.186,2.996,643.6,1956.94,2983.56,160.6
1293.96,4.135,2.835,489.89,1681.98,2785.82,109.5
1334.28,4.114,2.884,505.32,1654.07,2801.16,114.5
1306.29,4.137,2.851,488.85,1782.41,2716.55,107.9
1095.69,4.029,2.724,357.88,1408.97,2455.86,34.6
1196.65,4.058,2.783,416.2,1569.06,2586.87,71.7
1342.87,4.148,2.927,544.27,1778.51,2843.94,127.9
1057.9,4.007,2.694,297.15,1328.62,2326.6,18.1
1119.99,4.096,2.711,379.81,1532.09,2508.32,48.0
1124.61,4.058,2.719,379.81,1538.51,2437.74,47.7
1197.42,4.113,2.782,428.06,1519.91,2569.44,74.0
1483.3,4.219,3.057,643.46,1986.45,3051.77,166.7
1067.3,4.006,2.728,318.81,1379.97,2436.97,12.4
1243.85,4.091,2.863,450.17,1643.83,2645.32,88.7
1116.96,3.994,2.748,357.65,1419.82,2463.23,31.3
1521.99,4.176,3.003,647.34,1972.11,2999.08,165.0
1084.66,4.028,2.705,297.55,1370.04,2454.21,20.1
1205.51,4.069,2.716,407.69,1598.71,2603.53,69.2
1365.85,4.153,2.879,541.04,1815.16,2778.35,125.7
1362.0,4.098,2.857,512.17,1738.1,2764.74,120.1
1203.36,4.089,2.717,432.57,1550.03,2622.42,72.4
1190.32,4.086,2.829,360.52,1538.21,2482.22,59.6
1204.7,4.039,2.768,419.68,1549.05,2521.04,68.2
1119.55,4.054,2.683,373.41,1441.27,2534.02,45.7
1125.01,4.061,2.724,314.58,1384.33,2566.52,35.7
1232.13,4.126,2.853,439.43,1582.24,2622.29,82.6
1127.79,4.037,2.804,357.91,1439.12,2496.61,46.4
1127.01,4.067,2.753,391.84,1487.42,2512.48,49.6
1319.99,4.157,2.861,491.0,1723.51,2774.77,112.0
1507.25,4.201,3.064,647.63,1980.87,2944.12,164.7
1311.25,4.143,2.836,497.85,1704.58,2724.79,103.0
1056.99,4.007,2.717,300.0,1353.31,2407.41,14.0
1062.57,4.015,2.728,324.95,1304.65,2351.44,13.8
1504.6,4.177,2.977,621.68,2010.76,2966.99,161.8
1139.58,4.05,2.8,393.78,1427.78,2563.71,51.2
1026.53,4.019,2.68,349.32,1330.56,2384.2,16.6
1319.26,4.102,2.82,495.07,1683.74,2664.32,102.2
1285.83,4.117,2.85,499.79,1690.88,2651.54,106.4
1294.39,4.142,2.883,493.21,1666.79,2713.71,110.6
1085.04,4.088,2.767,391.92,1496.19,2549.61,46.2
1037.18,3.953,2.689,301.7,1314.09,2324.13,3.6
1439.84,4.232,3.031,627.14,1987.76,2989.8,164.1
1103.85,4.038,2.775,381.25,1426.58,2543.12,43.4
1340.39,4.152,2.865,512.84,1738.16,2728.27,115.2
1359.48,4.162,2.852,533.61,1766.03,2905.51,120.4
1275.93,4.15,2.824,479.17,1697.34,2729.04,104.1
1147.03,4.042,2.785,364.86,1515.3,2554.2,53.9
1109.77,4.043,2.723,351.96,1447.51,2476.55,46.8
1272.33,4.115,2.791,474.87,1669.77,2686.22,102.0
1432.59,4.165,2.94,597.91,1901.02,2908.98,147.4
1457.66,4.215,3.002,621.34,1959.92,2938.93,161.0
1054.08,4.012,2.735,302.44,1364.72,2398.33,18.9
1044.24,3.991,2.677,314.62,1424.28,2342.01,27.2
1497.41,4.176,3.013,643.91,1944.88,2907.0,160.7
1369.73,4.113,2.923,533.77,1826.46,2798.66,125.5
1454.95,4.171,2.934,568.21,1913.82,2874.03,150.2
1133.7,4.047,2.734,343.43,1445.92,2580.62,35.2
1260.38,4.101,2.77,470.5,1725.04,2725.31,100.3
1329.64,4.13,2.9,524.31,1749.3,2805.89,119.5
1280.41,4.128,2.89,504.31,1815.75,2737.21,115.9
1272.79,4.079,2.782,430.58,1564.01,2568.86,70.0
1019.27,4.005,2.65,286.15,1254.98,2314.6,3.6
1304.66,4.129,2.853,471.8,1650.49,2760.73,99.5
1092.63,4.089,2.736,354.73,1494.09,2435.99,43.8
1239.07,4.088,2.71,433.21,1628.04,2611.42,77.1
1522.67,4.206,3.038,636.61,1999.93,2988.46,162.8
1188.51,4.043,2.815,402.25,1535.86,2498.17,68.4
1386.45,4.159,2.975,579.23,1865.34,2823.47,142.9
1091.86,4.025,2.69,335.39,1358.28,2393.48,32.9
1268.19,4.111,2.806,522.52,1741.92,2768.28,114.6
1486.13,4.184,3.025,620.16,1987.23,2965.93,166.1
1079.03,4.01,2.724,308.02,1391.92,2429.21,18.2
1019.27,3.983,2.661,283.56,1276.47,2241.27,2.4
1199.15,4.134,2.742,441.12,1566.68,2597.29,74.3
1067.83,4.021,2.728,328.05,1349.39,2432.88,16.7
1378.27,4.187,2.883,546.35,1832.91,2764.47,127.5
1410.91,4.212,2.998,596.54,1980.38,2936.59,155.6
1208.68,4.069,2.79,421.21,1556.02,2644.2,74.3
1186.98,4.046,2.74,389.46,1448.64,2552.78,44.7
1173.26,4.073,2.788,418.25,1581.38,2564.27,74.4
1348.02,4.139,2.872,532.2,1780.7,2825.31,123.3
1069.01,3.974,2.675,289.49,1266.61,2332.19,2.5
1309.55,4.105,2.802,464.7,1681.73,2677.75,100.6
1281.03,4.126,2.858,474.46,1670.4,2686.17,104.6
1311.32,4.131,2.889,483.92,1706.74,2701.44,108.8
1118.64,4.047,2.726,351.46,1405.25,2633.83,41.9
1326.58,4.139,2.935,533.09,1782.03,2851.2,121.7
1052.27,4.028,2.718,312.61,1328.13,2387.79,16.4
1092.98,4.028,2.738,350.11,1396.52,2423.02,34.7
1434.93,4.202,2.975,627.57,1905.8,2938.24,149.3
1339.41,4.109,2.918,575.43,1725.93,2772.16,125.8
990.43,4.007,2.676,289.4,1278.8,2346.66,3.3
1120.46,4.053,2.759,371.81,1452.47,2523.03,43.0
1149.45,4.023,2.765,357.11,1452.5,2460.44,37.2
1133.51,4.041,2.736,381.32,1480.42,2480.56,46.8
1112.85,4.052,2.742,373.33,1484.18,2468.42,42.8
1061.05,4.023,2.677,293.81,1277.61,2404.69,11.6
1214.34,4.052,2.781,458.92,1626.22,2629.07,78.6
1401.69,4.157,2.876,557.02,1804.61,2882.95,124.8
1290.48,4.109,2.814,498.57,1686.01,2657.92,103.5
1341.58,4.154,2.862,520.22,1754.23,2725.24,114.7
1031.01,3.971,2.714,313.07,1426.79,2381.6,14.7
1485.42,4.239,3.022,631.02,1966.68,2984.68,161.8
1417.9,4.149,2.91,590.13,1877.96,2886.36,142.7
1391.72,4.188,2.9,567.91,1875.95,2922.28,137.1
1390.15,4.162,2.952,577.36,1857.19,2840.65,140.1
1446.48,4.17,2.975,619.88,1924.03,2954.36,158.6
1266.65,4.11,2.846,458.38,1698.57,2732.0,93.0
1116.14,4.054,2.709,371.55,1370.4,2528.74,34.8
1292.44,4.089,2.856,491.11,1710.81,2729.65,105.2
1367.47,4.16,2.913,533.94,1801.31,2931.06,126.5
1356.75,4.145,2.809,540.54,1774.54,2823.98,125.7
1250.9,4.112,2.84,435.67,1600.35,2741.11,89.1
1039.63,4.006,2.741,319.43,1320.74,2356.06,12.6
1177.48,4.057,2.763,400.57,1543.32,2565.67,63.7
1523.28,4.161,2.994,611.18,1970.01,2992.34,156.6
1287.24,4.127,2.809,470.97,1662.64,2748.63,99.8
1272.82,4.117,2.83,436.38,1628.6,2683.94,92.0
1141.54,4.061,2.821,393.8,1506.58,2461.53,46.4
1169.23,4.077,2.706,402.47,1516.42,2675.08,63.3
1474.22,4.197,2.951,632.04,1909.02,2917.1,152.3
1313.52,4.158,2.885,505.52,1782.79,2774.44,113.6
1410.1,4.118,2.947,565.51,1787.4,2777.06,134.1
1207.75,4.039,2.754,440.6,1555.5,2605.5,77.8
1278.41,4.157,2.83,502.53,1761.19,2782.52,107.5
1130.63,4.016,2.725,353.2,1428.59,2483.81,43.0
1313.22,4.117,2.856,498.43,1759.23,2904.24,120.2
1216.82,4.075,2.784,453.95,1558.93,2621.49,73.3
1180.64,4.051,2.749,414.41,1573.48,2596.24,75.8
1304.09,4.119,2.848,540.69,1719.75,2828.4,110.7
1428.61,4.168,2.968,614.07,1954.83,3054.31,159.2
1113.41,4.0,2.698,324.84,1359.18,2420.81,11.8
1362.28,4.169,2.906,583.22,1840.99,2885.04,140.4
1141.37,4.045,2.748,383.64,1459.4,2511.67,50.4
1239.73,4.076,2.761,416.43,1585.04,2555.23,76.0
1051.55,4.001,2.72,286.16,1340.84,2353.26,4.7
1166.31,4.075,2.745,371.14,1474.31,2540.65,51.9
1231.36,4.128,2.809,449.12,1599.3,2614.88,85.9
1073.37,3.999,2.694,298.65,1255.81,2364.81,10.5
1256.55,4.13,2.806,434.7,1595.12,2697.5,84.0
1464.64,4.202,2.989,604.8,1917.45,2938.57,157.7
1065.99,3.989,2.734,303.4,1313.52,2407.34,18.8
1364.0,4.126,2.891,555.11,1821.58,2758.03,130.2
1172.25,4.065,2.761,401.28,1551.76,2670.65,70.2
1345.97,4.157,2.859,486.45,1780.64,2737.14,111.7
1159.56,4.036,2.726,363.87,1461.29,2485.64,45.0
1060.74,3.987,2.719,297.57,1416.04,2440.67,28.0
1079.42,4.02,2.69,330.5,1381.31,2423.08,28.1
1041.89,3.966,2.733,305.2,1299.56,2409.63,12.9
1093.27,4.009,2.704,346.73,1422.15,2432.91,32.4
1321.26,4.118,2.897,511.62,1710.7,2746.89,113.3
1458.09,4.178,2.956,577.83,1943.28,2956.0,150.0
1379.27,4.182,2.948,565.14,1834.6,2763.11,138.6
1309.2,4.148,2.845,524.61,1782.31,2733.29,116.8
1093.0,3.991,2.652,321.91,1363.94,2407.39,19.7
1128.12,4.044,2.702,359.41,1445.78,2550.39,49.9
1117.4,4.057,2.832,384.15,1525.6,2564.56,53.4
1110.07,4.038,2.724,372.19,1505.34,2381.7,43.2
1237.05,4.093,2.845,434.9,1612.74,2649.49,88.0
1294.2,4.069,2.78,427.74,1630.48,2717.17,91.5
1193.59,4.043,2.774,420.28,1524.36,2521.19,61.3
1197.73,4.057,2.779,397.35,1546.15,2550.86,60.8
1426.18,4.102,3.014,567.21,1904.73,2900.29,141.0
1408.39,4.169,2.901,550.09,1827.47,2857.99,134.4
1130.87,4.028,2.735,379.45,1492.02,2548.9,53.0
1447.02,4.196,2.989,626.73,1922.66,2933.78,155.4
1448.83,4.202,2.983,605.9,1950.96,2990.3,162.0
1151.4,4.049,2.773,377.52,1485.18,2565.77,56.2
1186.44,4.085,2.767,417.64,1479.66,2594.78,60.9
1244.11,4.112,2.787,458.47,1654.34,2694.4,86.5
1499.87,4.182,3.015,634.38,1957.36,2998.88,160.0
1402.95,4.166,2.958,600.77,1950.22,2895.66,149.1
1071.3,4.035,2.732,317.98,1372.1,2375.37,18.3
1155.86,4.078,2.828,398.91,1535.62,2594.45,67.4
1266.42,4.128,2.809,455.42,1628.84,2773.18,94.5
1258.04,4.048,2.797,457.28,1682.66,2669.95,86.0
1092.27,4.034,2.689,332.73,1358.23,2520.29,33.8
1435.77,4.139,2.96,591.32,1880.8,2962.19,146.1
1302.16,4.132,2.846,513.83,1744.22,2838.22,115.4
1369.11,4.18,2.944,610.94,1855.7,2945.15,142.6
1435.89,4.205,2.98,584.63,1865.47,2865.0,146.1
1406.75,4.129,2.872,557.99,1770.73,2784.27,127.5
1184.01,4.072,2.777,432.79,1558.94,2583.24,75.2
1323.04,4.117,2.873,483.78,1703.39,2778.34,104.2
1084.3,4.005,2.743,311.9,1395.55,2419.81,28.1
1291.07,4.151,2.882,509.45,1735.81,2752.44,114.8
1063.04,4.027,2.714,349.81,1383.32,2426.76,31.3
1335.29,4.139,2.828,499.98,1735.39,2809.45,118.3
1103.11,4.052,2.716,364.53,1438.72,2449.16,39.8
1032.25,4.014,2.682,337.88,1358.88,2382.38,20.9
1042.97,4.009,2.74,333.5,1401.1,2421.97,28.9
996.46,3.99,2.696,298.45,1264.34,2362.59,1.3
1352.56,4.124,2.863,530.46,1757.85,2740.86,122.5
1354.66,4.146,2.874,542.49,1794.81,2816.88,124.8
1232.73,4.119,2.827,471.92,1650.79,2654.52,88.0
1088.69,4.001,2.712,307.56,1360.44,2455.85,28.3
1076.88,3.978,2.687,296.31,1315.81,2375.28,15.1
1034.37,3.996,2.75,308.25,1255.12,2300.49,4.2
1082.49,4.01,2.706,353.73,1354.88,2520.42,29.0
1462.62,4.178,2.984,579.89,1899.18,2986.74,151.6
1094.48,4.048,2.752,379.22,1416.67,2494.83,41.8
1163.64,4.022,2.723,354.2,1544.47,2584.2,60.9
1054.92,4.027,2.689,323.52,1350.13,2364.5,18.8
1079.12,4.014,2.76,353.0,1466.67,2480.55,38.6
1236.85,4.099,2.81,440.1,1676.53,2777.92,88.7
1239.21,4.105,2.797,474.39,1703.33,2781.29,103.7
1167.96,4.031,2.753,347.48,1384.43,2445.31,42.5
1016.79,4.037,2.682,297.3,1329.37,2378.92,10.8
1225.93,4.079,2.791,435.13,1580.75,2588.5,67.1
1116.2,4.058,2.819,365.8,1455.83,2500.92,40.6
1122.94,4.04,2.747,370.35,1437.25,2541.6,38.1
1465.28,4.204,3.036,626.89,1961.37,2935.98,163.2
1300.58,4.128,2.837,491.21,1673.82,2729.42,105.2
1282.06,4.113,2.792,449.04,1684.4,2652.25,95.1
1214.47,4.1,2.815,409.76,1558.14,2610.47,71.3
1223.43,4.084,2.77,410.27,1582.74,2615.06,73.5
1248.74,4.15,2.813,466.46,1636.4,2769.7,92.4
1324.16,4.156,2.926,508.75,1828.49,2757.95,118.7
1299.27,4.115,2.865,509.09,1779.94,2832.14,119.7
1101.15,4.024,2.761,339.96,1382.68,2333.57,30.0
1265.13,4.104,2.82,443.28,1590.36,2736.1,85.5
1236.46,4.078,2.767,402.1,1519.32,2600.47,70.6
1435.97,4.187,2.962,579.44,1918.63,2916.58,148.1
1283.83,4.139,2.828,483.12,1702.83,2738.86,107.7
1211.4,4.075,2.845,468.23,1634.41,2699.63,91.0
1090.2,4.041,2.749,323.36,1339.7,2377.19,20.5
1245.12,4.108,2.842,472.32,1668.56,2736.02,103.4
1056.41,4.004,2.752,306.9,1348.5,2456.12,20.8
1155.83,4.05,2.769,369.82,1510.16,2533.46,58.0
1074.02,4.037,2.745,319.38,1344.31,2407.08,25.1
1334.82,4.13,2.959,519.44,1775.22,2777.8,118.0
1106.47,4.021,2.806,331.49,1380.96,2499.76,35.9
1126.28,4.065,2.773,438.44,1533.78,2579.71,67.2
1442.42,4.142,2.975,612.48,1930.22,2910.45,152.4
1046.43,4.017,2.7,343.59,1415.93,2467.33,35.5
1260.11,4.072,2.834,448.17,1580.77,2706.51,86.8
1185.62,4.073,2.797,394.29,1482.9,2552.09,71.9
970.19,4.008,2.668,271.22,1308.21,2366.46,4.1
1366.22,4.168,2.948,578.76,1861.55,2871.86,135.0
1030.63,4.031,2.694,328.13,1338.07,2386.1,12.7
1255.39,4.111,2.785,401.47,1599.01,2642.07,81.1
1272.59,4.098,2.838,473.59,1660.97,2701.03,95.8
1310.1,4.123,2.834,513.19,1714.89,2773.9,107.2
1361.69,4.134,2.869,511.09,1780.26,2724.71,117.4
1121.26,4.001,2.796,382.32,1446.01,2460.51,43.8
1039.69,3.969,2.671,298.46,1297.05,2263.63,2.7
1367.25,4.139,2.903,537.03,1828.11,2882.89,123.3
1223.21,4.1,2.801,453.51,1621.18,2733.2,91.5
1446.57,4.176,2.904,578.68,1868.18,2800.55,142.3
1366.33,4.172,2.923,564.3,1836.79,2891.82,139.8
1436.56,4.132,3.017,584.83,1867.43,2883.59,143.5
1192.9,4.103,2.827,442.41,1610.59,2672.41,83.0
1174.84,4.064,2.777,379.32,1479.57,2560.04,57.4
1432.48,4.169,2.896,529.21,1791.21,2851.24,134.8
1209.33,4.107,2.783,423.55,1550.15,2623.36,77.3
1086.72,4.027,2.682,322.34,1415.38,2486.94,32.0
1435.17,4.195,2.997,568.59,1868.07,2876.55,145.5
1426.65,4.158,2.967,587.03,1902.66,2903.89,150.2
1267.27,4.07,2.804,444.25,1601.6,2661.84,79.8
1052.43,4.016,2.709,288.85,1356.61,2408.87,13.8
1176.78,4.065,2.84,390.93,1535.64,2594.8,66.5
1378.8,4.164,2.926,574.05,1856.4,2845.89,136.8
1422.07,4.219,2.965,594.32,1890.01,2865.6,153.4
1086.11,4.042,2.785,326.9,1410.94,2394.38,35.4
1035.26,4.009,2.697,315.14,1294.24,2360.7,12.3
1419.86,4.157,2.905,593.17,1901.0,2922.33,149.3
1169.07,4.039,2.732,405.76,1549.1,2570.02,66.8
1310.83,4.103,2.815,456.09,1647.61,2644.91,92.6
1456.33,4.215,3.035,641.78,1962.47,2929.77,164.6
1047.52,3.999,2.726,313.17,1331.37,2375.09,12.2
1326.37,4.135,2.828,498.39,1720.69,2813.53,110.6
1062.72,4.035,2.696,282.58,1315.9,2343.78,13.5
1177.58,4.098,2.749,404.46,1503.83,2573.78,64.5
1386.43,4.168,2.951,558.47,1864.39,2836.88,136.8
1217.49,4.085,2.828,433.02,1575.34,2637.88,74.3
1505.08,4.169,3.137,635.27,1983.42,2993.05,169.5
1260.4,4.095,2.836,461.21,1636.07,2738.19,95.5
1115.08,4.053,2.816,359.45,1567.33,2543.0,55.3
1097.36,4.02,2.715,360.76,1336.67,2475.48,38.2
1138.88,4.069,2.774,409.89,1495.07,2523.87,60.2
1161.01,4.107,2.741,391.67,1518.87,2539.35,64.0
1045.57,4.036,2.719,300.59,1352.35,2388.41,12.6
1185.29,4.073,2.781,385.83,1521.81,2580.0,63.5
1265.34,4.104,2.724,420.4,1604.09,2715.11,79.5
1336.35,4.128,2.916,540.38,1774.92,2766.06,123.1
1335.2,4.158,2.884,495.99,1794.32,2804.62,112.0
1350.19,4.108,2.861,531.44,1789.57,2805.62,120.8
1052.58,4.011,2.697,286.27,1265.26,2291.13,2.4
1122.4,4.047,2.69,359.5,1446.6,2362.07,37.8
1293.14,4.114,2.837,499.62,1735.26,2742.93,112.8
1187.22,4.088,2.853,454.5,1667.63,2627.51,82.8
1026.74,3.97,2.654,313.79,1323.3,2307.62,1.9
1379.6,4.137,2.918,538.35,1858.56,2901.85,137.0
1351.5,4.121,2.861,549.2,1818.67,2825.79,131.6
1229.94,4.121,2.833,460.55,1640.42,2702.38,93.7
1047.84,4.029,2.718,292.12,1349.7,2312.77,12.2
1410.39,4.108,2.922,554.08,1864.59,2855.37,130.5
1268.87,4.15,2.848,492.07,1676.49,2663.41,99.6
1395.6,4.154,2.95,524.78,1846.16,2877.41,133.2
1362.38,4.154,2.878,511.11,1825.08,2868.41,128.0
1359.78,4.129,2.885,588.09,1875.3,2804.78,136.7
1265.13,4.126,2.796,447.05,1614.04,2747.81,88.5
1047.32,4.025,2.677,325.86,1386.12,2399.35,24.7
1323.73,4.154,2.866,493.23,1817.03,2789.28,114.4
1288.94,4.145,2.841,490.04,1715.11,2770.92,105.9
1382.29,4.173,2.905,558.49,1816.39,2796.29,126.4
1060.84,4.014,2.675,340.9,1404.21,2409.17,29.7
1107.89,4.028,2.729,344.06,1426.56,2436.97,34.0
1418.18,4.165,3.0,574.27,1880.52,2942.95,151.5
1351.23,4.166,2.911,552.27,1870.02,2851.88,127.7
1358.05,4.187,2.918,608.8,1931.93,2992.7,154.5
1420.89,4.171,2.897,535.61,1831.5,2884.22,129.2
1299.55,4.138,2.816,490.03,1697.73,2773.74,101.9
1295.33,4.093,2.858,489.81,1765.39,2798.18,111.5
1410.36,4.204,2.951,608.67,1899.2,2955.66,151.3
1264.26,4.131,2.884,491.65,1642.43,2695.92,98.8
1321.41,4.116,2.852,496.32,1717.49,2726.27,107.9
1034.26,4.031,2.73,323.02,1398.12,2366.56,27.4
1221.92,4.088,2.799,426.0,1595.19,2697.04,81.1
1390.76,4.153,2.894,533.15,1763.27,2807.52,122.1
1103.17,4.04,2.741,358.73,1472.7,2518.02,46.8
1103.29,4.043,2.754,378.93,1387.1,2346.27,35.2
1205.88,4.058,2.746,358.01,1521.47,2507.04,54.0
1134.26,4.033,2.782,353.82,1432.52,2523.92,41.8
1109.94,4.04,2.749,351.47,1438.52,2480.44,37.3
1214.79,4.134,2.782,419.42,1535.62,2581.53,72.8
1438.7,4.167,3.0,600.07,1969.24,2931.92,154.4
1273.93,4.092,2.825,465.11,1643.54,2742.63,86.7
1085.08,4.017,2.753,348.99,1423.54,2439.8,32.8
999.17,3.996,2.706,316.98,1291.52,2380.33,14.0
1326.25,4.153,2.865,509.22,1745.82,2791.55,118.7
1158.28,4.085,2.78,396.47,1546.57,2588.01,65.7
1395.04,4.163,2.911,578.52,1830.4,2925.81,139.9
1310.77,4.149,2.888,488.14,1722.26,2866.16,112.5
1418.36,4.173,2.958,570.36,1866.13,2919.2,135.6
1149.35,4.045,2.765,364.02,1444.76,2514.67,47.0
1340.65,4.105,2.914,533.68,1776.69,2836.94,118.0
1128.38,4.063,2.78,356.58,1432.66,2440.29,45.6
1439.48,4.191,2.99,649.58,1970.74,2957.35,159.7
1250.97,4.125,2.876,501.72,1690.33,2723.14,108.5
1158.48,4.05,2.722,390.6,1517.38,2517.77,55.8
1150.75,4.062,2.753,354.36,1526.16,2542.13,46.5
1093.66,4.038,2.693,343.72,1391.14,2505.89,33.3
1321.88,4.132,2.869,510.39,1747.34,2737.55,118.4
1120.06,4.012,2.692,325.47,1460.39,2462.71,38.0
1282.78,4.137,2.87,476.75,1695.68,2697.18,101.6
1170.85,4.059,2.734,380.62,1422.78,2527.15,45.7
1349.32,4.135,2.887,504.65,1753.07,2813.01,112.9
1422.37,4.108,2.92,563.86,1864.14,2963.58,138.7
1397.71,4.153,2.85,548.14,1810.73,2895.57,132.5
1337.46,4.145,2.884,579.24,1796.63,2881.77,129.6
1111.55,4.018,2.712,348.06,1431.06,2409.03,32.7
1062.29,4.025,2.705,285.34,1308.22,2356.03,15.9
1352.63,4.151,2.919,512.21,1729.27,2795.95,119.1
1188.07,4.077,2.822,391.55,1507.13,2672.7,63.3
1216.99,4.102,2.782,408.94,1601.77,2616.1,74.1
1096.91,3.977,2.656,293.81,1291.95,2402.41,6.3
1124.56,4.036,2.722,352.94,1437.44,2480.3,44.9
1053.82,4.0,2.708,285.86,1299.41,2345.88,6.7
1421.27,4.162,2.953,598.21,1921.26,2916.09,149.6
1139.06,4.057,2.694,333.26,1489.24,2466.52,42.1
1289.51,4.097,2.81,433.02,1676.5,2725.0,95.2
1041.68,4.025,2.735,313.69,1363.78,2298.57,7.6
1362.72,4.112,2.87,520.11,1768.45,2698.75,113.7
1132.87,4.101,2.762,387.83,1489.6,2529.06,55.6
1431.1,4.219,2.956,608.68,1947.74,2951.82,152.7
1443.23,4.175,2.948,596.97,1932.59,2892.67,151.1
1178.03,4.082,2.777,428.29,1534.98,2634.1,56.0
1449.43,4.171,2.974,608.35,1945.45,2931.8,153.3
1529.98,4.219,3.098,687.36,2000.42,3000.44,169.4
1387.45,4.16,2.944,603.67,1851.18,2840.02,140.5
1385.94,4.142,2.938,587.98,1884.46,2918.58,143.8
1129.48,3.973,2.754,355.01,1402.61,2531.01,43.1
1273.67,4.106,2.814,472.83,1675.22,2718.57,98.5
1057.71,4.011,2.7,297.07,1288.37,2381.59,12.4
1054.91,4.038,2.747,318.0,1355.99,2397.1,17.0
1490.88,4.201,3.087,659.6,2024.16,2963.14,169.8
1154.75,4.079,2.755,365.13,1510.52,2599.63,56.2
1363.79,4.138,2.899,579.61,1802.36,2814.83,127.4
1386.35,4.153,2.883,553.06,1842.81,2936.35,137.3
1416.48,4.191,2.951,546.42,1926.48,2854.17,146.0
1488.57,4.15,3.131,647.68,2027.75,3034.64,169.6
1139.87,4.042,2.716,338.54,1410.04,2492.42,41.8
1037.97,3.992,2.704,294.63,1313.54,2354.91,7.8
1252.12,4.104,2.782,413.4,1570.49,2575.15,70.5
1074.37,4.008,2.713,328.14,1359.72,2437.53,23.0
1012.08,4.006,2.69,305.5,1253.06,2360.83,4.8
1238.86,4.085,2.791,379.75,1463.16,2636.12,61.9
1392.13,4.125,2.875,549.69,1839.19,2878.36,133.5
1295.14,4.107,2.849,478.79,1621.63,2687.17,96.7
1165.13,4.048,2.76,369.03,1475.65,2515.46,53.9
1330.19,4.147,2.804,474.45,1757.77,2776.31,111.6
1127.68,4.053,2.75,362.05,1447.83,2538.07,40.2
995.05,3.99,2.693,279.69,1270.83,2349.57,3.4
1380.74,4.13,2.873,537.59,1846.27,2879.25,130.2
1266.0,4.142,2.852,492.45,1730.42,2754.4,106.4
1366.12,4.149,2.859,546.28,1803.22,2761.82,129.8
1014.41,3.967,2.675,309.99,1350.59,2368.48,7.6
1419.22,4.135,2.934,558.99,1889.13,2880.4,142.5
1305.35,4.129,2.795,522.94,1688.14,2788.85,105.7
1281.04,4.083,2.793,446.35,1608.8,2767.69,96.2
1306.75,4.159,2.817,485.17,1722.0,2815.29,106.6
1409.86,4.153,2.95,576.47,1880.2,2899.95,147.1
1274.16,4.114,2.848,477.32,1688.23,2698.68,100.2
1300.72,4.116,2.806,474.49,1676.12,2700.72,99.2
1521.45,4.183,3.032,648.22,1926.8,2988.91,168.4
1338.88,4.104,2.9,547.83,1804.9,2839.76,128.9
1172.1,4.087,2.795,442.87,1549.84,2582.89,75.7
1323.66,4.124,2.856,526.11,1761.45,2800.32,120.6
1211.57,4.075,2.832,425.55,1527.78,2502.7,66.8
1143.28,4.037,2.743,325.51,1435.11,2562.6,39.7
1262.52,4.121,2.833,447.51,1703.86,2715.09,101.9
1467.61,4.216,2.978,619.41,1958.15,2933.55,157.9
1506.31,4.174,3.02,622.84,1873.11,2973.05,158.0
1173.97,4.053,2.781,380.6,1554.4,2585.76,58.8
1287.01,4.068,2.764,454.07,1595.45,2596.24,90.2
1130.33,4.032,2.713,362.48,1420.95,2437.58,36.8
1474.78,4.207,3.059,658.05,1971.74,3053.86,169.3
1484.64,4.186,3.043,636.41,1994.17,3021.97,166.8
1313.03,4.135,2.874,503.67,1678.78,2713.22,110.8
1395.37,4.156,2.885,575.21,1896.14,2913.19,136.9
1368.73,4.114,2.877,508.44,1771.67,2835.01,121.9
1294.01,4.121,2.888,466.79,1707.18,2689.44,101.2
965.03,3.998,2.699,312.97,1290.49,2359.65,10.0
1183.48,4.089,2.774,401.77,1641.66,2560.13,77.9
1270.37,4.121,2.825,494.34,1711.24,2809.72,115.0
1330.84,4.12,2.851,493.59,1675.51,2840.77,115.5
1183.97,4.072,2.741,412.96,1574.64,2559.57,64.1
1474.48,4.183,2.988,607.27,1919.46,2959.64,160.1
1062.24,4.061,2.739,344.57,1389.03,2452.42,29.3
1255.05,4.112,2.809,438.87,1671.38,2649.88,85.6
1351.22,4.146,2.856,543.8,1752.22,2705.55,117.8
1305.16,4.133,2.819,521.56,1776.84,2835.61,118.8
1275.07,4.086,2.88,516.37,1757.47,2807.71,110.6
1133.46,4.033,2.738,373.52,1466.16,2534.99,47.5
1126.24,4.011,2.724,322.54,1422.59,2483.98,27.4
1347.77,4.118,2.824,495.2,1744.8,2745.57,108.5
1300.94,4.116,2.826,481.34,1669.85,2743.68,102.3
1073.12,4.042,2.709,329.43,1421.25,2415.5,31.3
1362.84,4.144,2.836,536.17,1773.97,2762.93,120.2
1205.19,4.109,2.768,465.52,1591.24,2576.34,77.9
1302.27,4.124,2.862,509.65,1757.16,2786.27,113.9
1356.81,4.171,2.942,588.58,1902.31,2891.8,142.5
1089.79,4.034,2.703,341.34,1363.86,2481.05,29.7
1008.78,4.0,2.655,250.34,1331.03,2267.58,4.2
1381.75,4.18,2.895,560.57,1867.84,2858.96,132.7
1234.58,4.135,2.865,491.83,1685.33,2802.07,104.0
1342.07,4.111,2.846,501.91,1823.66,2798.91,119.2
1350.06,4.164,2.934,551.34,1870.09,2924.85,142.6
1419.11,4.159,2.897,569.55,1865.47,2958.37,136.7
1491.14,4.235,3.052,656.88,1955.77,3027.69,163.4
1248.54,4.097,2.804,451.74,1674.98,2625.99,91.6
1246.53,4.074,2.825,434.88,1602.73,2638.46,83.6
1166.89,4.084,2.811,443.73,1558.92,2606.93,68.9
1082.18,4.033,2.766,341.98,1303.29,2423.85,27.0
1293.44,4.109,2.789,452.83,1662.96,2760.38,97.8
1056.87,4.045,2.707,356.48,1449.5,2507.93,47.8
1444.95,4.203,3.019,647.14,1882.26,2943.05,156.7
1278.26,4.096,2.863,465.11,1707.91,2758.42,99.6
1278.72,4.108,2.818,470.74,1680.36,2665.23,101.2
1205.99,4.055,2.671,403.06,1466.38,2580.5,61.0
1009.78,4.024,2.7,294.78,1331.66,2333.67,9.8
1014.1,4.004,2.648,299.66,1332.87,2376.57,6.4
1153.52,4.058,2.762,420.91,1565.34,2592.34,72.5
1089.05,3.99,2.71,305.9,1290.02,2401.03,15.3
1284.48,4.155,2.851,502.25,1645.69,2709.23,103.6
1423.06,4.197,3.005,577.56,1871.27,2838.98,149.9
1433.77,4.192,2.948,599.3,1884.6,2933.94,150.2
1332.92,4.129,2.83,495.76,1792.02,2714.6,112.4
1113.87,4.066,2.761,370.86,1414.95,2524.63,36.7
1490.45,4.149,2.958,586.25,1856.07,2928.39,146.8
1448.16,4.191,2.95,627.76,1893.48,2950.7,150.7
1087.21,4.023,2.731,335.36,1443.22,2443.73,34.2
1343.4,4.14,2.877,537.61,1815.82,2819.19,125.6
1128.67,4.066,2.772,386.59,1474.46,2420.44,49.4
1354.28,4.156,2.967,548.74,1843.26,2880.23,136.6
1499.44,4.191,3.057,671.37,1997.96,2952.43,169.5
1048.51,3.988,2.706,292.92,1303.73,2357.05,6.1
1427.64,4.139,2.922,610.04,1914.76,2885.58,152.7
1278.38,4.136,2.814,498.4,1716.89,2766.4,106.2
1522.95,4.174,3.05,636.7,1970.27,2988.95,165.5
1185.53,4.125,2.796,419.23,1573.51,2582.48,79.6
1364.12,4.162,2.905,583.55,1874.43,2949.19,144.2
1013.32,4.03,2.7,271.53,1330.43,2357.98,11.5
1122.05,4.025,2.79,366.72,1485.29,2512.5,57.7
1053.7,4.02,2.658,300.92,1336.23,2410.33,12.3
1477.13,4.215,3.088,661.94,2005.71,2961.02,165.8
1393.98,4.188,2.941,591.89,1869.43,2867.53,139.1
1447.42,4.139,2.959,599.05,1869.42,2959.91,145.1
1448.05,4.173,2.997,598.79,1954.74,2973.22,159.5
1070.9,4.021,2.757,312.75,1340.28,2405.6,15.4
1221.53,4.075,2.805,390.56,1548.55,2577.08,66.2
1034.31,4.012,2.691,303.16,1370.98,2345.05,13.0
1123.42,4.028,2.756,360.41,1386.03,2451.27,36.6
1107.07,4.07,2.716,361.79,1439.73,2382.32,39.8
1246.26,4.141,2.791,452.1,1590.12,2664.7,80.3
1091.17,4.049,2.791,343.3,1423.22,2526.74,46.4
1016.99,4.021,2.72,297.52,1308.57,2331.94,18.1
1076.49,4.027,2.743,355.33,1417.54,2450.77,29.3
1055.41,4.048,2.754,349.43,1335.38,2302.51,25.9
1471.96,4.211,3.049,637.46,1988.02,3066.88,165.4
1363.4,4.128,2.873,544.62,1819.54,2812.01,129.3
1499.91,4.181,3.076,652.89,1949.19,2957.21,164.6
1198.97,4.063,2.806,430.35,1606.17,2647.83,75.3
1114.24,4.103,2.767,376.71,1431.95,2528.3,48.0
1380.72,4.171,2.916,547.37,1828.56,2800.32,135.9
1137.22,4.047,2.794,400.61,1468.05,2543.58,56.1
1120.92,4.04,2.812,371.48,1504.96,2540.79,51.6
1074.17,4.056,2.727,332.03,1471.2,2445.54,40.3
1071.92,4.036,2.747,309.62,1373.07,2442.04,22.9
1110.86,4.061,2.745,351.59,1528.4,2444.02,44.3
1193.9,4.057,2.709,415.3,1534.57,2585.26,61.0
1288.46,4.138,2.822,499.93,1770.78,2716.97,114.9
1028.66,4.007,2.713,307.51,1350.83,2348.97,11.6
1150.19,4.016,2.763,314.35,1400.41,2399.11,36.6
1371.74,4.142,2.938,579.82,1865.41,2900.92,137.7
1071.57,4.03,2.742,314.63,1348.26,2471.93,25.8
1133.53,4.067,2.843,394.72,1472.74,2620.96,58.9
1391.44,4.183,2.964,595.45,1928.29,2890.45,147.1
1119.58,4.039,2.712,338.41,1357.19,2396.34,27.2
1054.81,4.038,2.701,312.53,1339.59,2419.87,15.0
1233.9,4.077,2.853,467.13,1662.17,2650.69,82.9
1103.23,4.067,2.717,378.61,1429.8,2500.16,52.1
1277.99,4.124,2.864,501.29,1689.93,2675.58,96.2
1421.38,4.153,2.918,573.13,1848.55,2866.48,136.8
1102.08,4.022,2.692,327.69,1368.54,2464.28,24.2
1294.3,4.107,2.789,487.48,1684.82,2671.13,99.1
1212.45,4.139,2.854,449.01,1628.88,2715.14,86.4
1084.11,4.023,2.692,332.38,1391.04,2412.82,25.3
1315.94,4.131,2.849,495.95,1683.29,2791.39,106.5
1087.86,4.043,2.719,369.8,1479.18,2498.19,47.2
1204.12,4.083,2.863,471.39,1581.77,2684.0,83.4
1072.55,3.982,2.707,341.5,1396.9,2345.79,14.9
1240.5,4.109,2.756,434.34,1592.14,2648.35,78.7
1108.75,4.071,2.743,395.7,1492.33,2554.52,52.8
1422.24,4.157,2.968,589.45,1916.42,2803.64,140.0
1042.3,3.985,2.67,316.54,1293.68,2427.71,10.6
1218.71,4.082,2.774,423.11,1565.67,2545.67,71.7
1202.19,4.077,2.832,438.97,1552.16,2673.97,78.5
1367.1,4.138,2.894,539.47,1760.75,2791.72,123.5
1295.5,4.086,2.794,460.9,1635.62,2739.73,98.1
1312.39,4.135,2.869,506.71,1770.73,2789.12,113.8
1378.69,4.158,2.9,534.39,1846.06,2833.18,132.3
1407.61,4.193,2.948,597.17,1880.53,2869.88,146.7
1192.11,4.054,2.786,385.72,1476.93,2523.59,54.0
1253.52,4.097,2.827,468.55,1681.03,2665.2,91.9
1388.84,4.135,2.932,567.38,1876.63,2904.88,143.0
1476.17,4.22,3.053,659.63,1965.77,2996.16,168.2
1441.86,4.195,2.995,607.5,1946.75,2892.21,151.3
1196.03,4.069,2.751,432.12,1528.34,2522.98,63.8
1064.8,4.005,2.665,353.32,1430.4,2437.52,34.0
1279.09,4.069,2.798,431.21,1618.87,2648.29,83.7
1367.36,4.135,2.901,517.45,1864.66,2792.71,126.3
1246.09,4.113,2.793,444.6,1612.81,2668.87,84.2
1227.48,4.098,2.787,422.49,1551.99,2638.49,82.7
1411.36,4.136,2.923,567.18,1868.52,2928.2,142.7
1168.84,4.075,2.769,380.71,1533.48,2580.28,62.1
1447.96,4.154,2.906,578.77,1905.59,2927.51,146.3
1193.45,4.066,2.802,432.65,1581.88,2572.98,69.8
1176.52,4.079,2.682,369.52,1484.75,2594.37,56.5
1205.09,4.101,2.811,421.07,1638.2,2637.89,77.7
1375.44,4.172,2.908,524.82,1846.91,2889.72,129.9
1048.53,4.017,2.729,294.65,1367.06,2443.03,22.3
1129.16,4.05,2.672,337.43,1390.12,2446.7,34.2
1451.97,4.178,3.018,631.04,2020.12,2942.36,161.8
1081.58,4.023,2.709,317.92,1418.54,2445.03,30.7
1263.28,4.103,2.877,446.4,1658.78,2693.09,96.9
1268.05,4.113,2.843,445.51,1724.08,2684.22,98.9
1251.07,4.068,2.77,442.44,1623.5,2609.35,83.7
1301.82,4.121,2.803,512.86,1775.42,2833.81,110.0
1148.17,4.068,2.719,330.65,1408.55,2423.01,39.8
1243.26,4.085,2.848,453.81,1656.55,2617.34,94.4
1181.76,4.042,2.807,415.1,1574.54,2587.97,63.9
1298.95,4.104,2.865,502.29,1722.6,2739.46,112.8
1085.59,4.074,2.72,323.28,1365.81,2406.22,24.9
1272.32,4.12,2.82,476.09,1593.72,2651.88,97.5
1090.04,4.025,2.727,331.53,1415.69,2463.74,32.3
1164.67,4.051,2.786,356.04,1502.21,2521.14,48.1
1092.09,4.041,2.725,353.18,1398.57,2507.79,38.0
1107.53,4.017,2.747,316.71,1415.09,2467.9,31.9
1384.93,4.153,2.912,548.67,1849.6,2868.72,140.5
1140.94,4.048,2.781,359.62,1427.22,2450.07,49.3
1429.45,4.17,3.006,627.72,1933.73,2917.97,157.7
1466.56,4.186,3.058,653.71,1959.37,2945.3,164.9
1270.85,4.118,2.886,463.41,1679.95,2662.83,97.5
1121.19,4.001,2.64,337.78,1365.44,2471.11,25.2
1181.14,4.122,2.796,420.4,1574.88,2629.76,64.3
1430.58,4.173,2.928,561.57,1827.88,2840.64,135.8
1180.82,4.043,2.785,406.78,1525.83,2601.69,63.1
1042.64,3.96,2.713,336.79,1344.14,2392.51,15.7
1304.24,4.094,2.832,454.5,1664.04,2673.79,95.1
1425.51,4.181,2.948,577.53,1864.54,2897.4,143.8
1372.19,4.167,2.941,584.25,1844.78,2781.39,135.5
1101.31,4.026,2.75,320.96,1412.15,2377.81,30.6
1316.7,4.12,2.863,512.23,1777.86,2792.8,114.7
1059.51,4.019,2.73,339.71,1363.9,2508.65,38.3
1131.63,4.029,2.736,368.87,1441.06,2505.63,37.9
1457.64,4.153,2.941,575.91,1882.49,2871.31,148.7
1168.02,4.035,2.796,357.37,1482.26,2525.71,43.2
1138.65,4.073,2.707,347.02,1484.88,2525.99,45.5
1010.87,3.976,2.71,262.38,1307.47,2343.34,1.1
1449.29,4.185,2.974,563.73,1882.61,2905.47,148.1
1407.73,4.172,2.896,556.38,1798.93,2836.7,134.9
1341.89,4.101,2.857,499.29,1755.42,2774.36,107.0
1363.04,4.131,2.932,541.52,1843.87,2860.61,127.8
1075.53,4.044,2.71,331.57,1320.63,2417.0,26.7
1200.11,4.068,2.835,422.47,1635.64,2647.7,78.5
1181.3,4.063,2.801,406.51,1528.96,2577.02,60.4
1016.42,4.052,2.686,321.67,1345.43,2382.5,16.8
1250.73,4.112,2.771,440.88,1589.7,2621.59,83.2
1470.51,4.185,2.989,617.28,1969.0,2948.28,156.6
1047.63,4.016,2.658,288.37,1291.89,2385.67,7.8
1144.16,4.051,2.665,401.06,1462.56,2483.72,50.3
1141.9,4.055,2.718,357.2,1354.46,2508.64,36.1
1138.78,4.0,2.805,353.16,1417.26,2453.3,41.2
1433.87,4.178,2.962,606.16,1899.33,3009.74,154.5
1207.93,4.047,2.81,426.63,1539.07,2669.11,80.1
1199.82,4.092,2.819,427.36,1646.88,2618.29,79.8
1383.35,4.145,2.897,549.2,1812.81,2781.62,129.5
1055.71,4.051,2.71,303.18,1339.62,2404.98,27.1
1258.96,4.107,2.841,435.67,1586.27,2637.88,83.3
1237.63,4.07,2.789,416.96,1556.7,2598.25,73.7
1263.69,4.108,2.835,480.17,1677.02,2697.46,101.9
1495.11,4.208,3.115,652.42,2023.67,3001.04,169.9
1374.65,4.14,2.871,549.66,1815.16,2838.22,131.0
1211.57,4.074,2.742,413.78,1554.23,2558.29,68.2
1445.37,4.19,2.88,571.61,1859.29,2923.85,140.9
1045.51,4.01,2.741,348.53,1428.29,2482.67,29.8
1021.15,3.989,2.689,302.52,1340.67,2345.28,6.1
1095.58,4.028,2.757,377.8,1412.42,2498.12,35.6
1127.89,4.125,2.766,398.63,1482.33,2576.87,58.5
1231.02,4.11,2.77,436.74,1628.73,2641.79,87.3
1305.48,4.142,2.833,484.96,1615.0,2754.06,105.0
1443.27,4.197,3.003,602.1,1940.17,2903.28,154.9
1204.18,4.114,2.803,447.77,1590.73,2627.79,87.2
1310.49,4.105,2.844,460.97,1618.66,2683.93,85.7
1043.81,4.009,2.684,293.38,1326.6,2378.31,9.5
1033.7,3.97,2.716,285.38,1285.18,2365.66,6.9
1235.53,4.113,2.77,470.71,1648.32,2698.99,94.1
1214.94,4.081,2.784,409.59,1587.71,2548.45,75.1
1407.28,4.177,2.923,565.49,1859.33,2829.6,142.8
1036.14,4.023,2.68,336.39,1414.32,2446.06,28.2
1000.12,4.012,2.726,264.24,1318.9,2370.48,5.2
1233.45,4.104,2.774,418.43,1604.76,2595.85,76.9
1165.29,3.983,2.717,367.33,1420.21,2550.13,41.1
1046.08,3.993,2.737,270.55,1329.23,2331.78,9.4
1378.33,4.105,2.888,504.32,1767.26,2858.65,123.5
1058.67,4.019,2.734,294.47,1350.81,2332.05,19.9
1289.21,4.112,2.791,443.71,1624.22,2698.7,103.8
1163.31,4.077,2.726,396.94,1503.97,2525.31,48.5
1130.42,4.032,2.787,336.37,1447.11,2426.95,30.3
1213.56,4.061,2.8,391.4,1545.18,2610.69,65.2
1364.53,4.177,2.884,543.22,1799.97,2874.23,136.4
1185.1,4.067,2.785,438.73,1540.65,2643.66,67.3
1371.36,4.138,2.864,551.28,1811.31,2809.09,127.9
1061.92,4.025,2.756,318.16,1363.26,2363.94,22.2
1385.69,4.185,2.835,568.85,1901.98,2835.09,131.6
1136.96,4.058,2.748,360.15,1431.4,2465.58,41.0
1351.46,4.144,2.873,504.21,1737.02,2752.21,115.5
1312.34,4.164,2.795,459.37,1677.02,2668.49,96.6
1452.22,4.171,2.982,609.08,1940.77,2893.94,158.0
1150.45,4.057,2.788,388.82,1521.31,2634.45,66.5
1052.65,4.008,2.648,319.45,1270.18,2308.93,12.2
1071.63,4.026,2.653,281.73,1313.85,2333.87,4.2
1392.84,4.145,2.924,593.64,1840.78,2886.26,140.7
1267.21,4.136,2.79,440.7,1612.08,2689.78,89.7
1394.69,4.124,2.89,542.61,1803.28,2843.94,132.0
1120.13,4.038,2.738,346.74,1393.15,2422.78,40.6
1165.22,4.067,2.739,376.19,1533.68,2522.66,59.3
1005.87,3.98,2.693,283.76,1314.78,2342.3,6.1
1421.37,4.18,3.028,640.71,1975.77,2973.2,163.5
1293.72,4.147,2.885,525.98,1768.56,2724.62,113.9
1452.94,4.215,2.956,624.24,1961.13,2979.15,158.7
1156.53,4.004,2.727,345.59,1476.1,2464.92,45.9
1290.37,4.122,2.86,476.9,1760.33,2801.13,104.3
1313.98,4.131,2.821,503.5,1784.62,2702.72,115.7
1130.21,4.06,2.762,405.98,1499.97,2557.21,54.7
1432.62,4.162,2.94,597.23,1854.87,2901.27,144.3
1504.4,4.163,2.927,644.21,1911.09,2956.56,161.1
1462.73,4.207,2.945,587.75,1858.2,2945.54,150.5
1373.45,4.169,2.899,517.54,1828.78,2792.0,125.9
1097.54,4.047,2.743,375.92,1450.03,2496.15,47.9
1127.5,4.04,2.736,361.77,1472.03,2468.13,48.6
1528.14,4.18,3.026,637.67,1942.93,3028.18,163.8
1049.01,3.942,2.719,293.22,1352.2,2309.67,2.7
1307.88,4.148,2.896,521.34,1729.28,2782.3,122.0
1339.85,4.154,2.854,538.36,1779.99,2850.99,120.4
1307.67,4.124,2.803,468.33,1703.11,2673.51,106.2
1475.38,4.196,3.075,647.11,1992.85,3059.34,168.3
1092.19,4.059,2.722,388.77,1481.11,2527.88,53.7
1165.17,4.045,2.749,413.49,1483.67,2591.48,58.5
1029.27,3.998,2.71,308.47,1298.01,2397.53,14.3
1191.02,4.08,2.826,442.32,1644.72,2542.09,75.8
1118.25,4.06,2.784,379.9,1446.45,2524.8,45.1
1160.93,4.09,2.767,424.16,1523.07,2510.41,59.0
1408.68,4.161,2.917,581.49,1824.75,2876.58,142.0
1441.86,4.166,2.959,651.55,1886.43,3023.48,159.1
1088.61,4.031,2.786,350.47,1383.34,2425.28,32.4
1133.74,4.109,2.764,375.97,1559.51,2617.53,64.0
1467.95,4.166,3.01,618.14,1945.5,2912.32,157.9
970.49,4.022,2.706,287.78,1303.94,2424.34,11.4
1047.3,4.037,2.692,333.3,1353.42,2380.96,16.6
1107.24,4.018,2.706,333.83,1371.51,2450.11,28.5
1258.33,4.101,2.796,459.85,1734.96,2719.36,101.6
1096.91,4.034,2.753,340.81,1422.2,2425.23,26.4
1510.98,4.2,3.023,655.26,1957.86,2923.81,164.6
1129.78,4.098,2.836,418.8,1562.77,2602.29,76.5
1234.97,4.137,2.795,437.89,1623.27,2630.76,85.8
1048.84,4.046,2.733,360.44,1458.25,2436.07,42.7
1221.09,4.066,2.766,406.35,1595.24,2642.2,80.6
1318.29,4.131,2.851,516.24,1774.23,2824.61,112.9
1302.57,4.153,2.857,566.99,1817.45,2793.67,127.9
1414.17,4.174,2.907,532.97,1844.16,2898.13,128.4
1283.34,4.108,2.835,500.69,1647.31,2705.86,98.7
1425.58,4.172,3.017,621.87,1908.18,2916.08,153.8
1436.34,4.134,2.88,568.17,1875.52,2863.84,139.1
1322.82,4.16,2.933,553.57,1815.49,2923.23,128.9
1008.63,4.07,2.669,323.72,1310.38,2376.3,10.4
962.1,3.988,2.699,288.22,1268.22,2344.15,2.2
1150.74,4.045,2.699,352.5,1424.51,2490.07,36.9
1327.6,4.119,2.867,498.2,1786.89,2716.87,113.1
1212.19,4.051,2.708,410.54,1500.47,2642.91,70.5
1199.11,4.084,2.761,419.79,1549.93,2559.7,69.0
1450.34,4.176,2.963,595.56,1907.52,2882.65,150.5
1443.94,4.13,3.019,595.53,1886.58,2909.52,152.4
1456.23,4.213,2.912,626.34,1924.98,2927.87,154.7
1153.51,4.065,2.758,386.5,1442.95,2533.48,54.0
1318.19,4.137,2.855,509.99,1746.98,2776.09,117.8
1130.66,4.04,2.69,391.73,1454.67,2483.1,46.9
1103.07,4.039,2.695,371.53,1406.81,2424.76,33.2
1096.41,4.039,2.713,353.2,1459.14,2448.46,32.2
1126.74,4.071,2.779,370.76,1487.42,2481.75,58.8
1170.91,4.102,2.791,425.02,1534.36,2612.47,73.7
1434.03,4.191,2.891,583.92,1899.58,2934.77,141.4
1058.38,4.056,2.658,294.66,1225.13,2416.3,21.3
1370.75,4.128,2.9,552.83,1778.72,2847.87,125.2
1226.01,4.091,2.812,458.76,1637.37,2735.16,90.8
1102.3,4.059,2.8,387.57,1445.81,2541.07,49.7
1213.46,4.079,2.795,436.84,1616.34,2630.65,84.3
1138.96,4.041,2.789,381.93,1462.95,2504.19,51.7
1268.62,4.125,2.854,487.96,1642.06,2728.3,101.7
1238.72,4.1,2.814,423.12,1595.42,2564.75,74.3
1089.44,4.051,2.736,339.16,1408.83,2534.62,28.8
1110.89,4.012,2.726,315.39,1327.16,2401.97,20.7
1270.9,4.115,2.753,443.55,1641.98,2750.25,93.4
1385.43,4.184,2.964,575.47,1980.14,2926.31,153.5
1190.93,4.063,2.746,380.04,1526.66,2556.41,59.1
1317.39,4.128,2.925,546.03,1795.85,2815.13,124.9
1322.58,4.11,2.829,488.73,1788.97,2817.33,112.3
1442.42,4.199,2.984,634.92,1898.26,3052.34,158.4
1455.19,4.146,2.949,591.71,1801.25,2818.6,139.7
1306.59,4.074,2.837,475.86,1677.74,2694.05,96.8
1297.44,4.128,2.863,501.18,1764.44,2782.16,112.0
1440.35,4.208,3.002,619.69,1870.05,2860.29,152.8
1196.35,4.019,2.788,425.63,1513.45,2565.78,68.5
1178.28,4.054,2.745,380.17,1524.96,2559.02,56.2
1021.9,4.007,2.65,288.45,1251.81,2311.96,2.8
1378.98,4.127,2.943,561.01,1858.78,2881.82,140.7
1373.0,4.154,2.893,566.67,1853.36,2883.39,136.4
1059.47,3.99,2.702,282.87,1377.28,2372.84,18.7
1306.54,4.092,2.864,468.26,1671.03,2672.44,98.5
1231.4,4.08,2.791,418.21,1613.22,2594.92,79.4
1046.22,3.994,2.699,316.76,1321.03,2313.53,21.1
1505.29,4.172,3.034,629.18,2002.54,3008.21,166.7
1097.02,4.035,2.727,318.62,1396.19,2460.55,37.3
1066.39,4.05,2.671,293.27,1282.33,2417.45,12.4
1347.81,4.131,2.887,472.37,1755.35,2748.73,101.5
1349.22,4.166,2.873,552.54,1855.14,2824.03,125.9
1049.95,4.014,2.717,283.59,1305.1,2360.31,6.5
1298.21,4.115,2.828,491.62,1786.9,2697.08,112.3
1250.92,4.109,2.834,438.05,1637.98,2694.94,91.0
1059.82,4.035,2.714,330.67,1343.76,2384.61,18.5
1083.59,4.044,2.725,330.92,1389.34,2410.22,30.2
1332.85,4.114,2.834,473.37,1646.33,2687.7,97.0
1135.24,4.064,2.766,350.33,1409.58,2548.22,51.1
1480.2,4.236,2.991,595.71,1942.85,2934.79,159.6
1352.17,4.179,2.919,556.36,1899.61,2865.86,139.4
1501.56,4.19,3.064,666.83,1995.48,3011.58,167.2
1155.05,4.044,2.71,345.21,1478.87,2486.91,44.9
1469.82,4.173,2.989,626.79,1988.25,2986.27,164.9
1142.39,4.128,2.794,419.56,1549.61,2608.08,73.9
1165.2,4.096,2.706,381.12,1523.16,2600.19,59.7
1037.63,4.003,2.647,305.44,1302.55,2364.7,9.5
1056.29,4.046,2.752,286.48,1282.25,2293.89,9.9
1384.17,4.148,2.917,501.06,1792.8,2820.85,117.9
1208.31,4.078,2.779,469.61,1554.95,2604.33,78.4
1090.46,4.057,2.767,336.98,1411.8,2454.38,39.3
1265.04,4.127,2.874,498.79,1773.95,2727.32,104.8
1128.43,4.061,2.757,345.26,1470.77,2580.68,43.7
1288.05,4.084,2.829,449.83,1688.14,2732.22,98.6
1157.89,4.05,2.788,393.1,1458.73,2640.65,61.7
1422.46,4.193,2.95,551.82,1860.65,2881.2,140.2
1413.1,4.196,2.944,564.82,1827.08,2906.22,139.7
1228.19,4.119,2.755,423.88,1605.71,2715.11,81.7
1145.12,4.109,2.828,410.39,1512.32,2591.02,60.3
1161.03,4.078,2.842,372.46,1500.6,2582.58,62.3
1332.72,4.17,2.861,574.51,1885.83,2811.84,137.2
1163.22,4.041,2.777,388.29,1530.78,2502.44,56.5
1104.9,4.023,2.794,342.11,1385.81,2475.23,36.3
1056.06,3.969,2.735,296.74,1382.62,2421.09,15.3
1234.61,4.082,2.829,434.57,1565.9,2630.79,79.9
1239.05,4.051,2.76,440.93,1661.42,2673.61,82.5
1409.56,4.188,2.959,585.26,1871.07,2856.89,143.1
1110.77,4.045,2.743,345.33,1415.93,2446.01,38.4
1146.5,4.03,2.799,384.71,1583.99,2597.69,65.4
1380.3,4.156,2.888,578.68,1847.77,2870.78,137.6
1404.3,4.203,2.894,571.91,1897.17,2863.67,140.2
1164.89,4.069,2.772,393.94,1502.84,2559.58,66.0
1239.89,4.067,2.785,414.25,1595.82,2571.08,78.6
1129.57,4.019,2.751,389.6,1498.97,2525.38,52.3
1467.75,4.151,2.978,640.22,1983.57,2895.28,158.6
1068.44,4.027,2.706,326.69,1379.55,2390.79,21.1
1481.66,4.177,2.974,629.63,1949.95,2947.68,158.8
1352.23,4.127,2.866,531.9,1773.36,2840.63,116.6
1270.73,4.094,2.775,450.23,1625.4,2637.98,90.8
977.35,3.995,2.709,325.28,1318.92,2365.32,6.5
1256.12,4.066,2.809,419.29,1621.12,2649.15,81.4
1232.27,4.083,2.744,407.49,1534.96,2554.26,69.9
1071.53,3.996,2.762,319.25,1390.65,2433.94,28.2
1321.58,4.113,2.833,504.38,1761.91,2711.82,111.9
1461.53,4.214,3.066,662.79,2050.88,2982.59,165.1
1219.71,4.116,2.837,463.53,1705.07,2692.09,96.0
1327.18,4.154,2.909,533.06,1788.94,2840.0,121.8
1031.13,4.049,2.707,259.81,1333.09,2341.27,12.6
1189.87,4.077,2.802,421.02,1560.98,2514.27,71.6
1040.59,4.016,2.742,332.36,1359.98,2378.5,20.7
1275.28,4.114,2.9,488.25,1729.87,2760.01,104.6
1465.35,4.178,3.03,606.11,1974.81,2963.56,159.6
1299.15,4.109,2.873,487.53,1740.19,2745.49,112.8
1061.67,4.009,2.663,297.52,1297.15,2423.78,14.0
1186.49,4.072,2.696,374.78,1514.32,2549.59,60.9
1322.25,4.114,2.819,486.42,1636.03,2724.35,94.1
1220.11,4.077,2.76,416.57,1518.59,2594.38,69.1
1414.49,4.184,2.911,597.91,1890.12,2912.64,141.9
1382.74,4.162,2.92,563.82,1867.81,2903.51,138.7
1300.48,4.111,2.863,474.57,1678.31,2788.07,104.4
1186.28,4.051,2.755,388.76,1524.25,2542.18,64.1
1111.75,4.014,2.771,353.25,1460.64,2517.06,44.2
1079.77,4.043,2.711,306.88,1357.32,2345.41,18.9
1134.6,4.051,2.769,411.32,1534.08,2583.32,61.0
1190.52,4.059,2.84,426.73,1539.28,2532.66,70.8
1339.48,4.124,2.87,515.17,1763.92,2855.04,115.2
1309.37,4.123,2.857,479.22,1738.64,2779.28,112.2
1040.15,4.039,2.718,308.33,1348.82,2379.96,12.8
1184.8,4.067,2.833,402.14,1581.67,2522.28,67.8
1071.52,4.082,2.725,358.19,1491.82,2485.6,31.7
1111.05,4.025,2.734,342.92,1423.26,2478.34,27.5
1379.55,4.205,2.925,575.66,1870.82,2872.25,140.8
1041.71,4.018,2.693,264.41,1305.79,2334.84,8.1
1209.8,4.086,2.771,413.09,1538.34,2589.14,71.8
1062.86,4.058,2.707,323.15,1364.37,2505.17,29.4
1434.96,4.197,3.007,602.05,1914.89,2913.13,149.6
1243.14,4.12,2.809,448.04,1674.83,2703.91,95.1
1148.78,4.086,2.692,356.5,1515.21,2516.22,40.1
1210.73,4.086,2.813,411.66,1604.29,2562.8,85.9
1337.99,4.124,2.917,512.76,1769.76,2812.63,124.6
1445.92,4.178,3.053,617.73,1974.96,2959.89,162.9
1075.27,4.072,2.7,340.92,1412.29,2476.98,38.3
1476.64,4.205,2.994,604.8,1923.68,2954.02,150.8
1476.88,4.176,3.056,595.41,1934.82,2993.77,158.9
1456.95,4.135,2.96,602.66,1926.68,2933.08,155.9
1288.6,4.12,2.845,485.95,1736.14,2744.69,108.4
1324.88,4.102,2.812,503.33,1702.11,2747.66,107.4
1171.36,4.066,2.837,406.68,1544.25,2623.73,69.1
1385.11,4.127,2.85,527.61,1826.27,2876.09,128.2
1231.43,4.07,2.805,439.38,1648.42,2623.67,90.8
1310.3,4.17,2.889,503.46,1735.18,2794.08,115.5
1222.79,4.067,2.767,393.66,1558.57,2602.43,73.4
1375.94,4.172,2.856,557.94,1825.99,2897.87,124.6
1418.42,4.159,2.925,572.26,1874.2,2835.37,140.3
1051.04,3.999,2.79,312.65,1366.09,2375.21,25.7
1396.86,4.175,2.924,560.12,1897.3,2861.5,141.8
1261.57,4.096,2.814,440.8,1666.65,2709.69,92.3
1393.11,4.163,2.904,586.53,1920.9,2917.44,143.7
1239.45,4.084,2.8,394.59,1601.63,2590.44,73.9
1120.65,4.054,2.801,398.55,1572.93,2617.83,65.1
1433.22,4.15,2.961,620.28,1923.99,2924.17,155.6
1109.99,4.043,2.759,350.06,1421.89,2525.5,43.4
1343.0,4.187,2.919,565.59,1903.07,2837.25,143.7
1195.41,4.074,2.747,450.8,1636.29,2609.33,82.8
1260.49,4.102,2.826,432.23,1631.42,2651.64,87.9
1149.13,4.086,2.819,373.3,1457.05,2527.36,53.1
1313.12,4.109,2.794,472.93,1686.64,2674.6,97.8
1194.6,4.061,2.766,373.96,1511.71,2506.83,56.0
1043.51,4.001,2.735,277.15,1264.44,2368.57,7.6
1139.82,4.034,2.745,357.17,1474.2,2538.09,47.0
1021.04,3.973,2.646,291.06,1317.98,2297.71,2.1
1421.46,4.176,3.041,629.18,1943.74,2931.42,166.3
1445.92,4.2,3.068,641.21,1989.24,2980.3,164.2
1190.72,4.089,2.764,402.94,1588.66,2606.57,67.8
1368.12,4.159,2.892,523.2,1833.56,2771.79,124.1
1172.62,4.056,2.734,379.04,1458.27,2621.81,59.4
1300.85,4.153,2.86,512.71,1782.29,2739.64,114.4
1416.75,4.166,2.929,581.15,1841.03,2855.83,137.1
1507.27,4.19,3.008,627.65,1945.77,2953.4,161.0
1214.01,4.008,2.767,394.05,1628.31,2558.88,68.6
1406.3,4.138,2.921,571.35,1840.29,2923.88,133.4
1115.3,4.016,2.766,350.31,1447.28,2463.95,45.9
1521.46,4.211,3.081,671.5,2016.45,3062.81,168.4
1030.85,3.999,2.684,288.93,1346.81,2329.57,5.4
1301.76,4.096,2.821,469.66,1704.97,2716.87,103.0
1326.38,4.135,2.918,513.02,1725.06,2740.92,112.5
1328.82,4.106,2.874,511.32,1765.0,2813.56,117.3
1044.76,3.995,2.705,325.22,1392.07,2483.62,21.3
1463.59,4.173,2.953,623.51,1942.97,2935.12,159.6
1116.82,4.04,2.698,316.23,1433.29,2432.66,31.6
1287.59,4.149,2.827,489.21,1709.7,2800.39,106.2
1132.52,4.026,2.749,357.34,1373.29,2427.7,38.6
1166.23,4.082,2.746,378.74,1533.07,2497.69,52.9
1253.2,4.106,2.822,480.04,1668.11,2744.92,93.4
1233.24,4.083,2.742,419.11,1596.62,2619.71,71.5
1074.27,4.023,2.764,326.89,1395.35,2396.18,28.1
1125.49,4.023,2.702,336.93,1394.68,2462.78,29.9
1209.82,4.087,2.792,407.38,1587.79,2541.84,71.7
1367.44,4.164,2.881,549.55,1809.46,2876.92,129.0
1421.11,4.161,2.959,609.52,1975.44,2851.13,152.8
1048.91,4.005,2.681,289.37,1334.11,2339.35,15.2
1182.15,4.107,2.787,417.65,1602.45,2601.61,67.4
1026.36,4.016,2.679,346.15,1363.95,2340.43,17.9
1018.06,4.0,2.7,296.97,1218.75,2335.95,3.8
1298.28,4.153,2.856,475.07,1713.01,2791.02,112.8
1303.08,4.107,2.859,476.02,1724.47,2698.55,102.8
1117.01,4.025,2.744,312.18,1360.62,2427.88,28.6
1084.4,4.056,2.729,348.95,1395.9,2513.37,40.5
1069.18,4.021,2.703,301.05,1333.4,2358.17,5.0
1405.9,4.118,2.919,566.02,1825.21,2947.35,142.1
1461.41,4.18,3.074,666.71,2003.65,2948.99,165.7
1091.57,4.0,2.705,279.85,1358.61,2374.46,23.9
1102.88,4.037,2.732,348.87,1456.05,2530.92,40.1
1425.15,4.154,2.936,596.91,1906.39,2924.75,147.8
1448.87,4.198,2.966,598.45,1880.79,2939.32,157.6
1179.25,4.082,2.846,398.97,1557.29,2581.11,71.9
1055.42,4.02,2.712,309.69,1305.37,2390.6,9.6
1025.58,4.019,2.697,324.09,1317.52,2335.15,7.7
1238.32,4.125,2.816,502.24,1687.65,2739.93,98.0
1200.92,4.067,2.812,400.79,1540.39,2637.15,67.4
998.23,3.999,2.677,312.42,1264.12,2347.66,5.8
1250.03,4.104,2.837,474.05,1699.34,2660.77,99.6
1051.18,3.966,2.756,301.07,1312.84,2354.78,2.9
1353.81,4.175,2.881,553.5,1846.69,2898.36,134.1
1089.54,4.054,2.772,359.78,1480.35,2576.42,52.8
1048.66,3.97,2.704,319.44,1294.71,2357.77,7.8
1273.8,4.125,2.851,504.96,1661.1,2649.89,100.4
1183.94,4.07,2.771,401.33,1558.59,2571.53,68.2
1477.42,4.153,3.015,652.08,1985.37,2962.09,165.6
1265.35,4.077,2.828,458.19,1681.49,2722.75,93.0
1114.62,4.035,2.735,399.31,1446.54,2524.03,47.5
1379.79,4.144,2.807,502.2,1781.79,2836.84,120.9
1094.86,4.064,2.723,362.71,1423.14,2477.81,46.9
1457.87,4.195,2.963,585.19,1915.69,2942.65,153.8
1194.75,4.082,2.741,375.94,1518.03,2482.5,64.3
1243.36,4.105,2.828,460.74,1692.26,2676.08,93.9
1011.7,4.036,2.675,291.57,1363.86,2298.66,9.5
1228.16,4.094,2.786,402.4,1536.07,2678.41,73.0
1382.95,4.169,2.996,588.25,1898.12,2903.54,141.7
1378.26,4.171,2.955,583.82,1871.02,2883.61,137.2
1133.09,4.03,2.754,358.03,1413.59,2424.5,38.9
1112.54,4.037,2.791,322.74,1408.72,2469.51,39.2
1354.72,4.12,2.921,574.37,1836.51,2900.96,139.1
1504.83,4.178,2.989,623.44,1934.7,2917.25,158.2
1042.53,4.046,2.676,298.58,1331.77,2369.4,17.1
1204.0,4.088,2.832,431.22,1583.88,2669.24,77.1
1167.95,4.064,2.823,379.51,1493.34,2506.34,58.0
1444.05,4.193,2.979,579.9,1924.31,2893.85,148.1
1099.89,4.016,2.747,290.04,1349.88,2347.12,15.1
1063.64,4.02,2.651,358.71,1415.81,2478.25,36.7
1385.96,4.149,2.965,561.56,1794.28,2861.23,128.2
1056.17,3.979,2.695,296.41,1296.16,2422.73,9.7
1230.98,4.098,2.877,456.09,1632.15,2669.49,84.2
1229.97,4.067,2.844,446.11,1584.46,2669.52,75.7
1183.52,4.08,2.786,388.06,1512.46,2561.86,57.5
1153.38,4.063,2.768,405.41,1574.69,2532.94,67.7
1296.32,4.085,2.822,462.1,1644.42,2680.55,90.6
1044.68,4.023,2.665,318.3,1428.16,2433.74,28.3
1244.89,4.118,2.858,479.01,1616.6,2750.08,97.7
1386.77,4.135,2.841,566.52,1810.98,2862.65,137.1
1417.47,4.14,2.889,525.73,1870.55,2820.62,129.5
1072.75,4.025,2.766,309.18,1370.06,2392.51,27.0
1077.68,4.049,2.741,312.42,1387.73,2413.02,26.2
1166.09,3.997,2.701,372.01,1497.92,2499.24,46.3
1164.89,4.079,2.73,390.03,1535.55,2588.94,62.0
1164.96,4.069,2.765,411.01,1586.18,2564.34,70.0
1317.14,4.123,2.869,533.15,1774.52,2874.22,115.9
1074.07,3.989,2.725,306.71,1346.21,2325.87,10.6
1032.59,3.991,2.712,284.2,1316.92,2296.32,6.9
1234.95,4.085,2.746,390.84,1568.98,2606.22,67.2
1355.0,4.126,2.891,524.22,1751.66,2741.37,118.8
1081.33,4.065,2.751,326.13,1424.59,2453.92,33.7
1309.37,4.138,2.867,516.36,1726.53,2726.92,109.4
1105.24,4.049,2.819,365.31,1451.93,2523.32,44.9
1420.1,4.173,2.982,600.86,1861.55,2927.88,150.7
1554.04,4.202,2.996,588.81,1906.65,2973.96,152.4
1168.79,4.08,2.81,383.08,1476.52,2539.25,51.2
1134.92,4.016,2.763,369.05,1480.63,2479.19,39.9
1180.18,4.063,2.767,410.33,1552.43,2607.05,70.5
1157.27,4.054,2.777,369.39,1449.71,2445.58,41.6
1351.31,4.15,2.852,503.67,1791.88,2747.66,114.6
1451.38,4.158,2.898,572.07,1828.97,2889.31,140.6
1370.01,4.117,2.837,541.31,1739.66,2799.9,114.8
1366.45,4.165,2.964,566.7,1891.18,2866.35,140.3
1161.31,4.104,2.798,415.5,1624.73,2580.73,68.1
1056.39,4.025,2.753,323.5,1324.08,2412.41,27.4
1334.11,4.12,2.907,540.4,1796.04,2835.37,125.7
1180.2,4.069,2.775,405.32,1543.68,2564.84,61.9
1309.08,4.147,2.873,495.79,1775.03,2799.63,114.4
1183.2,4.046,2.765,354.54,1529.42,2479.75,46.7
1097.53,4.033,2.686,315.63,1313.73,2376.13,14.7
1495.66,4.216,3.026,649.02,1987.17,3055.33,168.7
1130.32,4.023,2.706,346.89,1334.71,2509.57,27.4
1530.69,4.198,3.072,648.74,1994.83,2982.6,168.0
1475.97,4.158,3.018,667.52,1997.65,3036.98,166.2
1336.9,4.181,2.976,569.81,1904.41,2909.19,135.2
1311.75,4.122,2.872,532.79,1792.12,2799.6,112.4
1260.04,4.104,2.835,498.36,1726.4,2640.33,98.6
1431.1,4.161,2.931,580.59,1875.76,2851.17,147.4
1142.03,4.061,2.779,393.43,1487.88,2496.78,49.9
1224.05,4.066,2.762,446.44,1612.78,2616.9,80.0
1310.02,4.101,2.855,502.01,1725.45,2703.07,105.7
1165.39,4.076,2.77,430.11,1559.46,2621.04,70.5
1213.66,4.068,2.791,413.41,1606.27,2634.24,73.2
1147.29,4.067,2.777,389.64,1492.93,2616.07,56.8
1274.43,4.097,2.793,461.57,1680.88,2677.91,96.4
1441.47,4.201,2.89,618.15,1928.36,2871.29,144.7
1070.35,4.047,2.703,331.91,1479.04,2465.77,35.1
1456.35,4.2,3.021,601.12,1924.27,2903.36,158.9
1329.43,4.123,2.881,504.14,1779.56,2861.79,117.5
1389.99,4.211,2.914,570.99,1877.61,2864.32,140.1
1287.95,4.099,2.884,463.92,1701.73,2693.55,95.0
1361.55,4.14,2.945,566.73,1879.84,2854.14,132.7
1009.45,4.009,2.722,289.14,1279.92,2329.36,3.7
1382.48,4.166,2.902,562.31,1857.99,2864.26,139.3
1060.34,3.983,2.726,302.62,1307.94,2445.3,7.8
1426.59,4.221,2.973,618.07,1929.22,2927.76,151.4
1506.98,4.218,3.041,649.42,2018.55,3013.75,168.6
1191.27,4.053,2.75,385.76,1467.05,2500.38,50.7
1102.91,4.083,2.702,347.19,1476.16,2488.78,36.5
1399.89,4.167,2.879,543.59,1765.29,2840.28,130.3
1165.34,4.044,2.709,369.92,1414.02,2502.65,43.8
1451.32,4.218,2.977,593.41,1914.44,2926.7,147.3
1058.48,4.026,2.707,328.47,1342.63,2427.95,18.4
1084.66,4.03,2.686,343.36,1346.12,2435.97,22.3
1456.1,4.188,3.056,638.77,2012.56,2984.72,166.5
1305.06,4.133,2.864,520.02,1776.08,2776.85,114.9
1400.42,4.16,2.97,597.94,1919.43,2850.31,144.1
1211.58,4.088,2.765,388.88,1468.37,2533.43,55.8
1305.61,4.1,2.822,519.02,1778.04,2782.74,115.3
1263.64,4.143,2.822,481.43,1717.02,2759.2,101.4
1262.69,4.1,2.805,486.52,1669.27,2633.85,102.9
1343.02,4.133,2.884,521.61,1759.34,2794.91,116.3
1278.5,4.105,2.863,462.97,1708.19,2678.8,98.2
1231.28,4.07,2.742,393.13,1613.73,2641.89,73.5
1150.52,4.063,2.745,365.51,1461.29,2561.15,47.6
1339.27,4.152,2.936,546.28,1789.62,2839.3,130.9
1091.58,4.025,2.69,375.25,1477.37,2532.19,39.2
1368.2,4.139,2.858,522.16,1766.67,2823.95,118.0
1109.78,4.026,2.738,361.61,1379.59,2485.08,40.4
1329.61,4.111,2.879,485.09,1708.62,2679.51,106.7
1358.74,4.117,2.909,531.0,1840.39,2841.94,127.3
1084.26,4.028,2.758,336.05,1389.63,2436.62,38.0
1033.55,4.014,2.718,282.09,1322.41,2249.83,11.1
1046.52,4.019,2.704,332.62,1356.67,2367.32,23.1
1276.07,4.154,2.89,488.39,1700.46,2784.44,103.4
1421.95,4.221,2.92,605.18,1870.82,2901.73,144.6
1047.81,3.991,2.613,304.99,1324.06,2403.41,8.6
1315.98,4.128,2.833,538.28,1790.03,2880.72,125.1
1162.89,4.085,2.761,358.69,1531.06,2562.9,58.7
1213.01,4.098,2.792,464.87,1597.87,2621.11,81.9
1444.09,4.208,2.974,618.4,1978.39,2908.85,158.0
1162.37,4.069,2.767,354.02,1505.18,2543.02,57.1
1207.59,4.084,2.834,434.88,1563.2,2599.6,79.6
1056.88,3.99,2.704,275.81,1262.59,2288.28,3.3
1079.77,4.017,2.724,294.52,1298.59,2352.72,14.8
1155.57,4.041,2.712,365.23,1420.66,2485.68,44.7
1015.67,4.021,2.677,283.11,1258.22,2333.35,5.7
1278.91,4.097,2.87,509.01,1687.69,2744.16,107.7
1204.91,4.105,2.791,415.93,1571.4,2626.06,73.1
1257.74,4.068,2.837,467.83,1681.43,2684.04,93.6
1074.12,4.031,2.743,343.41,1355.51,2470.54,30.5
1113.32,4.046,2.759,377.12,1455.47,2549.94,51.0
1318.41,4.099,2.908,509.56,1768.36,2809.78,113.2
1470.44,4.152,3.007,636.3,1968.28,2971.42,164.1
1054.44,3.98,2.673,320.69,1261.23,2308.31,9.5
1455.79,4.178,2.91,613.46,1916.36,2915.01,151.5
1303.21,4.1,2.854,462.3,1691.1,2672.02,98.5
1237.79,4.088,2.81,451.09,1680.2,2733.84,96.3
1248.18,4.123,2.846,432.23,1691.95,2599.78,85.5
1026.84,3.981,2.709,310.12,1302.59,2384.09,12.7
1022.99,4.024,2.696,293.05,1371.87,2392.1,16.2
1276.95,4.099,2.808,472.04,1697.12,2756.38,102.6
1189.87,4.04,2.79,368.15,1525.15,2562.49,58.6
1444.6,4.171,2.98,626.63,1916.35,2941.21,156.0
1232.68,4.089,2.79,420.68,1537.28,2551.97,69.7
1089.66,3.994,2.736,338.59,1337.28,2487.75,25.2
1335.77,4.146,2.887,519.6,1738.12,2802.41,121.8
1170.56,4.033,2.727,346.12,1497.95,2505.59,50.6
1261.53,4.085,2.831,440.88,1626.71,2680.54,89.8
1313.58,4.145,2.898,499.7,1845.91,2838.12,118.9
1491.03,4.223,2.98,584.78,1908.6,2921.35,153.1
1392.76,4.138,2.931,575.73,1860.6,2903.4,134.9
1326.33,4.147,2.887,507.62,1755.23,2786.56,115.3
1306.15,4.127,2.854,516.97,1701.25,2809.95,115.9
1499.24,4.179,2.991,641.99,1917.63,2973.08,160.9
1155.6,4.074,2.82,358.02,1434.22,2548.25,51.0
1033.01,3.975,2.727,293.72,1324.07,2360.4,1.2
1119.28,4.025,2.746,343.75,1501.9,2522.65,47.0
1128.94,4.046,2.755,352.1,1483.48,2533.02,37.8
1341.23,4.161,2.832,521.58,1676.18,2763.81,112.9
1287.44,4.139,2.832,477.43,1680.91,2796.69,108.1
1248.52,4.087,2.799,491.41,1710.53,2697.14,101.3
1037.89,3.982,2.699,292.06,1266.93,2351.54,3.7
1313.6,4.163,2.894,525.63,1813.51,2780.93,124.2
1159.01,4.09,2.793,364.45,1485.52,2507.38,55.7
1308.89,4.135,2.855,510.46,1728.75,2823.22,113.4
1296.12,4.096,2.857,472.4,1610.94,2780.52,95.1
1154.15,4.096,2.785,384.12,1495.04,2546.32,58.9
1099.93,4.018,2.79,308.08,1380.04,2373.46,23.7
1042.54,3.999,2.757,322.38,1312.27,2386.61,17.0
1432.27,4.149,2.975,593.1,1872.31,2853.44,141.5
1506.04,4.159,3.007,627.46,1905.36,2995.77,156.2
1285.6,4.184,2.829,524.65,1710.64,2784.37,110.8
1066.45,4.041,2.718,303.81,1326.8,2416.33,18.5
1260.13,4.062,2.848,387.92,1568.16,2588.06,68.9
1354.68,4.178,2.9,538.67,1818.55,2785.43,124.2
1381.26,4.165,2.882,547.46,1886.21,2891.15,132.8
1085.06,4.025,2.722,332.75,1381.27,2398.46,21.0
1017.87,3.977,2.657,268.65,1290.2,2283.15,1.0
1301.61,4.13,2.853,511.22,1833.48,2864.78,121.4
1198.64,4.065,2.781,394.59,1530.33,2660.92,61.3
1074.13,4.005,2.766,362.54,1469.28,2499.94,44.0
1011.59,3.984,2.666,297.88,1316.44,2347.34,3.2
1287.83,4.104,2.803,457.43,1658.78,2758.45,92.3
1408.93,4.195,2.898,555.0,1883.16,2885.82,144.8
1458.92,4.179,3.011,682.49,1962.08,3015.84,162.8
1292.16,4.126,2.77,468.95,1654.92,2680.32,96.6
1223.75,4.057,2.803,492.67,1619.94,2687.72,87.9
1020.94,4.032,2.707,306.33,1367.5,2342.25,15.4
1268.72,4.088,2.77,446.32,1626.9,2681.54,93.8
1176.57,4.073,2.745,396.78,1542.73,2511.47,65.2
1259.69,4.126,2.839,500.73,1701.71,2750.94,103.6
1201.13,4.077,2.771,413.84,1502.04,2599.67,66.7
1129.54,4.039,2.736,360.0,1466.2,2443.35,41.6
1046.62,3.986,2.716,310.18,1302.18,2475.23,17.0
1144.01,4.039,2.708,381.54,1470.5,2537.17,54.2
1068.08,4.031,2.729,309.36,1340.83,2382.91,17.3
1120.07,4.016,2.716,353.56,1442.32,2402.77,30.9
1485.8,4.195,3.036,657.94,2005.76,3022.52,167.9
1227.6,4.054,2.736,409.78,1593.53,2585.08,76.1
1267.65,4.119,2.809,433.61,1688.0,2710.85,90.9
1452.0,4.147,2.969,575.09,1894.45,2878.1,148.6
1498.49,4.217,3.077,642.62,2056.49,3014.33,169.3
1255.78,4.092,2.838,478.19,1699.62,2706.95,99.5
1385.51,4.181,2.911,566.41,1859.78,2902.61,138.3
1165.33,4.06,2.759,393.05,1447.37,2490.14,56.3
1192.6,4.044,2.723,376.35,1515.73,2546.23,52.7
1179.63,4.107,2.781,433.32,1570.83,2553.85,69.1
1344.0,4.13,2.849,517.42,1744.04,2749.84,114.7
1320.65,4.126,2.833,513.92,1742.76,2805.5,116.3
1154.2,4.075,2.781,357.05,1553.48,2536.19,54.3
1109.56,3.989,2.668,327.64,1344.09,2427.74,23.5
1322.6,4.073,2.865,501.5,1731.49,2778.51,107.9
1038.57,4.041,2.732,310.23,1365.74,2416.19,22.7
1262.18,4.095,2.816,455.93,1702.07,2706.35,98.8
1366.03,4.153,2.902,534.56,1708.6,2749.92,118.2
1341.87,4.138,2.858,506.5,1791.8,2882.7,119.4
1337.12,4.125,2.877,545.05,1859.21,2852.8,128.3
1409.13,4.186,2.917,593.6,1844.73,2912.63,148.5
1255.59,4.087,2.808,450.72,1595.89,2645.87,85.5
1378.56,4.122,2.857,518.62,1810.74,2823.36,124.4
1297.27,4.099,2.821,487.06,1707.26,2739.25,105.6
1156.39,3.996,2.726,324.09,1424.65,2469.52,32.5
1047.77,4.005,2.692,292.43,1318.52,2318.59,5.3
1131.51,4.032,2.788,377.18,1478.44,2580.95,49.1
1190.34,4.083,2.82,436.97,1636.32,2647.84,75.9
1271.41,4.116,2.861,510.49,1732.33,2665.76,105.3
1425.59,4.15,2.936,579.29,1844.52,2908.42,144.6
1086.45,4.002,2.718,337.35,1431.84,2486.99,34.2
1110.28,4.068,2.713,339.2,1361.85,2354.93,22.2
1516.18,4.191,3.004,641.98,1988.04,3018.91,163.8
1076.91,4.05,2.689,333.49,1386.09,2421.31,19.3
1198.18,4.114,2.799,465.52,1657.33,2591.83,81.9
1263.2,4.107,2.808,463.31,1689.12,2709.73,100.0
1289.57,4.108,2.796,471.45,1679.5,2640.99,92.5
1037.83,4.012,2.734,299.52,1303.89,2414.96,15.5
1067.99,4.04,2.658,323.61,1303.04,2321.56,10.6
1071.87,4.03,2.678,296.36,1332.45,2357.02,18.8
1281.31,4.097,2.872,489.74,1717.63,2719.94,100.0
1242.06,4.112,2.81,452.11,1708.33,2771.53,93.0
1112.69,4.056,2.78,361.62,1532.22,2528.63,40.5
1310.95,4.101,2.816,515.13,1750.83,2712.52,108.8
1426.94,4.172,2.927,560.79,1895.27,2827.45,139.6
1011.48,4.027,2.719,273.76,1254.79,2328.39,8.0
1230.55,4.078,2.78,439.47,1569.38,2601.36,85.2
1333.62,4.121,2.92,510.68,1737.14,2818.64,117.5
1139.81,4.067,2.731,339.95,1411.72,2518.55,43.6
1125.35,4.048,2.772,347.1,1503.22,2565.87,53.0
1261.13,4.1,2.823,504.98,1759.28,2737.65,104.7
1460.14,4.196,3.013,626.49,1921.38,2934.62,152.8
1357.76,4.172,2.929,557.12,1834.17,2826.86,137.9
1310.92,4.115,2.896,470.65,1693.97,2725.99,99.5
1349.78,4.166,2.921,545.15,1772.19,2865.61,124.4
1135.44,4.091,2.796,408.71,1511.6,2550.39,62.7
1295.81,4.123,2.824,524.04,1721.5,2770.52,109.3
1231.23,4.128,2.801,441.12,1611.67,2638.58,79.8
1082.62,4.063,2.719,324.23,1356.51,2429.23,33.1
1339.41,4.098,2.875,533.35,1711.58,2816.22,119.6
1284.1,4.087,2.829,454.49,1639.55,2769.61,95.0
1166.21,4.021,2.742,393.27,1539.19,2618.45,61.6
1427.22,4.175,2.972,626.72,1893.37,2905.36,155.0
1017.77,3.971,2.689,276.41,1348.08,2343.15,4.5
1187.05,4.041,2.728,378.79,1519.02,2563.94,54.4
1082.01,4.025,2.723,281.73,1336.94,2365.5,10.6
1322.2,4.116,2.907,533.14,1846.7,2788.43,130.5
1366.38,4.14,2.899,513.43,1785.54,2765.61,119.7
1165.02,4.063,2.777,409.52,1519.57,2570.23,57.0
1348.6,4.131,2.813,511.55,1790.32,2855.0,115.2
1174.8,4.077,2.754,446.7,1579.9,2562.64,67.9
1323.09,4.104,2.946,558.04,1822.32,2794.71,128.8
1230.64,4.07,2.819,442.24,1649.13,2672.9,77.8
1172.69,4.108,2.735,396.31,1563.83,2608.9,70.7
1428.84,4.162,3.009,618.13,1935.71,2939.53,159.0
1089.64,4.077,2.718,341.62,1403.86,2483.51,43.4
1081.31,3.988,2.65,313.95,1337.72,2398.66,21.4
1282.99,4.083,2.884,468.72,1721.92,2746.0,99.8
1502.34,4.175,3.03,635.37,1975.12,2987.98,164.8
1196.87,4.093,2.781,413.19,1551.47,2515.14,64.9
1031.47,3.993,2.662,297.66,1322.71,2360.5,11.5
1160.64,4.069,2.73,400.39,1473.85,2623.9,58.3
1228.11,4.098,2.762,424.22,1620.02,2707.09,86.5
1078.63,4.024,2.765,337.76,1362.41,2482.07,28.4
1292.35,4.154,2.809,497.55,1726.98,2732.5,112.2
1508.49,4.215,3.129,652.77,1971.62,3012.9,169.6
1241.74,4.063,2.765,439.58,1604.13,2664.1,77.3
1149.06,4.06,2.731,371.31,1545.16,2563.79,60.9
1222.82,4.11,2.779,430.73,1554.33,2639.06,68.7
1066.9,4.022,2.691,314.12,1296.13,2366.55,20.5
1441.3,4.145,2.962,625.62,1869.19,2928.28,150.3
1154.92,4.049,2.758,414.67,1582.7,2577.5,71.1
1139.35,4.09,2.767,423.86,1521.1,2641.77,66.4
1320.94,4.143,2.836,505.61,1718.57,2764.79,112.5
1230.0,4.065,2.817,427.19,1584.79,2611.15,75.7
1294.73,4.142,2.87,501.95,1709.11,2713.75,110.6
1083.5,4.036,2.707,298.13,1256.25,2398.33,11.4
1416.11,4.19,2.953,563.9,1828.99,2889.77,138.5
1444.03,4.22,3.007,626.4,1941.71,2958.33,159.9
1312.55,4.138,2.861,508.64,1716.47,2783.69,110.6
1536.48,4.187,3.008,632.83,1985.74,3011.58,162.3
1048.34,4.015,2.698,335.65,1382.98,2433.0,26.6
1240.34,4.091,2.78,413.07,1608.63,2661.23,81.7
1280.04,4.099,2.844,495.73,1733.21,2749.33,102.7
1295.78,4.105,2.863,463.37,1636.99,2643.6,99.3
1222.83,4.101,2.798,384.24,1600.76,2611.1,68.8
1152.19,4.03,2.781,415.04,1558.63,2484.16,58.1
1096.95,3.987,2.681,341.64,1360.22,2408.87,22.4
1242.14,4.09,2.794,405.43,1535.14,2608.24,67.2
1085.86,4.018,2.71,347.3,1428.22,2359.34,28.5
1375.46,4.106,2.892,529.75,1788.95,2819.94,125.1
1089.38,4.034,2.749,338.44,1430.03,2449.02,36.3
1041.05,3.999,2.665,291.69,1326.32,2353.35,10.9
1259.16,4.098,2.828,453.82,1677.02,2725.21,94.3
1304.75,4.129,2.844,475.77,1660.68,2799.21,101.6
1459.21,4.147,2.982,582.03,1914.26,2941.37,148.4
1273.0,4.112,2.816,429.97,1653.85,2711.83,98.5
1203.57,4.059,2.764,387.06,1496.31,2500.76,59.4
1430.27,4.16,2.922,548.69,1876.46,2919.47,136.7
1278.81,4.069,2.805,463.36,1638.45,2679.42,92.3
1036.21,3.997,2.688,302.95,1312.64,2309.56,14.4
1254.93,4.11,2.811,478.01,1678.29,2657.03,96.6
1428.51,4.192,2.971,608.76,1969.17,2885.97,154.5
1212.47,4.111,2.832,388.17,1622.32,2544.22,68.0
1112.6,4.069,2.751,354.48,1514.15,2562.21,51.1
1092.94,4.03,2.732,306.85,1408.8,2427.56,25.2
1052.38,4.048,2.721,314.91,1379.61,2446.57,26.6
1226.46,4.076,2.78,409.37,1652.89,2501.29,74.1
1285.48,4.147,2.837,493.62,1699.97,2754.21,101.7
1083.0,4.03,2.727,309.73,1331.6,2403.09,14.6
1494.76,4.178,2.997,594.68,1964.58,2886.76,159.8
1402.59,4.187,2.891,530.12,1820.4,2782.25,128.6
1317.05,4.123,2.827,475.82,1647.96,2762.88,100.1
1409.21,4.208,2.899,558.95,1846.99,2858.32,141.0
1020.51,4.014,2.735,308.03,1343.8,2417.99,14.6
1200.55,4.08,2.788,423.05,1584.0,2643.46,81.6
1250.16,4.107,2.893,491.1,1738.75,2726.36,107.5
1378.64,4.157,2.936,565.57,1869.15,2876.72,141.0
1383.37,4.143,2.95,556.71,1861.92,2771.75,133.4
1120.26,4.075,2.743,388.81,1462.78,2523.99,47.8
1462.45,4.187,2.978,636.58,1968.56,2911.34,160.0
1080.25,3.985,2.745,303.53,1307.66,2333.73,22.0
1423.24,4.178,2.937,631.81,1855.25,2854.9,148.9
1455.64,4.196,3.068,654.45,1953.3,2943.63,165.1
1089.09,4.019,2.743,325.39,1407.12,2465.45,30.9
1326.98,4.147,2.926,516.71,1764.22,2777.52,123.0
1026.33,3.999,2.666,300.52,1327.68,2381.29,7.8
1226.57,4.089,2.81,420.9,1568.24,2630.32,69.5
1239.16,4.111,2.791,476.52,1622.38,2708.3,88.3
1321.83,4.12,2.761,481.72,1689.71,2786.81,99.1
1500.0,4.161,3.022,611.01,1936.97,2974.76,159.2
1309.27,4.174,2.863,502.08,1759.97,2798.8,114.6
1201.21,4.061,2.831,446.64,1595.56,2620.33,82.3
1394.26,4.158,2.923,545.94,1865.55,2776.82,137.8
1501.14,4.168,3.009,649.93,2002.4,2978.87,161.6
1013.45,4.004,2.737,282.14,1256.72,2284.42,4.7
1512.87,4.199,3.049,656.39,1965.56,2932.04,167.0
1082.16,4.006,2.691,326.52,1316.77,2334.97,15.6
1378.74,4.192,2.919,613.86,1866.56,2898.48,138.6
1118.81,4.072,2.754,363.68,1493.89,2549.6,48.4
1089.05,4.012,2.63,317.91,1315.11,2418.56,23.3
1213.02,4.099,2.806,417.47,1575.66,2573.78,75.3
1292.19,4.157,2.894,501.13,1730.41,2744.97,109.8
1172.79,4.093,2.774,392.21,1565.75,2634.87,65.4
1037.17,4.0,2.686,317.64,1288.44,2350.03,10.2
1247.82,4.085,2.85,496.4,1718.68,2705.99,102.3
1464.88,4.186,3.023,602.23,1933.24,2986.97,153.5
1170.67,4.085,2.79,391.99,1594.11,2671.2,65.8
1037.82,4.021,2.741,341.28,1490.39,2455.04,37.6
1209.91,4.084,2.78,416.34,1606.99,2554.77,75.8
1017.85,4.0,2.665,305.11,1303.39,2359.63,9.2
1443.57,4.19,2.926,573.53,1876.58,2863.23,139.7
1389.85,4.201,2.929,585.45,1883.75,2939.93,140.7
1253.78,4.137,2.777,499.2,1704.18,2667.03,100.4
1181.42,4.063,2.746,396.86,1532.25,2523.02,60.7
1373.79,4.181,2.95,570.77,1862.18,2847.75,136.2
1245.23,4.12,2.817,501.13,1695.53,2723.45,94.7
1417.01,4.162,2.854,581.51,1931.94,2838.12,140.6
1277.0,4.165,2.897,486.3,1666.05,2790.71,107.7
1345.71,4.14,2.882,554.39,1873.52,2832.39,133.6
1329.64,4.128,2.824,455.94,1700.37,2664.9,102.2
1211.58,4.094,2.816,421.55,1539.14,2566.92,71.0
1469.83,4.185,2.993,622.61,1926.8,2916.37,162.9
1257.96,4.115,2.761,445.85,1663.33,2634.85,92.4
1302.4,4.136,2.847,470.46,1702.0,2806.96,103.3
1133.56,4.042,2.759,366.28,1395.07,2476.47,38.3
1281.19,4.131,2.833,487.5,1715.13,2786.33,106.7
1282.23,4.113,2.826,482.13,1707.49,2690.72,97.6
1081.06,4.046,2.692,343.83,1449.57,2471.54,32.2
1036.26,3.999,2.67,303.9,1322.48,2331.74,11.1
1293.41,4.111,2.831,477.41,1704.11,2797.87,103.1
1371.04,4.151,2.919,554.23,1837.59,2827.76,130.1
1267.77,4.124,2.818,446.25,1676.25,2640.72,89.5
1124.16,4.004,2.768,353.45,1437.25,2424.09,39.3
1283.12,4.112,2.911,524.01,1756.78,2725.8,113.6
1015.5,4.053,2.731,326.54,1320.35,2326.61,14.5
1200.92,4.089,2.744,416.57,1577.85,2688.49,75.7
1130.22,4.017,2.714,337.06,1369.34,2424.18,28.6
1072.28,4.046,2.753,346.69,1371.73,2435.27,32.2
1096.09,4.018,2.728,347.0,1378.81,2590.49,35.2
1170.86,4.03,2.728,415.31,1517.5,2643.34,66.4
1023.68,4.009,2.681,310.11,1285.12,2308.26,9.6
1193.89,4.06,2.711,435.25,1560.18,2643.63,68.2
1278.71,4.1,2.803,480.67,1646.27,2652.35,87.5
1241.36,4.099,2.783,435.49,1599.71,2642.22,82.7
1162.35,4.074,2.765,427.41,1515.41,2555.98,65.7
1480.2,4.132,2.97,585.18,1940.61,2883.47,142.8
1078.77,4.022,2.678,323.36,1362.95,2396.73,25.6
1226.35,4.106,2.788,455.23,1610.69,2648.98,86.5
1077.3,3.976,2.666,298.1,1273.1,2348.84,11.5
1034.02,3.976,2.734,303.57,1341.87,2390.4,13.0
1315.77,4.09,2.864,455.07,1732.61,2728.82,98.0
1248.54,4.124,2.839,469.76,1666.7,2708.82,96.7
1468.17,4.135,2.965,609.4,1895.35,2975.42,149.4
1271.32,4.124,2.789,476.29,1674.66,2740.57,95.3
1509.74,4.199,3.023,637.14,1977.98,3025.03,163.2
1084.07,3.996,2.664,323.85,1236.55,2327.01,9.2
1028.57,3.982,2.709,344.0,1363.74,2343.15,17.6
1066.53,3.985,2.686,303.96,1364.6,2364.86,8.4
1058.7,4.046,2.709,362.14,1405.01,2464.08,32.3
1231.94,4.129,2.821,464.51,1651.01,2646.69,92.5
1290.08,4.105,2.874,500.48,1754.59,2770.66,110.1
1047.85,4.024,2.75,311.33,1329.63,2285.88,8.7
1470.6,4.202,3.021,624.41,1963.24,2949.15,160.9
1408.82,4.167,3.004,544.49,1901.54,2839.51,143.3
1146.68,4.038,2.76,369.69,1504.7,2538.48,51.1
1063.02,3.996,2.757,283.36,1295.19,2407.26,14.0
1104.0,4.063,2.737,327.64,1358.39,2353.83,29.7
1096.38,4.021,2.721,312.35,1325.02,2284.63,22.5
1112.98,4.044,2.708,311.35,1315.89,2469.58,21.8
1246.49,4.104,2.822,435.08,1662.11,2624.37,88.6
1107.35,4.034,2.754,339.17,1469.27,2465.9,42.5
1186.38,4.078,2.727,384.39,1536.62,2521.05,61.5
1465.49,4.241,3.079,639.63,2041.68,3039.31,168.2
1312.97,4.121,2.823,510.02,1750.24,2821.42,116.6
1496.43,4.208,3.028,630.7,1939.68,2951.14,161.4
1072.53,4.025,2.736,335.78,1377.99,2446.22,25.1
1151.94,4.042,2.818,387.13,1574.39,2590.46,65.6
1227.5,4.078,2.799,451.18,1646.35,2707.95,94.7
1049.28,3.998,2.674,330.79,1388.36,2400.5,14.0
1047.06,3.999,2.721,296.71,1279.87,2327.0,1.7
1351.04,4.149,2.831,497.33,1764.56,2753.62,114.3
1311.03,4.094,2.818,478.89,1732.86,2790.49,109.5
1245.74,4.09,2.789,404.72,1548.54,2604.93,70.4
1230.4,4.091,2.804,436.47,1644.21,2651.2,83.7
1194.24,4.078,2.789,424.05,1459.51,2606.1,71.2
962.3,4.008,2.708,256.32,1284.92,2315.56,5.1
1149.42,4.096,2.78,371.95,1531.04,2495.07,57.7
1111.69,4.034,2.723,362.66,1354.19,2416.67,30.9
1096.16,3.985,2.709,312.36,1323.56,2398.59,17.6
1455.0,4.187,3.012,631.24,1951.58,2966.73,162.7
1298.44,4.133,2.84,472.77,1686.81,2682.31,102.3
1379.04,4.161,2.843,544.22,1774.52,2757.56,124.1
1151.78,4.07,2.781,352.69,1462.61,2485.72,54.3
1130.18,4.063,2.81,399.7,1545.79,2579.66,67.4
1122.62,4.013,2.758,323.1,1462.9,2545.81,41.0
1075.49,4.023,2.724,311.39,1355.09,2340.49,17.4
1067.54,4.004,2.696,329.57,1429.88,2471.82,31.3
1382.74,4.172,2.872,536.47,1838.42,2805.13,135.8
1297.58,4.147,2.89,526.95,1792.23,2809.86,115.5
1196.65,4.096,2.823,471.73,1620.12,2663.1,93.4
1251.7,4.088,2.806,450.45,1645.76,2638.3,81.3
1456.66,4.188,2.991,592.35,1972.64,2974.76,156.9
1086.34,3.994,2.71,289.61,1280.08,2376.11,13.3
1157.27,4.022,2.769,386.37,1482.99,2520.81,48.4
1158.42,4.064,2.764,403.47,1513.62,2561.57,60.1
1379.01,4.156,2.85,575.64,1829.85,2924.7,133.2
1509.94,4.226,3.085,642.97,1996.15,2943.74,168.7
1142.27,4.026,2.758,353.87,1422.74,2478.75,41.7
1438.46,4.195,2.915,603.02,1931.06,2913.99,148.8
1434.43,4.142,2.895,554.68,1869.69,2848.1,141.4
1103.64,4.011,2.763,353.38,1396.55,2505.67,39.0
1165.22,4.069,2.814,446.24,1551.18,2573.37,68.5
1193.37,4.058,2.703,406.44,1545.43,2630.32,70.2
1492.89,4.168,3.052,615.99,2001.53,2988.39,166.3
1061.99,4.068,2.72,343.0,1360.88,2429.93,31.6
1356.55,4.149,2.917,548.09,1905.77,2931.03,136.1
1171.25,4.107,2.767,384.42,1509.97,2473.75,57.5
1343.86,4.124,2.863,549.61,1757.16,2840.27,124.5
1195.7,4.045,2.805,423.79,1560.95,2660.71,72.0
1267.43,4.138,2.811,465.89,1666.84,2652.13,98.7
1445.87,4.151,2.953,588.37,1847.23,2883.9,141.7
1424.18,4.162,2.946,538.7,1862.23,2884.51,136.9
1395.18,4.145,2.923,593.31,1963.78,2873.56,147.4
1027.68,4.003,2.674,295.14,1374.76,2386.54,11.1
1355.16,4.108,2.874,482.2,1771.29,2846.02,118.0
1089.59,4.019,2.762,306.26,1349.15,2446.66,24.7
1196.84,4.069,2.767,413.74,1572.42,2677.08,71.3
1233.28,4.11,2.81,473.2,1681.74,2649.31,93.7
1174.68,4.088,2.791,409.72,1560.84,2584.03,69.1
1234.62,4.105,2.834,446.8,1660.91,2610.96,88.8
1504.97,4.208,3.091,660.55,2010.61,2978.73,169.4
1115.11,4.017,2.717,327.1,1377.89,2434.61,23.9
1308.22,4.124,2.856,525.92,1716.42,2788.26,115.2
1162.94,4.083,2.789,415.68,1546.04,2566.52,67.9
1068.87,4.017,2.62,311.65,1425.18,2407.62,23.5
1108.32,4.023,2.777,340.13,1399.96,2350.58,27.8
1435.44,4.197,3.001,641.36,1995.66,2966.61,161.4
1469.62,4.154,2.962,617.09,1967.3,2979.42,149.7
1443.98,4.209,3.037,600.23,1892.64,2874.3,154.3
1476.87,4.193,3.04,640.67,2071.38,2993.16,168.6
1063.91,4.037,2.803,358.52,1448.27,2517.49,36.2
1187.46,4.065,2.791,405.8,1556.15,2520.4,61.1
1317.92,4.144,2.876,500.83,1728.17,2765.53,114.1
1234.47,4.099,2.823,428.06,1634.42,2694.38,82.8
1176.57,4.078,2.76,408.36,1541.82,2707.56,71.7
1162.91,4.095,2.72,395.17,1527.44,2573.39,61.5
1271.94,4.051,2.801,465.78,1702.72,2736.05,101.3
1272.54,4.136,2.864,478.47,1672.13,2663.01,98.3
1066.95,4.043,2.694,304.99,1421.64,2446.17,28.3
1186.06,4.053,2.75,421.32,1588.42,2626.99,80.7
1332.33,4.125,2.822,466.59,1602.79,2708.4,94.5
1238.34,4.131,2.847,456.37,1668.11,2725.59,97.4
1109.23,4.046,2.734,339.6,1457.91,2454.84,36.5
1315.67,4.115,2.909,536.05,1876.48,2875.14,126.4
977.05,4.01,2.727,323.0,1335.34,2363.11,5.3
1171.97,4.085,2.785,373.38,1552.86,2531.98,61.0
1384.28,4.143,2.902,557.2,1820.0,2799.92,132.9
1300.8,4.118,2.811,452.38,1739.86,2759.94,96.3
1137.15,4.039,2.768,346.12,1476.0,2542.65,45.1
1331.66,4.154,2.88,505.63,1789.11,2802.19,118.4
1247.25,4.103,2.803,466.72,1692.15,2652.38,96.9
1425.9,4.146,2.953,581.89,1808.73,2848.16,135.6
1379.41,4.144,2.895,552.61,1808.88,2839.19,125.2
1261.11,4.092,2.862,478.5,1660.96,2696.25,104.1
1233.26,4.09,2.793,435.74,1640.65,2726.07,83.5
1075.26,4.026,2.749,331.25,1378.06,2364.59,23.5
1118.6,4.063,2.698,362.98,1436.63,2451.11,45.2
1218.72,4.084,2.836,405.55,1600.15,2613.05,71.8
1307.65,4.088,2.78,491.13,1685.91,2776.38,102.3
1239.9,4.126,2.771,473.38,1624.25,2566.7,87.8
1132.21,4.08,2.759,386.69,1490.24,2482.39,49.7
1056.9,3.995,2.673,306.33,1283.04,2219.45,2.1
1259.52,4.08,2.797,440.58,1628.66,2708.55,84.9
1139.9,4.04,2.735,353.74,1503.41,2480.82,49.3
1315.24,4.141,2.864,504.82,1774.9,2884.6,125.1
1035.07,4.002,2.702,259.75,1270.35,2271.93,5.0
1297.09,4.107,2.832,472.63,1679.07,2673.42,99.8
1398.42,4.171,3.027,631.05,1952.68,2944.95,160.1
1095.54,4.048,2.727,347.49,1415.19,2458.41,30.5
1213.95,4.095,2.787,437.41,1662.21,2641.58,80.7
1048.62,3.989,2.73,299.25,1338.62,2358.95,16.5
1277.42,4.128,2.792,501.21,1717.16,2645.97,106.7
1258.97,4.109,2.746,444.76,1641.47,2681.67,94.0
1228.71,4.062,2.734,394.45,1534.83,2588.21,69.8
1237.24,4.124,2.804,461.08,1660.15,2653.51,89.1
1466.68,4.181,2.979,585.02,1921.15,2982.3,152.5
1078.53,4.028,2.65,330.1,1448.26,2444.24,34.2
1044.88,3.994,2.691,275.78,1328.27,2397.31,4.8
1423.57,4.18,2.936,590.83,1919.31,2925.07,146.6
1284.61,4.11,2.836,481.57,1636.58,2732.97,98.5
1439.49,4.176,2.906,610.13,1935.93,2958.99,151.5
1301.72,4.137,2.916,471.61,1666.89,2738.91,101.9
1331.64,4.132,2.921,563.73,1797.51,2853.91,137.9
1168.91,4.056,2.752,429.84,1580.53,2630.53,73.6
1374.37,4.163,2.897,533.12,1849.24,2863.14,127.7
1400.49,4.23,3.023,597.09,1953.99,2960.61,155.3
1260.07,4.128,2.791,461.23,1650.31,2648.24,97.7
1090.63,4.066,2.681,327.68,1484.16,2476.86,31.6
1109.86,4.039,2.743,364.98,1485.26,2532.91,46.4
1082.42,4.02,2.729,341.91,1387.21,2490.17,34.6
1127.61,4.052,2.763,354.96,1384.21,2475.95,42.7
1172.68,4.074,2.8,364.79,1480.78,2498.74,52.8
1240.98,4.081,2.848,450.47,1605.45,2694.44,94.8
1266.84,4.11,2.793,486.63,1657.48,2755.85,100.4
1184.62,4.08,2.755,422.85,1520.66,2551.24,73.1
1234.4,4.106,2.82,480.9,1685.9,2738.24,105.0
1053.6,3.997,2.728,306.36,1317.31,2298.88,14.8
1076.0,4.026,2.724,327.2,1311.26,2326.09,15.8
1113.55,4.037,2.762,332.97,1463.17,2481.98,30.0
1225.02,4.115,2.83,450.58,1631.84,2681.53,88.6
1075.1,4.043,2.715,370.0,1462.82,2421.73,37.2
1137.58,4.033,2.745,385.27,1487.89,2538.54,48.9
1211.34,4.083,2.736,398.94,1546.79,2566.88,68.7
1400.62,4.142,2.94,583.03,1840.97,2887.56,138.2
1029.63,3.988,2.671,285.48,1328.92,2351.26,3.3
1340.64,4.106,2.892,484.9,1702.48,2786.81,110.7
1303.55,4.119,2.88,527.91,1729.21,2809.37,114.0
1384.21,4.16,2.973,550.75,1826.05,2853.81,136.0
1503.32,4.177,3.006,611.9,1950.08,2944.58,158.6
1020.01,3.978,2.703,284.05,1265.26,2391.62,4.4
1048.73,4.046,2.715,359.13,1410.02,2391.4,27.0
1420.12,4.174,2.949,584.68,1944.23,2942.25,150.8
1194.64,4.076,2.788,420.01,1572.99,2604.18,78.5
1278.53,4.087,2.858,462.88,1687.08,2704.46,96.4
1296.64,4.092,2.82,513.94,1718.47,2840.13,113.1
1334.02,4.129,2.868,511.36,1760.95,2730.89,115.8
1443.49,4.158,2.942,609.09,1982.16,2895.66,158.5
1445.2,4.214,3.088,657.96,2000.72,3054.32,169.5
1356.11,4.142,2.868,549.28,1783.08,2817.82,122.7
1142.51,4.082,2.767,346.15,1542.18,2487.38,49.5
1446.3,4.179,2.935,585.93,1917.88,2912.21,149.7
1019.92,3.987,2.69,305.62,1286.47,2349.1,9.3
1094.38,4.002,2.757,333.97,1407.08,2466.7,40.1
1453.02,4.195,2.972,601.55,1988.98,2983.61,152.7
1162.93,4.019,2.79,379.52,1429.81,2458.39,44.3
1109.58,4.029,2.721,358.52,1406.5,2462.2,38.3
1084.37,4.054,2.7,331.67,1372.12,2373.03,24.3
1414.11,4.183,2.982,598.4,1913.24,2894.79,146.2
1199.46,4.103,2.797,448.94,1587.2,2632.57,85.5
1349.29,4.151,2.852,505.68,1744.13,2789.92,115.1
1140.1,4.059,2.751,369.47,1399.97,2477.55,41.4
1386.0,4.181,2.892,537.32,1810.06,2857.36,129.1
1364.72,4.138,2.888,542.84,1840.77,2889.07,129.4
1165.17,4.049,2.737,354.0,1483.7,2485.6,53.8
1217.81,4.059,2.824,404.99,1619.45,2604.23,70.4
1145.02,4.034,2.728,346.93,1394.62,2400.36,36.4
1511.54,4.192,3.02,639.68,1988.3,2986.01,166.0
1311.77,4.091,2.845,513.03,1770.0,2779.44,110.1
1430.73,4.173,3.005,613.78,1979.48,2941.83,158.9
1149.97,4.083,2.799,369.83,1564.08,2542.08,52.3
1387.23,4.159,2.902,546.25,1842.34,2863.05,133.1
1390.07,4.165,2.874,551.31,1793.69,2862.67,130.4
1367.56,4.133,2.928,540.63,1767.47,2740.66,117.9
1478.35,4.155,3.028,599.68,1948.14,3019.8,164.2
1239.98,4.071,2.775,398.9,1551.83,2574.11,67.5
1026.64,4.039,2.717,316.38,1403.32,2345.03,23.1
1333.96,4.108,2.826,477.5,1771.02,2738.43,114.5
1333.24,4.158,2.884,530.8,1789.95,2764.08,124.3
1227.11,4.077,2.854,466.67,1658.3,2688.07,98.2
1098.22,4.035,2.769,338.27,1427.81,2427.42,36.0
1203.75,4.107,2.799,429.12,1643.48,2600.48,86.3
1146.02,4.05,2.763,377.39,1453.33,2465.39,53.8
1204.23,4.13,2.825,400.54,1541.75,2608.81,73.2
1337.94,4.116,2.855,486.39,1721.8,2814.02,110.0
1323.82,4.135,2.913,536.18,1765.06,2830.66,126.9
1137.09,4.044,2.751,368.15,1381.17,2454.98,40.2
1195.41,4.061,2.762,416.45,1525.65,2552.45,69.5
1156.45,4.019,2.72,373.84,1472.49,2452.33,46.5
1088.91,4.011,2.762,371.73,1415.51,2445.85,34.6
1348.3,4.17,2.828,561.6,1820.41,2843.4,133.4
1419.06,4.175,2.956,593.41,1901.64,2959.65,154.7
1144.33,4.103,2.73,389.76,1542.78,2556.96,63.6
1376.63,4.139,2.926,528.81,1819.06,2884.96,128.0
1479.7,4.193,3.008,601.67,1957.59,2877.39,152.6
1401.01,4.178,2.916,575.42,1806.03,2849.31,144.0
1108.59,4.02,2.81,323.28,1349.27,2462.23,31.9
1437.43,4.173,3.055,643.97,1994.18,2950.35,162.6
1184.11,4.035,2.78,415.34,1550.47,2553.19,64.7
1179.08,4.073,2.809,390.4,1537.92,2519.13,58.3
1005.95,4.028,2.681,286.68,1293.78,2310.44,11.6
1226.25,4.061,2.796,440.83,1602.73,2565.25,83.2
1079.38,4.007,2.724,306.04,1313.37,2369.88,19.4
1048.22,4.03,2.721,377.3,1376.69,2444.24,43.0
1185.6,4.068,2.72,362.34,1498.46,2547.3,54.6
1403.96,4.154,2.891,575.55,1895.48,2866.52,137.7
1448.96,4.2,2.948,603.84,1898.78,2888.49,149.0
1135.34,4.047,2.769,388.94,1462.67,2505.29,52.1
1378.86,4.146,2.935,589.96,1857.38,2946.58,146.1
1434.48,4.161,2.895,581.42,1923.26,2869.12,145.9
1369.65,4.144,2.914,583.09,1822.06,2876.09,130.2
1078.19,4.032,2.757,313.28,1380.75,2475.91,25.8
1360.22,4.128,2.85,527.67,1720.64,2799.51,117.7
1488.3,4.197,3.053,625.32,1929.81,2946.9,160.7
1377.06,4.118,2.893,518.93,1780.21,2774.63,116.3
1162.73,4.055,2.731,390.22,1488.76,2576.1,57.0
1221.02,4.08,2.789,428.02,1605.25,2645.4,85.6
1305.53,4.109,2.845,479.09,1806.15,2853.14,110.1
1253.53,4.123,2.806,428.75,1634.1,2634.26,87.3
1091.47,4.002,2.639,311.76,1353.89,2431.95,21.3
1113.33,4.049,2.735,382.38,1486.79,2569.85,53.7
1391.91,4.18,2.9,552.66,1827.8,2798.67,136.6
1463.64,4.186,3.003,566.64,1890.87,2913.12,146.6
1067.4,4.053,2.723,337.39,1428.96,2403.29,24.2
1496.62,4.2,2.986,605.27,1975.41,2954.4,162.0
1169.94,4.048,2.749,391.42,1454.73,2583.41,56.6
1342.57,4.171,2.873,494.48,1730.03,2760.06,112.9
1344.73,4.16,2.883,560.15,1813.1,2887.29,128.1
1376.65,4.158,2.903,559.12,1810.19,2820.55,138.2
1470.16,4.19,2.987,598.96,1943.84,2915.94,160.8
1112.08,4.06,2.772,378.35,1462.63,2520.4,53.9
1415.08,4.166,2.903,574.32,1878.93,2877.82,146.1
1077.35,3.991,2.683,334.1,1369.07,2378.74,23.3
1385.23,4.171,2.848,527.76,1795.89,2705.98,120.2
1369.88,4.146,2.857,528.4,1767.96,2864.68,126.4
1342.19,4.136,2.841,496.83,1752.02,2793.84,115.5
1152.35,4.085,2.77,342.76,1439.53,2512.76,43.6
1405.59,4.16,2.984,584.44,1895.33,2881.78,148.5
1082.73,4.04,2.732,353.6,1367.57,2458.49,29.5
1099.18,3.987,2.705,297.04,1313.28,2447.03,10.1
1345.07,4.147,2.86,542.04,1799.02,2829.52,122.3
1254.12,4.095,2.739,412.93,1564.95,2642.32,81.4
1440.83,4.184,2.944,554.05,1935.49,2900.4,144.5
1145.77,4.095,2.785,388.53,1569.27,2629.4,65.8
1094.37,4.015,2.703,342.83,1344.52,2390.16,29.4
1413.58,4.194,2.901,573.1,1917.4,2883.23,142.4
1270.12,4.136,2.784,475.47,1705.27,2693.13,93.8
1076.76,4.026,2.733,358.34,1390.92,2465.01,33.0
1320.64,4.141,2.884,514.67,1792.57,2779.12,122.7
1231.51,4.088,2.847,460.63,1635.12,2586.6,87.4
1286.92,4.111,2.816,503.96,1659.02,2731.72,103.1
1248.85,4.063,2.788,445.41,1627.04,2726.95,78.9
1451.19,4.18,2.93,550.22,1811.68,2899.44,141.1
1441.13,4.123,2.913,546.67,1877.44,2836.29,141.2
1364.37,4.125,2.903,517.84,1825.22,2781.04,120.9
1034.87,4.012,2.747,308.0,1298.61,2383.62,18.8
1400.99,4.192,2.901,591.11,1867.04,2952.49,142.8
1328.37,4.12,2.849,494.68,1783.8,2769.44,114.4
1320.67,4.145,2.912,525.82,1781.02,2836.29,118.8
1187.71,4.065,2.78,379.49,1551.6,2574.3,62.3
1451.11,4.194,2.96,601.12,1886.09,2920.27,149.6
1364.56,4.15,2.894,524.2,1761.91,2771.6,123.6
1088.61,4.031,2.731,321.65,1348.11,2430.96,20.0
1171.49,4.065,2.794,405.69,1566.27,2574.76,69.9
1460.29,4.156,2.967,565.94,1930.15,2966.92,150.8
1018.52,4.008,2.697,305.0,1323.76,2356.89,9.0
1454.85,4.182,3.059,649.97,1999.37,2969.69,163.5
1340.6,4.134,2.858,499.9,1759.13,2750.62,115.8
1333.37,4.129,2.849,505.75,1688.84,2729.0,107.7
1143.55,4.073,2.794,355.89,1421.33,2486.03,46.7
1122.2,4.059,2.752,337.84,1469.67,2491.66,43.0
1475.36,4.174,2.999,614.54,1985.2,3023.57,160.2
1147.18,4.031,2.773,371.36,1540.38,2465.23,51.4
1349.29,4.187,2.911,531.89,1900.52,2851.23,132.1
1156.19,4.042,2.756,426.31,1577.08,2657.65,67.4
1072.26,4.011,2.724,301.24,1383.08,2369.69,24.5
1023.13,4.006,2.665,279.03,1273.7,2315.06,2.8
1259.87,4.138,2.876,446.55,1630.23,2723.03,93.0
1503.3,4.191,3.043,659.24,1983.16,2935.03,165.9
1170.73,4.069,2.744,375.22,1527.79,2631.14,63.4
1184.68,4.048,2.757,406.15,1579.67,2612.79,61.4
1160.98,4.066,2.788,392.3,1530.88,2564.44,59.2
1293.58,4.077,2.781,432.87,1632.34,2554.33,89.0
1211.62,4.068,2.873,417.43,1555.3,2599.36,75.5
1491.96,4.19,2.913,593.49,1923.22,2957.1,149.7
1249.49,4.088,2.837,454.83,1632.5,2647.76,86.4
1236.44,4.116,2.796,437.2,1616.43,2664.31,86.8
1051.37,4.017,2.692,333.41,1350.89,2497.34,24.4
1454.22,4.169,3.062,642.83,2003.04,3000.92,167.1
1097.42,4.067,2.729,365.24,1435.52,2499.97,43.2
1024.67,3.98,2.75,291.62,1318.13,2358.0,13.4
1328.97,4.118,2.818,502.46,1729.23,2832.3,113.1
1271.74,4.112,2.854,481.36,1778.81,2764.44,101.6
1202.23,4.098,2.776,414.94,1568.28,2582.4,71.2
1232.93,4.069,2.795,415.59,1543.87,2577.29,72.4
1380.3,4.137,2.924,587.08,1757.84,2819.86,133.7
1150.42,4.035,2.678,350.01,1361.24,2435.99,34.1
1371.83,4.158,2.932,581.44,1852.9,2845.51,139.6
1308.01,4.117,2.888,504.11,1783.95,2764.39,110.6
1185.88,4.083,2.799,423.06,1634.88,2638.0,71.8
1241.27,4.063,2.785,431.86,1587.03,2598.72,78.4
1069.17,4.01,2.702,387.87,1463.27,2466.95,44.4
1329.05,4.191,2.91,541.11,1805.23,2805.75,128.1
1241.58,4.1,2.868,461.23,1647.34,2680.6,87.7
1192.77,4.062,2.78,412.85,1489.79,2497.7,55.2
1290.88,4.1,2.872,489.76,1677.56,2664.35,101.7
1463.81,4.217,3.101,643.78,1976.98,2987.31,169.3
1177.12,4.071,2.778,409.78,1599.19,2618.03,74.6
1497.62,4.128,2.986,606.74,1977.61,2940.07,156.6
1149.49,4.052,2.792,395.53,1500.47,2549.9,59.3
1015.42,3.997,2.651,326.27,1337.25,2394.18,10.2
1139.07,4.03,2.751,353.1,1420.99,2507.15,35.5
1224.51,4.075,2.823,409.16,1554.6,2601.4,71.8
1140.71,4.024,2.734,344.29,1447.19,2475.27,38.1
993.17,3.976,2.712,282.02,1319.86,2398.2,1.0
1414.53,4.176,2.963,591.54,1909.42,2931.43,155.6
1417.25,4.134,2.938,573.76,1869.98,2875.97,143.6
1368.36,4.107,2.882,530.45,1846.82,2769.33,126.4
1095.52,4.028,2.737,374.5,1390.16,2463.08,29.4
1103.21,4.019,2.71,332.47,1335.49,2346.65,21.3
1000.94,4.023,2.651,287.09,1329.09,2343.94,12.4
1371.95,4.137,2.862,506.97,1789.38,2770.27,123.4
1432.85,4.161,3.048,598.2,1976.46,2899.7,158.0
1226.2,4.042,2.805,440.32,1573.2,2672.33,73.8
1053.86,3.998,2.65,297.97,1358.2,2408.91,21.1
1223.68,4.107,2.848,472.73,1631.77,2603.45,87.6
1151.52,4.093,2.732,394.54,1521.66,2569.52,60.0
1142.61,4.071,2.8,396.08,1580.45,2614.62,64.3
1298.92,4.097,2.885,472.54,1734.61,2759.8,106.0
1328.38,4.124,2.884,547.31,1753.88,2852.5,122.5
1081.81,3.997,2.681,323.88,1361.21,2420.32,19.7
1047.19,3.991,2.673,307.6,1313.11,2379.56,7.0
1539.01,4.221,3.088,643.31,2006.88,2992.33,169.0
1123.75,4.064,2.704,362.99,1391.45,2539.4,40.3
1051.65,3.999,2.681,321.48,1319.22,2392.71,10.1
1130.91,4.035,2.744,348.52,1389.43,2461.74,33.1
1016.86,3.983,2.676,279.21,1260.04,2316.52,7.6
1149.43,4.039,2.821,413.41,1583.25,2627.96,67.2
1396.7,4.195,2.885,574.29,1839.67,2912.03,136.6
1127.72,4.016,2.666,413.54,1503.28,2637.66,58.7
1272.62,4.047,2.769,432.72,1610.73,2618.99,76.1
1361.85,4.168,2.874,527.54,1783.72,2793.99,115.2
1296.43,4.098,2.837,456.54,1623.34,2680.2,87.0
1424.97,4.149,2.934,567.87,1893.94,2826.89,146.6
1439.67,4.186,2.941,602.63,1866.27,2942.45,147.4
1009.32,4.009,2.688,288.73,1257.51,2350.35,2.7
1400.85,4.127,2.958,582.71,1868.66,2830.21,132.5
1188.76,4.077,2.808,408.26,1597.48,2599.63,78.9
1430.14,4.215,3.042,627.9,2020.41,2946.77,168.1
1210.16,4.076,2.865,448.83,1607.33,2672.85,82.7
1456.24,4.203,3.053,666.67,2002.4,2963.86,167.8
1403.36,4.177,2.833,541.22,1759.73,2852.56,128.5
1166.99,3.995,2.7,356.31,1472.61,2486.8,43.0
1221.64,4.097,2.836,461.3,1651.31,2696.02,92.0
1527.86,4.204,3.01,639.13,1979.78,3047.43,168.7
1445.08,4.134,2.959,601.32,1908.93,2923.29,145.9
1017.37,4.001,2.684,304.56,1373.69,2406.53,17.5
1331.55,4.16,2.912,533.86,1763.75,2777.45,120.4
1150.77,4.049,2.771,370.0,1478.46,2575.0,59.4
1038.33,3.963,2.639,311.9,1333.83,2328.22,2.2
1161.37,4.098,2.809,377.85,1548.79,2541.66,69.2
1113.02,4.049,2.78,337.68,1379.67,2474.27,40.7
1383.34,4.161,2.886,603.74,1847.97,2924.47,139.4
1173.33,4.06,2.74,388.59,1522.04,2513.81,58.0
1399.7,4.185,2.944,563.73,1864.75,2895.58,140.9
1003.69,3.997,2.708,265.21,1275.79,2320.85,1.1
1142.75,4.068,2.827,370.71,1477.34,2530.17,53.0
1169.21,4.028,2.767,360.01,1429.03,2476.87,41.8
1104.54,4.002,2.811,360.55,1398.08,2490.76,40.5
1018.5,4.018,2.702,308.19,1285.45,2329.11,12.5
1109.31,4.052,2.739,311.95,1415.51,2471.09,32.6
1261.56,4.103,2.808,466.69,1701.58,2678.79,94.9
1105.28,4.07,2.737,376.93,1468.15,2525.62,50.2
1254.41,4.072,2.789,419.74,1606.72,2612.48,71.5
1170.88,4.068,2.757,400.91,1569.36,2586.22,64.7
1421.82,4.209,2.878,576.04,1900.17,2905.53,149.0
1451.32,4.174,2.953,593.54,1945.82,2884.81,154.0
1277.87,4.087,2.838,459.67,1633.97,2632.15,84.3
1116.23,4.023,2.764,373.04,1488.37,2530.12,56.8
1067.46,4.027,2.712,303.74,1285.48,2326.31,19.0
1526.09,4.176,2.988,624.36,1967.96,2946.53,162.1
1044.47,4.007,2.71,282.83,1340.13,2408.67,11.2
1112.61,4.047,2.804,383.42,1464.2,2481.27,51.3
1128.22,4.045,2.796,355.02,1541.31,2553.3,51.4
1158.95,4.056,2.771,397.68,1527.66,2515.9,55.1
1118.17,4.025,2.697,311.58,1344.86,2410.1,28.8
1373.0,4.178,2.961,550.7,1827.75,2843.57,133.4
1087.82,4.047,2.745,324.36,1335.58,2418.19,21.7
1268.87,4.137,2.806,506.85,1711.85,2732.69,108.3
1031.62,4.043,2.661,316.23,1381.3,2385.6,21.9
1033.42,4.023,2.659,293.49,1318.39,2426.48,12.9
1485.54,4.191,2.961,630.47,1912.75,2942.71,154.7
1097.74,4.06,2.755,342.39,1409.46,2394.66,33.1
1409.01,4.137,2.952,568.39,1885.23,2792.95,139.8
1266.72,4.091,2.832,433.24,1679.21,2746.66,93.0
1076.25,3.991,2.699,309.01,1349.29,2413.02,14.2
1459.79,4.185,3.084,629.65,2006.49,2976.49,162.5
1138.08,4.057,2.743,337.17,1442.94,2494.41,42.7
1401.67,4.148,2.943,575.7,1880.85,2903.14,146.3
1136.42,4.037,2.708,334.53,1387.45,2440.38,29.5
1399.34,4.158,3.009,591.97,1863.05,2908.1,145.3
1000.08,3.987,2.711,272.57,1262.99,2375.05,3.2
1257.47,4.102,2.78,433.22,1655.05,2704.53,87.5
1376.23,4.185,2.867,550.91,1848.16,2849.69,131.0
1471.75,4.172,2.944,607.84,1870.04,2963.75,159.0
1455.15,4.179,2.973,606.08,1957.89,2971.19,154.7
1373.63,4.141,2.88,596.89,1848.87,2899.5,139.5
1478.29,4.162,2.927,599.2,1894.57,2919.67,151.1
1122.3,4.011,2.763,357.83,1403.04,2344.59,34.7
1171.41,4.055,2.777,350.82,1433.57,2541.26,49.0
1126.38,4.06,2.797,359.55,1469.72,2561.35,49.8
1190.19,4.084,2.73,388.7,1593.98,2565.36,64.7
1192.28,4.058,2.748,389.57,1501.62,2542.33,67.5
1287.94,4.115,2.802,433.97,1675.21,2726.31,93.0
1112.02,4.027,2.771,333.31,1415.29,2468.65,28.0
1338.33,4.134,2.872,523.07,1782.11,2754.25,117.8
1048.35,4.001,2.778,318.57,1437.28,2454.66,29.3
1193.7,4.059,2.776,366.9,1519.08,2512.79,53.4
1253.54,4.1,2.806,446.43,1646.92,2674.72,86.1
1373.32,4.16,2.931,560.77,1874.77,2916.09,135.6
1368.67,4.154,2.837,552.31,1830.45,2840.23,126.0
1272.36,4.14,2.793,516.15,1720.25,2732.43,110.1
1107.64,4.002,2.728,319.15,1402.2,2406.26,27.3
1224.18,4.101,2.823,460.41,1650.29,2769.76,93.5
1046.97,4.02,2.764,293.9,1297.22,2433.55,15.8
1186.04,4.065,2.733,423.18,1591.85,2558.6,64.8
1222.77,4.097,2.795,417.14,1545.79,2596.19,70.9
1035.57,4.001,2.716,310.19,1338.39,2337.16,7.7
1148.75,4.009,2.758,360.75,1480.4,2514.24,47.3
1474.45,4.208,3.046,645.13,1938.66,3001.13,162.5
1473.23,4.188,2.992,640.08,1940.7,2988.82,162.2
1170.51,4.029,2.793,411.31,1531.01,2587.33,60.5
1029.52,3.995,2.713,276.05,1319.69,2324.89,8.3
1049.09,4.003,2.761,337.4,1387.83,2448.08,31.3
1167.62,4.088,2.763,422.22,1499.81,2619.98,67.3
1476.9,4.188,2.97,612.24,1983.54,3024.79,161.2
1068.83,4.002,2.698,332.61,1285.64,2332.38,24.9
1367.22,4.167,2.867,555.29,1829.22,2856.35,130.0
1053.26,4.023,2.693,325.64,1385.46,2445.23,19.4
1467.87,4.191,3.033,646.43,1929.93,2906.7,166.8
1169.57,4.046,2.748,411.37,1544.56,2633.54,65.5
1369.62,4.136,2.904,558.08,1816.09,2934.14,132.0
1164.03,4.046,2.73,406.61,1518.1,2560.04,58.9
1310.94,4.137,2.846,481.4,1746.87,2766.88,107.1
1092.32,3.998,2.714,345.36,1367.54,2413.18,33.5
1051.36,4.021,2.715,344.51,1369.96,2503.22,25.7
1430.44,4.182,3.009,610.17,1947.0,2968.7,159.5
1519.05,4.204,2.969,602.46,1877.72,2841.01,156.1
1409.32,4.181,2.938,607.39,1930.19,2961.28,151.0
1287.01,4.133,2.828,512.03,1764.74,2707.43,106.7
1407.75,4.149,2.95,563.44,1872.71,2848.2,137.6
1053.9,3.981,2.74,305.03,1328.84,2381.8,12.7
1173.36,4.055,2.748,391.68,1533.35,2548.47,57.6
1139.68,4.072,2.753,371.9,1474.16,2546.6,54.0
1311.1,4.139,2.8,528.18,1696.97,2768.52,108.4
1171.57,4.057,2.763,379.48,1537.06,2615.48,61.2
1070.36,4.005,2.675,328.33,1385.21,2368.87,26.1
1291.58,4.095,2.823,481.72,1704.0,2745.47,101.8
1424.47,4.159,2.954,535.21,1831.46,2879.22,138.6
1181.58,4.074,2.73,389.64,1494.97,2570.19,65.6
1070.88,4.048,2.688,301.83,1336.18,2361.84,23.4
1125.56,4.035,2.703,352.51,1385.54,2470.93,34.2
1140.72,4.053,2.689,329.1,1377.88,2444.2,41.1
1184.1,4.038,2.78,388.78,1496.63,2456.55,51.7
1264.85,4.126,2.862,480.38,1690.02,2747.76,109.6
1310.31,4.119,2.893,496.27,1657.53,2750.78,102.6
1351.03,4.134,2.843,498.26,1760.39,2762.92,118.6
1150.91,4.066,2.717,401.93,1499.08,2491.86,62.3
1409.52,4.166,2.955,586.15,1817.19,2878.1,140.3
1128.35,4.043,2.721,352.6,1372.16,2507.97,35.5
1202.39,4.113,2.785,414.51,1618.14,2608.93,80.3
1401.98,4.113,2.96,579.3,1836.94,2808.63,136.4
1113.5,4.051,2.731,344.79,1354.43,2379.99,31.4
1035.07,3.98,2.738,280.1,1395.95,2368.78,19.6
1431.94,4.182,2.94,599.53,1888.75,2921.06,150.3
1171.58,4.11,2.744,431.46,1528.38,2534.07,59.0
1309.8,4.133,2.857,531.06,1755.91,2793.58,116.6
1005.05,4.0,2.712,283.74,1298.9,2345.63,5.3
1329.51,4.129,2.872,524.95,1764.38,2827.6,117.6
1171.87,4.071,2.773,374.1,1452.32,2529.43,54.4
1055.5,4.01,2.621,315.01,1383.42,2386.19,10.4
1270.59,4.105,2.786,473.04,1681.57,2734.74,104.1
1134.46,4.039,2.676,373.68,1466.17,2491.75,41.7
1163.41,4.05,2.765,417.69,1519.71,2589.21,66.4
1009.39,4.006,2.662,316.56,1299.48,2336.89,14.6
1068.41,4.014,2.769,357.64,1418.51,2418.7,25.9
1171.71,4.056,2.753,389.1,1527.74,2497.47,51.4
1069.85,3.996,2.713,324.91,1352.4,2350.61,16.2
1450.32,4.177,2.944,626.7,1955.15,2954.47,154.9
1008.84,3.993,2.655,296.57,1245.62,2348.26,2.0
1220.49,4.094,2.85,445.13,1632.52,2622.58,82.8
1070.19,4.022,2.767,309.27,1380.75,2434.06,21.8
1121.31,4.052,2.769,367.26,1500.96,2511.34,53.0
1450.05,4.169,2.927,623.04,1992.07,2984.94,157.5
1078.4,4.027,2.709,340.1,1318.87,2519.33,28.3
1447.06,4.189,3.033,634.69,1968.06,2995.62,164.2
1081.85,4.055,2.725,337.31,1461.81,2456.76,35.8
1369.86,4.169,2.826,535.63,1768.9,2795.3,126.3
1261.02,4.078,2.877,460.49,1677.69,2698.39,93.4
1428.22,4.188,2.935,602.35,1896.12,2881.47,150.5
1241.59,4.123,2.784,460.69,1666.19,2685.73,94.6
1294.26,4.076,2.817,474.26,1617.68,2646.25,91.3
1077.38,4.044,2.765,339.66,1478.17,2487.87,34.0
1092.02,4.044,2.738,322.7,1355.95,2413.56,29.1
1441.28,4.164,2.941,611.1,1931.39,2941.28,155.9
1158.07,4.055,2.717,367.38,1494.12,2473.9,56.4
1188.92,4.073,2.707,429.04,1565.25,2558.79,63.9
1334.92,4.161,2.889,555.02,1818.08,2820.46,129.4
1162.01,4.042,2.75,387.38,1462.3,2513.41,58.3
1502.93,4.213,3.025,649.45,1943.46,2955.24,161.9
1401.74,4.105,2.868,533.1,1734.67,2720.74,125.7
1282.67,4.142,2.867,479.99,1697.48,2678.55,102.0
1435.02,4.186,2.977,586.09,1961.38,2851.27,149.9
1092.18,3.989,2.676,283.94,1306.05,2387.78,9.4
1153.72,4.062,2.756,363.9,1462.83,2494.3,44.4
1205.77,4.067,2.838,447.35,1632.27,2532.17,79.6
1096.6,4.041,2.708,338.0,1411.17,2514.96,39.4
1384.74,4.151,2.885,535.04,1837.02,2841.42,126.7
1429.7,4.188,2.976,610.46,1994.76,2940.12,156.3
1228.81,4.063,2.776,428.31,1516.45,2620.9,72.6
1172.05,4.053,2.789,382.21,1546.03,2547.19,58.8
1491.39,4.195,3.045,643.78,1925.64,2959.37,163.5
1205.17,4.07,2.805,434.92,1561.5,2624.76,76.2
1216.99,4.099,2.816,430.12,1650.42,2653.62,83.6
1204.61,4.052,2.751,387.5,1528.28,2526.1,60.4
1443.49,4.201,2.986,610.45,1916.19,2967.54,154.7
1261.49,4.141,2.79,463.1,1741.46,2673.6,97.2
1368.41,4.144,2.973,532.74,1807.87,2824.73,129.8
1401.54,4.179,2.961,589.18,1888.16,2904.72,138.2
1137.79,4.058,2.794,361.85,1502.56,2595.57,58.8
1192.18,4.063,2.802,423.73,1590.5,2651.7,74.3
1400.95,4.16,2.952,603.07,1897.92,2828.13,144.4
1194.53,4.069,2.72,383.74,1529.2,2559.05,62.4
1365.05,4.121,2.875,559.8,1799.17,2812.16,135.2
1423.12,4.2,2.966,636.77,1962.51,2917.54,160.0
1249.68,4.123,2.848,444.8,1696.86,2716.59,106.3
1322.87,4.166,2.882,536.94,1788.58,2811.23,126.3
1427.17,4.171,2.942,540.53,1867.99,2843.95,137.1
1414.95,4.17,2.908,595.57,1896.28,2787.88,143.8
1200.68,4.067,2.81,394.85,1526.6,2598.18,67.8
1050.99,4.032,2.673,325.29,1319.65,2354.75,9.7
1192.74,4.119,2.768,394.77,1554.73,2641.81,68.9
1322.65,4.125,2.891,517.03,1725.79,2773.02,114.9
1240.32,4.106,2.809,412.99,1564.67,2549.6,77.1
1367.12,4.133,2.856,537.15,1784.3,2773.34,127.6
1205.49,4.054,2.801,393.63,1522.04,2494.34,61.3
1320.2,4.116,2.853,495.31,1713.63,2739.23,108.3
1078.97,4.044,2.663,363.35,1410.39,2511.62,32.5
1351.26,4.126,2.868,562.29,1781.74,2848.08,127.6
1242.11,4.136,2.809,449.68,1652.3,2695.24,93.2
1132.5,4.053,2.697,344.64,1413.24,2416.08,35.5
1130.78,4.065,2.793,354.57,1486.6,2535.81,50.3
1343.33,4.142,2.882,519.69,1851.65,2815.93,127.5
1237.62,4.109,2.817,427.71,1644.06,2657.57,82.6
1104.85,3.978,2.741,372.98,1422.14,2488.5,37.5
1489.0,4.202,3.046,609.76,1926.71,2958.75,164.5
1393.08,4.144,2.93,535.54,1767.07,2816.03,121.9
1498.81,4.153,3.035,637.39,1994.32,3044.35,162.8
1203.87,4.089,2.84,406.76,1570.41,2659.96,73.2
1190.82,4.102,2.822,444.68,1568.7,2678.24,81.3
1430.8,4.142,2.972,613.74,1914.87,3025.06,152.8
1267.96,4.077,2.825,452.68,1628.37,2753.95,89.7
1312.5,4.18,2.798,521.46,1814.43,2860.25,120.5
1176.7,4.04,2.729,355.49,1431.78,2450.38,43.6
1212.84,4.104,2.789,412.19,1598.51,2575.25,76.5
1068.77,4.04,2.727,321.97,1382.06,2355.67,21.9
1086.23,4.042,2.731,337.01,1380.32,2495.46,35.8
1029.63,4.012,2.697,286.88,1257.55,2355.38,1.2
1003.73,3.957,2.656,285.98,1292.36,2368.73,7.6
1541.36,4.191,2.99,629.76,1986.46,2941.87,166.2
1151.77,3.98,2.705,347.87,1424.63,2524.14,42.0
1343.79,4.095,2.908,525.18,1702.62,2757.6,113.1
1376.58,4.155,2.896,557.91,1845.8,2880.96,142.8
1267.87,4.093,2.8,489.37,1689.31,2721.61,94.1
1110.36,4.024,2.723,339.9,1443.64,2419.48,26.9
1367.41,4.143,2.837,508.73,1801.35,2809.91,124.1
1262.28,4.119,2.813,472.9,1729.72,2669.76,102.4
1337.97,4.147,2.906,509.11,1805.15,2755.14,124.6
1363.1,4.159,2.889,559.01,1844.42,2883.0,131.1
1471.1,4.176,3.086,657.91,2003.09,2995.95,165.8
1312.27,4.096,2.779,474.84,1698.15,2671.67,97.9
1115.44,4.062,2.755,406.81,1522.24,2565.96,58.7
1328.03,4.126,2.842,503.05,1737.17,2760.41,110.6
1012.32,3.984,2.701,317.99,1312.38,2320.96,12.6
1418.96,4.2,2.931,608.26,1936.37,2925.05,152.7
1015.59,4.031,2.695,318.49,1367.98,2414.43,21.2
1143.44,4.042,2.785,395.5,1474.68,2475.44,56.4
1436.59,4.157,2.915,566.27,1893.92,2909.04,138.9
1292.49,4.156,2.806,502.31,1724.95,2732.99,101.9
1157.53,4.077,2.841,401.51,1554.07,2655.08,67.5
1250.66,4.098,2.802,442.91,1640.57,2691.59,81.0
1450.46,4.157,2.961,574.62,1909.62,2964.58,145.4
1165.32,4.056,2.787,364.37,1497.23,2522.76,58.5
1478.73,4.203,2.949,597.13,1844.88,2934.09,148.0
1073.32,4.012,2.682,282.05,1282.23,2385.81,15.9
1395.18,4.152,2.911,584.48,1866.65,2908.67,132.3
1395.81,4.168,2.918,576.89,1881.61,2950.04,144.2
1108.11,4.08,2.738,335.95,1389.86,2512.49,31.7
1210.14,4.082,2.783,414.4,1554.59,2602.04,73.7
1098.41,4.009,2.754,334.23,1391.77,2385.14,29.0
1324.31,4.126,2.842,528.55,1803.54,2762.98,120.4
1258.42,4.119,2.84,444.47,1625.6,2699.28,91.5
1284.55,4.095,2.869,456.84,1726.02,2701.6,108.4
1045.09,4.041,2.723,325.13,1490.73,2463.35,34.2
1130.37,4.021,2.755,339.11,1475.88,2457.01,36.8
996.03,3.963,2.708,299.96,1239.69,2260.74,8.0
1157.22,4.039,2.78,384.73,1443.42,2549.25,55.4
1275.54,4.109,2.844,477.49,1721.9,2726.34,95.6
1429.68,4.198,2.946,562.04,1917.26,2950.57,146.0
1313.95,4.149,2.844,494.19,1748.11,2750.12,113.7
1213.89,4.076,2.772,414.22,1593.84,2573.03,74.6
1485.52,4.21,3.004,651.54,1954.09,2952.14,162.1
1366.35,4.134,2.907,569.37,1765.57,2759.32,122.6
1504.36,4.156,3.01,598.17,1967.75,2973.88,158.2
1257.28,4.102,2.846,470.56,1641.43,2681.79,90.2
1127.76,4.015,2.778,362.63,1479.84,2448.69,44.8
1015.55,4.018,2.692,307.31,1297.7,2342.56,9.9
1362.43,4.159,2.943,511.48,1812.05,2874.66,123.7
1083.33,3.999,2.71,339.17,1369.33,2402.44,21.5
1140.99,4.057,2.74,342.28,1444.34,2496.97,52.2
1267.43,4.105,2.828,436.27,1692.11,2659.59,91.0
1262.21,4.127,2.842,463.9,1628.9,2709.3,96.4
1304.27,4.092,2.817,472.81,1737.54,2799.72,102.5
1108.56,4.038,2.718,332.74,1404.03,2392.79,29.1
1203.49,4.044,2.761,391.19,1557.65,2634.77,65.2
1298.77,4.136,2.849,482.76,1695.03,2725.76,105.3
1457.06,4.215,3.052,633.46,1965.46,3030.69,164.9
1337.04,4.13,2.877,528.62,1791.94,2767.05,124.0
1471.72,4.208,3.002,617.26,1901.34,3008.83,156.9
1431.65,4.119,2.857,559.62,1835.05,2908.11,129.8
1274.55,4.137,2.863,467.01,1680.35,2795.4,101.0
1108.23,4.06,2.715,360.47,1344.34,2451.8,33.5
1307.01,4.137,2.847,508.22,1803.01,2771.87,113.7
1274.59,4.117,2.859,509.42,1722.33,2712.76,106.4
1271.53,4.123,2.853,477.29,1708.76,2689.06,102.8
1181.03,4.081,2.802,427.33,1596.27,2687.79,83.8
1285.79,4.154,2.79,455.78,1655.08,2678.72,90.3
1104.42,4.049,2.749,424.56,1528.6,2566.42,57.5
1240.8,4.126,2.817,430.65,1594.72,2688.77,88.8
1069.78,4.018,2.745,352.13,1429.82,2403.91,34.4
1371.07,4.191,2.893,566.8,1818.46,2817.57,137.1
1128.55,4.07,2.708,344.39,1365.08,2479.24,32.4
1056.49,4.017,2.713,290.11,1309.17,2398.05,15.4
1183.38,4.088,2.787,427.99,1641.61,2610.9,74.7
1301.9,4.11,2.863,508.6,1763.68,2782.01,112.3
1189.07,4.061,2.712,399.4,1579.11,2674.65,75.0
1133.03,4.055,2.74,369.06,1517.34,2545.48,47.8
1270.76,4.137,2.851,461.95,1638.9,2708.6,95.3
1213.31,4.053,2.748,385.02,1484.55,2573.54,59.6
1414.61,4.23,3.008,618.91,1920.43,3012.77,158.7
1456.0,4.172,2.949,631.36,1996.38,2930.33,156.9
1231.28,4.101,2.762,451.78,1652.14,2669.52,85.9
1180.85,4.064,2.774,368.26,1477.46,2541.85,56.4
1366.16,4.143,2.887,543.31,1778.19,2794.34,125.6
1046.4,3.958,2.685,293.75,1311.97,2340.8,7.2
1234.49,4.078,2.826,425.64,1572.19,2600.97,81.2
1137.74,4.065,2.754,368.14,1502.5,2590.97,57.8
1485.99,4.181,2.965,626.21,1908.62,2927.89,156.6
1041.61,4.006,2.667,278.95,1285.09,2340.97,3.0
1286.68,4.122,2.795,477.21,1687.14,2736.29,94.4
1390.73,4.141,2.904,521.15,1853.88,2877.37,126.2
1241.23,4.073,2.794,468.51,1566.61,2650.95,83.0
1088.67,4.04,2.739,347.83,1353.87,2377.27,15.4
1493.98,4.167,2.943,645.56,1998.91,3009.23,165.3
1241.28,4.087,2.841,470.09,1630.45,2687.38,88.5
1294.15,4.102,2.854,480.14,1689.83,2690.27,104.8
1115.71,4.056,2.737,345.93,1420.7,2547.58,41.0
1217.07,4.119,2.765,455.95,1556.88,2657.07,82.7
1244.95,4.077,2.738,420.9,1596.89,2643.58,73.5
1054.7,4.011,2.725,284.7,1305.92,2388.3,13.7
1062.66,4.022,2.717,315.54,1299.72,2415.38,18.9
1420.18,4.202,2.94,559.55,1884.46,2881.76,142.5
1192.21,4.006,2.737,352.46,1450.13,2511.72,41.5
1069.82,4.047,2.755,356.9,1435.35,2481.02,33.9
1219.27,4.104,2.792,467.73,1682.45,2696.13,86.3
1339.35,4.144,2.891,553.03,1823.92,2786.61,130.9
1036.14,4.011,2.695,321.64,1311.25,2316.82,11.5
1281.79,4.126,2.825,465.73,1668.47,2715.62,98.5
1054.13,4.028,2.753,343.74,1349.73,2387.49,21.1
1018.05,4.042,2.657,283.49,1281.18,2398.16,7.2
1041.74,4.005,2.639,286.81,1301.09,2324.41,9.9
1396.14,4.166,2.888,569.55,1850.62,2921.78,142.0
1073.0,4.012,2.733,306.65,1326.56,2335.96,20.9
1062.94,4.012,2.694,304.55,1361.17,2293.69,8.6
1225.22,4.082,2.742,440.5,1621.34,2615.86,75.0
1436.01,4.168,2.94,580.91,1823.86,2906.96,143.6
1154.87,4.046,2.736,367.13,1465.87,2524.74,45.3
1207.72,4.077,2.803,395.28,1566.27,2644.92,72.3
1028.98,3.987,2.719,296.76,1309.95,2363.78,7.7
1194.29,4.093,2.869,452.25,1544.24,2620.93,76.9
1266.28,4.106,2.796,494.13,1625.35,2679.42,98.6
1259.64,4.123,2.774,453.98,1674.22,2635.88,97.5
1177.55,4.063,2.78,378.86,1494.02,2573.28,57.2
1160.24,4.049,2.788,430.9,1476.8,2499.22,54.3
1077.9,4.045,2.671,320.79,1343.89,2400.92,19.0
1146.03,4.066,2.733,419.76,1547.28,2603.63,63.0
1093.3,4.024,2.719,336.33,1371.75,2510.91,17.8
1362.06,4.137,2.952,531.26,1791.66,2836.87,130.6
1453.58,4.152,2.998,645.48,1947.15,2932.32,164.3
1472.22,4.182,3.031,639.15,1981.23,2985.52,164.9
1487.47,4.129,2.891,615.89,1932.52,2834.48,147.2
1277.91,4.112,2.833,511.22,1691.35,2720.33,102.5
1330.33,4.167,2.871,508.66,1776.16,2795.89,119.4
1133.1,4.033,2.795,421.46,1431.24,2520.39,49.2
1298.95,4.081,2.828,495.91,1653.95,2795.67,107.6
1197.19,4.116,2.816,437.51,1661.87,2657.37,78.0
1232.93,4.082,2.78,397.72,1619.72,2618.87,82.5
1394.99,4.149,2.899,559.47,1783.91,2887.71,129.1
1144.28,4.066,2.812,336.46,1405.58,2563.08,48.6
1124.93,4.068,2.813,378.48,1538.41,2502.39,54.7
1449.36,4.199,3.045,607.64,1913.25,2882.38,157.3
1025.82,4.021,2.711,306.93,1288.06,2273.48,10.5
1232.41,4.058,2.798,441.5,1592.51,2673.5,83.1
1484.71,4.154,2.987,619.48,1936.57,2980.84,155.3
1288.68,4.142,2.856,504.16,1723.95,2717.29,104.2
1258.44,4.09,2.834,446.13,1649.02,2689.2,93.3
1166.54,4.03,2.721,355.33,1416.12,2512.46,43.2
1186.12,4.038,2.743,376.39,1581.66,2565.35,59.0
1432.68,4.161,2.923,570.33,1871.14,2913.21,145.0
1315.91,4.101,2.858,494.98,1667.66,2783.34,95.5
1257.41,4.08,2.848,430.41,1590.01,2662.31,88.0
1007.88,3.991,2.804,300.12,1362.74,2397.93,17.8
1044.09,4.001,2.703,321.54,1322.56,2312.5,3.7
1439.83,4.176,2.998,631.55,1945.96,3018.9,163.9
1191.05,4.058,2.76,399.55,1481.27,2636.86,64.7
1245.97,4.073,2.835,488.72,1688.08,2738.1,102.9
1037.61,4.047,2.749,288.6,1388.96,2392.87,14.5
1320.23,4.153,2.89,500.18,1739.38,2838.15,116.4
1443.09,4.176,2.952,610.22,2023.67,2937.97,158.6
1266.37,4.093,2.829,487.83,1662.53,2722.48,98.3
1094.49,4.018,2.67,330.35,1308.47,2343.64,22.3
1260.25,4.112,2.851,465.05,1668.48,2719.45,99.3
1386.23,4.126,2.879,545.89,1764.78,2831.5,130.5
1169.32,4.025,2.764,422.37,1535.76,2643.66,69.7
1428.67,4.164,2.901,560.42,1918.6,2910.56,149.7
1319.84,4.095,2.878,504.92,1719.11,2746.92,110.6
1419.1,4.182,3.005,616.07,1955.06,2994.99,153.0
1266.21,4.125,2.826,476.78,1698.38,2734.41,106.4
1083.16,3.999,2.71,331.57,1321.95,2437.21,23.2
1177.0,4.045,2.743,378.1,1493.64,2587.46,53.3
1099.1,4.069,2.725,370.45,1410.16,2435.17,35.1
1437.83,4.196,2.951,601.08,1928.69,2971.86,154.6
1373.37,4.141,2.865,554.29,1778.22,2805.97,129.5
1327.26,4.178,2.906,489.29,1761.64,2804.38,115.3
1151.06,4.03,2.676,376.13,1524.78,2559.43,51.9
1030.18,4.013,2.742,350.03,1363.07,2424.65,32.1
1340.67,4.147,2.905,535.92,1756.14,2742.21,128.8
1204.44,4.06,2.85,451.46,1559.43,2598.96,81.1
1115.32,4.074,2.73,364.6,1430.21,2480.7,39.2
1300.19,4.124,2.833,490.04,1661.17,2695.09,105.2
1049.02,3.984,2.671,291.36,1315.67,2334.78,7.8
1162.85,4.068,2.772,337.08,1511.43,2562.11,56.1
1190.37,4.092,2.778,422.92,1612.75,2626.07,80.2
1114.1,4.016,2.685,343.32,1455.64,2425.85,26.0
1523.17,4.173,3.027,638.87,1932.08,2962.83,167.4
1072.8,4.006,2.704,352.34,1368.39,2538.61,36.3
1078.78,4.062,2.685,314.58,1404.42,2382.04,23.0
1086.95,4.007,2.734,322.42,1431.78,2457.69,35.4
1377.51,4.186,2.896,560.24,1857.38,2863.17,131.0
1228.77,4.063,2.804,398.93,1509.69,2566.62,72.9
1323.27,4.125,2.832,464.39,1631.07,2703.57,96.6
1044.06,4.005,2.655,295.48,1322.46,2330.09,4.6
1038.09,4.012,2.631,283.59,1296.95,2378.2,6.8
1203.56,4.099,2.761,448.08,1624.86,2623.66,76.3
1403.86,4.129,2.946,598.59,1846.44,2850.7,139.0
1470.34,4.163,2.982,586.41,1904.92,2932.97,150.6
1051.07,3.982,2.735,297.15,1405.46,2426.93,15.7
1234.55,4.107,2.845,451.61,1620.94,2672.73,92.0
1411.19,4.155,3.011,628.16,1955.0,2942.77,155.3
1197.68,4.033,2.789,411.58,1497.24,2579.99,66.6
1412.4,4.16,2.984,585.76,1842.78,2898.83,141.2
1055.73,3.975,2.724,342.27,1390.44,2382.79,23.6
1489.56,4.192,3.055,607.14,1907.43,3030.12,159.1
1354.22,4.123,2.875,549.26,1835.97,2884.14,128.0
1463.84,4.171,2.98,624.16,1947.84,2946.0,160.1
1325.57,4.087,2.859,517.88,1724.5,2863.13,115.3
1164.7,4.1,2.769,413.11,1523.68,2469.41,62.4
1471.35,4.158,2.988,619.7,1934.45,2992.17,159.6
1162.37,4.041,2.765,356.26,1444.11,2655.53,47.6
1130.58,4.025,2.76,369.58,1490.09,2535.88,57.1
1350.64,4.121,2.856,547.42,1729.99,2830.51,119.4
1376.37,4.186,2.888,546.84,1767.25,2874.61,130.3
1464.44,4.191,3.027,597.54,1881.45,2942.67,158.1
1124.18,4.02,2.741,364.97,1431.78,2483.12,35.6
1390.59,4.157,2.864,535.47,1857.77,2929.56,135.9
1370.03,4.134,2.934,513.18,1776.19,2786.47,125.8
1060.61,4.003,2.713,297.36,1317.57,2387.54,11.8
1171.9,4.087,2.796,395.83,1585.28,2621.45,66.4
1144.28,4.044,2.778,373.72,1451.67,2485.79,48.8
1140.31,4.059,2.785,347.26,1477.56,2532.29,52.5
1487.09,4.201,3.019,647.09,2044.88,3009.28,167.1
1300.69,4.119,2.821,517.24,1740.33,2728.43,109.6
1358.94,4.126,2.952,513.2,1811.53,2866.53,122.3
1488.9,4.185,3.016,633.64,2003.11,2996.21,166.0
1189.71,4.084,2.786,388.56,1551.8,2549.14,64.7
1390.96,4.174,2.965,567.54,1825.95,2819.9,136.5
1166.6,4.059,2.776,404.4,1548.17,2605.15,74.4
1428.58,4.168,2.94,573.69,1919.48,2899.39,148.0
1093.52,4.014,2.754,334.49,1415.88,2461.85,31.5
1476.79,4.205,3.012,631.29,1966.34,2917.92,161.2
1093.63,4.027,2.75,350.85,1435.0,2445.8,38.0
1126.54,4.103,2.759,376.76,1477.6,2603.79,56.1
1382.88,4.153,2.88,553.71,1777.93,2772.46,128.8
1180.71,4.097,2.769,409.74,1526.36,2564.29,67.5
1295.6,4.098,2.877,467.1,1695.69,2684.71,103.8
1204.42,4.084,2.783,383.95,1566.7,2631.18,76.1
1359.87,4.159,2.903,545.82,1849.91,2853.08,126.5
1101.43,4.018,2.708,347.75,1477.09,2619.95,39.6
1016.32,4.004,2.761,283.92,1343.48,2403.32,10.9
1156.36,4.075,2.764,399.04,1519.01,2476.5,51.7
1210.57,4.084,2.811,458.94,1567.04,2664.71,81.2
1090.6,4.009,2.751,351.99,1413.11,2432.51,29.4
1179.77,4.101,2.754,396.35,1519.76,2542.92,61.0
1175.78,4.051,2.816,360.97,1538.95,2592.18,68.6
1009.99,4.006,2.654,317.9,1308.71,2398.3,10.7
1339.54,4.099,2.815,461.29,1676.83,2748.52,99.6
1422.67,4.157,2.936,589.77,1899.22,2866.51,150.5
1095.12,4.038,2.663,341.44,1362.07,2426.89,26.6
1334.6,4.112,2.822,511.12,1655.35,2685.12,102.0
1339.66,4.138,2.859,529.83,1697.78,2776.91,113.3
1192.02,4.034,2.753,417.77,1578.58,2586.69,71.9
1336.9,4.148,2.837,532.31,1687.71,2827.98,119.5
1174.67,4.063,2.784,395.59,1618.77,2587.52,70.4
1262.31,4.059,2.807,421.4,1609.07,2633.85,86.3
1033.93,4.03,2.681,302.42,1230.11,2331.83,2.2
1320.88,4.148,2.833,522.3,1780.67,2788.01,117.9
1292.13,4.134,2.848,483.64,1738.37,2761.78,112.8
999.3,4.024,2.675,294.17,1276.16,2332.1,7.5
1200.37,4.073,2.774,406.78,1513.09,2471.43,63.2
1491.22,4.18,3.023,654.01,1981.01,3063.32,166.5
1205.56,4.076,2.785,425.1,1600.05,2551.5,72.1
1218.39,4.082,2.769,439.3,1546.43,2669.66,85.8
1413.28,4.171,2.934,596.68,1939.8,2953.14,154.8
1371.01,4.116,2.897,529.51,1833.43,2893.33,122.2
1279.32,4.093,2.856,486.66,1659.59,2806.79,99.4
1411.93,4.176,2.903,574.62,1867.1,2877.51,135.8
1415.35,4.178,2.949,613.17,1915.44,2865.8,147.1
1211.4,4.077,2.782,428.99,1649.8,2589.85,78.2
1243.86,4.07,2.834,418.35,1613.48,2617.01,81.3
1202.27,4.064,2.77,419.92,1564.0,2580.72,66.2
1501.26,4.159,3.01,636.06,2006.07,2958.49,164.4
1329.17,4.139,2.902,500.4,1787.58,2753.72,118.8
1066.1,4.028,2.681,317.05,1307.63,2383.19,15.1
1451.96,4.219,2.952,610.03,1872.36,2872.13,146.8
1226.03,4.069,2.771,442.72,1618.38,2700.9,82.2
1031.92,4.024,2.721,324.88,1350.78,2336.68,12.6
1295.84,4.092,2.847,455.16,1670.56,2664.97,93.9
1182.15,4.056,2.746,403.51,1533.9,2607.31,71.5
1448.0,4.152,2.912,608.1,1898.18,2863.71,149.3
1100.57,4.037,2.74,338.68,1374.51,2445.09,35.5
1358.52,4.145,2.986,591.25,1884.04,2820.68,140.7
1294.41,4.096,2.852,467.98,1725.61,2695.36,95.2
970.0,3.994,2.692,317.76,1331.15,2327.55,10.2
1434.59,4.179,3.005,646.61,1919.43,2960.83,165.2
1257.32,4.082,2.775,435.16,1636.64,2672.79,87.6
1153.62,4.003,2.774,341.82,1475.65,2501.96,50.2
1207.36,4.091,2.827,444.69,1586.43,2667.39,80.3
1425.17,4.172,2.925,595.12,1828.98,2862.75,146.0
1083.48,4.039,2.748,361.02,1500.22,2508.5,52.5
1114.8,4.039,2.73,352.44,1436.81,2439.4,33.6
1076.16,4.046,2.769,342.02,1338.68,2442.37,22.8
1142.44,4.054,2.756,363.37,1454.14,2564.9,51.3
1380.36,4.181,2.877,524.59,1821.71,2810.16,132.8
1236.69,4.134,2.765,448.31,1656.22,2623.4,80.7
1111.57,4.089,2.71,370.42,1423.73,2398.24,39.4
1038.86,4.002,2.761,321.32,1367.36,2434.71,29.1
1214.3,4.037,2.778,397.14,1493.34,2547.87,57.2
1496.44,4.179,2.988,627.73,1970.74,3015.32,159.8
1131.98,4.065,2.678,387.34,1451.86,2545.98,59.0
1484.69,4.229,3.029,653.27,1983.8,2986.97,168.0
1224.99,4.105,2.814,431.14,1603.29,2630.88,83.0
1118.26,4.005,2.736,319.78,1395.92,2464.54,31.3
1385.59,4.165,2.974,607.22,1894.93,2935.43,151.6
1206.5,4.087,2.756,433.73,1555.92,2649.14,78.8
1298.99,4.11,2.883,486.48,1806.36,2886.68,120.9
1483.71,4.197,3.018,624.83,1932.17,2929.24,167.2
1025.32,3.978,2.698,288.13,1359.34,2248.28,9.5
1058.33,3.978,2.685,319.48,1353.87,2417.07,17.3
1333.48,4.123,2.914,506.21,1806.89,2806.52,122.8
1117.61,4.058,2.76,363.94,1471.69,2489.0,48.6
1108.99,4.038,2.723,366.94,1438.01,2487.31,32.1
1044.09,4.001,2.737,296.16,1321.32,2357.39,7.7
1039.4,4.016,2.68,292.18,1332.79,2322.74,4.7
1372.47,4.171,2.861,550.36,1852.42,2880.99,131.9
1057.9,4.023,2.748,337.49,1402.36,2443.69,23.7
1219.52,4.09,2.806,432.98,1579.69,2662.95,80.0
1302.69,4.12,2.831,480.45,1690.09,2679.55,103.4
1149.36,4.078,2.769,420.63,1573.44,2577.47,73.4
1037.6,3.953,2.708,311.6,1297.23,2354.25,5.6
1389.39,4.178,2.932,561.07,1851.1,2870.31,133.4
1022.6,4.001,2.666,287.96,1263.69,2387.69,2.8
1366.53,4.126,2.915,563.71,1817.36,2813.64,129.8
1376.6,4.206,2.973,594.25,1936.28,2926.51,152.0
1194.9,4.07,2.764,371.9,1518.69,2660.22,74.1
1300.05,4.101,2.819,463.85,1681.81,2677.19,91.5
1227.25,4.111,2.785,442.23,1669.14,2649.78,81.6
1177.75,4.077,2.815,395.38,1517.67,2582.23,66.8
1437.96,4.203,2.942,595.47,1957.34,2945.39,151.0
1449.97,4.171,3.011,621.23,1924.75,2947.27,152.1
1177.27,4.095,2.767,393.37,1480.93,2483.86,57.8
1289.04,4.104,2.791,509.4,1733.09,2762.51,104.9
1469.84,4.211,2.923,620.97,2001.51,3016.79,157.6
1520.64,4.147,3.013,630.41,1958.41,2918.4,163.6
1267.52,4.075,2.851,457.94,1598.86,2678.36,87.0
1273.89,4.092,2.831,432.54,1523.41,2649.96,77.5
1118.56,4.041,2.754,374.3,1463.28,2457.04,48.1
1518.86,4.19,2.994,627.82,1972.93,2941.19,163.0
1055.97,4.022,2.705,316.69,1428.91,2391.93,25.1
1285.99,4.088,2.839,465.77,1738.21,2721.44,99.0
1155.02,4.028,2.783,376.77,1450.41,2457.86,48.8
1122.35,4.054,2.766,377.57,1492.07,2482.61,48.2
1194.99,4.062,2.811,370.74,1521.78,2609.15,69.4
1522.08,4.227,3.105,638.45,2001.25,3033.62,169.8
1021.34,3.999,2.727,275.72,1311.69,2362.15,10.3
1318.25,4.126,2.764,465.82,1655.17,2669.83,98.8
1015.85,4.017,2.678,298.45,1330.37,2368.26,15.0
1129.22,4.011,2.687,331.01,1407.71,2435.09,27.1
1234.12,4.043,2.755,425.1,1613.85,2678.8,75.3
1240.85,4.122,2.811,479.83,1627.58,2682.77,87.3
1116.05,4.026,2.701,366.89,1451.22,2579.98,44.7
1139.32,4.049,2.73,389.69,1438.75,2568.24,54.5
1048.9,4.006,2.702,287.45,1345.13,2430.71,15.7
1144.79,4.054,2.707,370.72,1476.72,2500.21,52.2
1512.62,4.212,3.01,618.5,1971.29,3007.41,164.3
1518.29,4.189,3.022,633.88,1942.63,2969.13,160.7
1165.36,4.059,2.726,387.03,1478.37,2645.47,57.6
1251.56,4.131,2.853,465.25,1649.63,2692.77,97.5
1436.04,4.193,2.952,623.61,1909.69,3009.04,154.7
1014.73,3.978,2.697,281.86,1243.53,2397.36,2.0
1370.36,4.138,2.887,586.48,1863.16,2847.06,138.0
1441.63,4.173,3.02,646.35,1976.72,2976.91,161.3
1106.53,4.009,2.697,300.51,1335.7,2327.72,16.4
1091.25,4.0,2.736,347.59,1392.41,2504.1,28.3
1457.17,4.194,3.002,633.81,1962.6,2887.07,163.4
1276.71,4.101,2.836,451.97,1685.83,2619.61,91.8
993.07,3.943,2.715,294.04,1290.23,2327.77,3.4
1098.2,4.017,2.748,337.12,1461.36,2458.12,44.5
1193.93,4.027,2.779,417.93,1612.49,2585.0,77.0
1375.72,4.129,2.864,524.2,1765.17,2775.97,118.1
1348.89,4.166,2.849,529.81,1837.76,2855.34,124.9
1436.38,4.161,3.078,664.07,1976.49,3036.75,169.2
1169.18,4.025,2.77,364.62,1525.53,2534.11,49.6
1248.97,4.1,2.866,459.95,1646.15,2704.5,92.0
1208.0,4.081,2.857,454.51,1628.92,2682.8,91.1
1185.19,4.055,2.752,387.49,1509.73,2636.54,69.6
1100.01,4.037,2.73,339.12,1418.5,2441.69,29.6
1497.43,4.185,3.034,644.45,1971.49,2953.09,166.2
1463.97,4.14,2.978,555.7,1891.16,2888.3,145.2
1215.89,4.054,2.786,406.39,1631.01,2667.22,85.2
1290.0,4.161,2.866,475.93,1684.93,2762.93,102.9
1094.71,4.061,2.707,369.72,1464.28,2488.62,39.4
1220.8,4.096,2.818,500.98,1669.75,2639.24,92.9
1357.56,4.138,2.845,491.45,1741.87,2824.79,118.4
1256.96,4.089,2.754,473.98,1595.01,2654.26,88.1
1501.62,4.208,3.032,662.97,2015.87,3014.28,168.4
1303.56,4.102,2.835,477.1,1698.28,2671.16,104.3
1159.83,4.058,2.815,426.71,1553.17,2594.87,63.7
1350.52,4.162,2.87,557.3,1817.79,2882.47,131.5
1088.49,4.056,2.706,330.22,1399.6,2417.14,29.8
1212.28,4.086,2.733,376.39,1565.97,2596.96,66.0
1206.11,4.088,2.801,391.84,1470.28,2563.57,59.6
1225.3,4.075,2.775,420.19,1626.0,2584.4,74.0
1381.48,4.142,2.897,587.9,1843.81,2888.37,133.1
1237.13,4.054,2.793,424.1,1551.64,2639.54,82.8
1387.53,4.158,2.854,546.15,1882.24,2842.98,135.2
1249.85,4.119,2.787,464.85,1709.61,2734.46,98.4
1164.28,4.057,2.737,428.51,1506.18,2560.48,58.8
1362.37,4.145,2.938,548.92,1895.76,2896.47,137.9
1113.94,4.066,2.665,374.37,1420.51,2489.08,41.3
1151.84,4.051,2.753,326.99,1426.2,2490.2,38.9
1260.77,4.123,2.82,452.16,1697.96,2659.08,86.3
1103.95,4.027,2.691,363.43,1470.88,2471.44,45.1
1018.66,3.979,2.679,276.21,1317.76,2302.01,2.5
1290.68,4.151,2.89,511.0,1757.27,2732.56,110.6
1241.83,4.097,2.779,436.1,1590.82,2645.68,87.4
1237.93,4.073,2.776,400.19,1594.19,2744.95,76.3
1497.79,4.183,3.108,630.26,1980.53,2999.22,164.4
1334.98,4.11,2.839,456.75,1711.66,2678.43,97.5
1454.3,4.192,2.94,592.95,1939.61,2946.85,146.9
1079.41,4.017,2.703,319.97,1410.9,2492.16,24.6
1288.82,4.126,2.84,493.22,1660.44,2684.84,97.2
1421.9,4.182,2.971,586.24,1854.95,2890.95,147.7
1250.6,4.095,2.769,479.16,1699.79,2643.06,99.5
1379.98,4.124,2.814,510.63,1781.96,2795.5,122.3
1202.69,4.06,2.743,392.42,1501.44,2604.54,63.9
1048.54,3.984,2.702,296.7,1319.7,2372.3,16.6
1224.65,4.077,2.798,446.6,1592.31,2588.83,78.4
1218.91,4.104,2.728,395.17,1556.61,2528.02,67.7
1447.62,4.172,2.943,580.88,1880.68,2921.07,147.5
1082.98,4.027,2.739,361.05,1443.13,2461.72,42.2
1487.43,4.231,2.999,624.12,1971.95,3058.18,164.4
1472.35,4.173,2.999,652.09,1975.71,2973.32,162.9
1148.99,4.024,2.72,387.09,1416.84,2457.95,42.8
1192.18,4.088,2.781,377.22,1495.14,2591.6,59.8
1474.95,4.191,2.967,615.76,1959.65,3009.8,152.3
1453.33,4.19,2.99,622.1,1966.27,3049.3,164.4
1191.32,4.1,2.821,418.33,1598.02,2583.73,75.9
1181.91,4.064,2.719,391.97,1460.57,2487.59,55.2
1235.91,4.077,2.764,455.73,1678.89,2624.57,89.9
1293.68,4.087,2.862,518.37,1796.61,2814.08,117.2
1145.96,4.037,2.741,382.5,1472.97,2494.69,47.2
1343.26,4.167,2.89,551.95,1780.03,2791.9,125.5
1082.48,3.993,2.662,299.4,1270.3,2391.71,9.7
1044.18,4.011,2.724,288.45,1380.05,2321.97,9.3
1188.08,4.076,2.828,403.72,1530.9,2622.69,66.3
1159.66,4.031,2.767,377.38,1476.89,2519.83,60.7
1191.39,4.049,2.768,391.63,1475.46,2520.69,54.3
1242.65,4.101,2.742,437.95,1629.87,2708.12,84.0
1143.72,4.042,2.747,364.95,1459.5,2543.0,55.2
1077.09,4.024,2.708,360.44,1390.38,2410.81,33.5
1146.99,4.064,2.731,377.59,1445.82,2591.05,53.3
1461.46,4.196,3.015,627.31,2023.77,3028.11,165.8
1221.39,4.098,2.766,429.46,1558.19,2656.29,70.5
1166.32,4.092,2.749,443.0,1541.07,2553.04,76.2
1272.04,4.092,2.817,444.23,1652.99,2722.5,98.4
1505.88,4.187,3.015,658.99,1967.68,2960.38,167.2
1127.06,4.042,2.764,358.17,1442.65,2460.83,41.8
1310.45,4.16,2.877,527.86,1729.89,2807.39,116.1
1362.79,4.131,2.89,526.22,1772.15,2735.33,122.0
1268.72,4.083,2.871,489.99,1683.44,2737.74,103.6
1052.4,4.019,2.681,304.68,1294.9,2444.51,16.0
1342.41,4.117,2.873,526.41,1726.5,2784.49,115.4
1054.41,3.979,2.733,292.11,1298.51,2410.7,11.8
1268.4,4.116,2.811,495.4,1657.77,2728.63,101.7
1388.5,4.165,2.828,539.54,1757.48,2787.33,126.0
1107.24,4.024,2.713,357.5,1403.04,2541.79,36.7
1431.28,4.177,2.964,564.52,1903.88,2883.5,143.2
1067.29,4.011,2.665,298.97,1294.83,2294.25,6.1
1441.82,4.183,2.923,588.59,1784.12,2837.2,143.6
1246.96,4.073,2.773,457.51,1626.13,2624.48,78.8
1112.78,4.014,2.729,358.68,1404.65,2503.97,37.8
1091.76,3.999,2.684,313.74,1411.52,2412.75,23.6
1479.19,4.206,2.966,619.32,1987.93,2907.97,162.1
1016.14,4.02,2.689,316.06,1318.17,2375.98,13.3
1107.47,4.014,2.722,334.35,1406.91,2500.31,34.6
1172.71,4.107,2.8,382.81,1481.7,2551.09,59.8
1311.95,4.099,2.848,476.4,1731.6,2798.44,105.8
1256.66,4.125,2.786,462.58,1705.34,2655.57,93.1
1049.44,4.048,2.692,323.43,1341.08,2443.69,22.2
1156.34,4.054,2.773,366.42,1457.2,2536.6,50.0
1084.42,4.026,2.727,380.32,1499.2,2504.27,41.3
1142.66,4.021,2.701,355.52,1425.25,2484.12,37.1
1189.9,4.072,2.786,438.7,1514.98,2585.61,70.5
1346.23,4.16,2.852,524.37,1733.26,2809.19,120.0
1121.86,4.013,2.749,337.18,1476.47,2451.84,37.7
1189.75,4.031,2.782,382.07,1543.42,2579.82,63.0
1151.0,4.08,2.743,403.46,1514.84,2596.83,67.1
1507.38,4.207,3.09,650.54,1991.8,2974.46,166.0
1482.19,4.23,3.008,624.92,1939.81,2963.1,162.3
1374.61,4.131,2.835,574.87,1788.82,2805.65,136.2
1099.79,4.039,2.752,376.87,1431.63,2487.18,41.8
1036.11,4.029,2.623,291.21,1324.02,2393.19,12.5
1119.73,4.06,2.79,363.77,1447.23,2545.1,54.6
1172.73,4.043,2.748,378.09,1421.66,2507.6,46.1
1278.04,4.113,2.805,450.24,1598.6,2605.26,86.5
1389.9,4.142,2.903,557.51,1823.36,2862.77,132.4
1416.14,4.187,2.96,597.31,1894.54,2853.45,146.1
1409.52,4.143,2.92,558.16,1837.12,2863.36,143.8
1190.7,4.036,2.767,401.23,1506.8,2518.0,61.8
1375.38,4.129,2.87,518.37,1747.54,2744.51,117.1
1136.09,4.005,2.669,385.84,1439.27,2538.42,53.9
1013.59,4.006,2.715,286.95,1326.28,2310.69,11.3
1377.51,4.103,2.895,522.62,1790.24,2746.21,119.6
976.09,3.999,2.7,279.65,1295.09,2394.35,2.7
1169.55,4.08,2.792,427.29,1519.66,2672.1,70.2
1151.7,4.059,2.807,383.11,1520.92,2583.6,56.7
1295.59,4.145,2.867,509.12,1763.2,2777.95,118.2
1400.35,4.155,2.898,532.99,1850.3,2885.23,130.5
1167.82,4.049,2.733,389.12,1499.65,2548.25,52.4
1382.25,4.197,2.861,581.59,1864.5,2792.72,138.2
1173.8,4.06,2.764,401.54,1469.74,2566.44,50.7
1248.52,4.1,2.774,419.88,1614.48,2572.41,76.4
1349.18,4.164,2.824,516.53,1757.06,2792.33,123.9
1323.1,4.149,2.866,516.05,1727.98,2801.72,118.1
1549.38,4.239,3.048,633.75,2072.42,3003.07,167.9
1129.3,4.042,2.727,341.16,1372.36,2489.39,39.1
1325.09,4.129,2.862,512.87,1707.41,2816.67,112.9
1326.14,4.106,2.793,501.59,1728.4,2743.83,104.0
1460.26,4.177,3.007,617.89,1885.41,2947.93,155.7
1068.87,4.009,2.731,331.05,1405.76,2489.55,27.4
1366.96,4.162,2.929,554.19,1846.76,2826.59,128.1
1297.39,4.092,2.81,465.99,1714.33,2700.29,97.0
1083.38,4.05,2.759,388.16,1466.83,2525.08,47.4
1218.51,4.101,2.742,479.75,1570.77,2721.45,81.2
1194.45,4.064,2.735,376.44,1478.63,2519.23,57.4
1264.1,4.094,2.788,491.72,1719.97,2643.75,98.9
1477.06,4.191,2.968,618.36,1858.18,2923.27,151.2
1307.31,4.108,2.793,477.7,1699.4,2761.5,97.2
1301.51,4.066,2.834,513.04,1672.28,2771.37,107.8
1232.9,4.08,2.811,456.24,1635.08,2650.79,88.7
1030.35,4.03,2.683,308.23,1294.37,2358.66,9.6
1181.27,4.07,2.696,354.26,1422.64,2439.88,40.4
1281.02,4.104,2.853,443.23,1658.85,2582.0,84.1
1152.31,4.072,2.758,387.59,1473.41,2519.6,53.4
1077.2,4.014,2.774,343.42,1432.22,2405.3,31.7
1242.95,4.091,2.776,429.85,1605.77,2648.98,86.2
1160.97,4.083,2.746,389.86,1506.24,2479.89,55.6
1094.72,4.054,2.744,357.39,1449.54,2564.95,44.6
1222.71,4.089,2.841,422.67,1557.26,2672.31,79.4
1104.76,4.015,2.762,336.96,1327.53,2391.55,23.5
1414.7,4.208,2.973,603.31,1936.09,2952.13,157.8
1447.47,4.195,2.925,586.84,1886.04,2951.54,147.6
1376.32,4.152,2.874,507.86,1797.16,2811.94,120.6
1046.3,4.015,2.743,308.36,1294.16,2380.99,19.0
1419.99,4.146,2.906,587.75,1803.23,2865.07,132.1
1377.4,4.174,2.926,553.85,1865.27,2857.61,137.5
1384.38,4.129,2.934,546.21,1814.5,2834.93,130.8
1055.89,3.997,2.74,337.56,1311.38,2469.93,20.3
1301.64,4.097,2.883,505.09,1740.33,2773.35,109.8
1393.34,4.19,2.951,574.45,1897.84,2883.05,142.0
1293.39,4.097,2.872,462.45,1650.65,2671.25,98.6
1331.8,4.134,2.818,509.59,1760.38,2779.6,110.2
1216.41,4.084,2.864,424.14,1576.53,2672.03,78.5
1217.98,4.16,2.848,487.22,1634.46,2724.29,90.4
1040.77,4.007,2.689,289.51,1285.95,2449.89,6.8
1317.36,4.087,2.885,521.92,1756.29,2713.69,109.0
1044.59,4.032,2.694,320.34,1328.34,2298.35,14.8
1253.61,4.074,2.804,433.74,1600.9,2654.79,74.5
1102.14,4.048,2.77,369.9,1462.76,2471.21,50.5
1204.73,4.092,2.847,453.93,1668.07,2643.15,93.2
1053.49,4.023,2.702,318.55,1335.51,2435.23,23.5
1351.47,4.139,2.897,533.11,1794.98,2801.28,117.9
1361.37,4.144,2.9,567.72,1833.35,2833.67,135.4
1059.97,4.015,2.744,303.48,1425.88,2399.98,28.6
1083.29,4.015,2.709,294.51,1346.97,2394.9,18.6
1088.45,3.975,2.664,324.05,1379.18,2401.8,25.6
1441.36,4.146,2.933,603.05,1973.66,2920.48,149.2
1271.26,4.135,2.842,450.97,1667.14,2637.79,90.3
1211.64,4.095,2.79,424.64,1606.64,2601.46,80.0
1051.05,4.003,2.746,299.78,1313.58,2333.33,19.0
1332.43,4.093,2.819,514.42,1711.04,2774.75,110.8
1393.35,4.171,2.971,592.53,1921.64,2883.37,147.7
1351.91,4.184,2.927,599.11,1857.74,2911.14,141.0
1289.46,4.175,2.84,472.05,1710.13,2656.08,106.8
1070.72,4.045,2.668,315.76,1296.65,2318.92,13.7
1069.29,3.997,2.717,324.43,1366.12,2392.01,20.0
1058.21,3.992,2.667,310.68,1314.95,2330.08,9.3
1075.12,4.016,2.725,373.27,1474.31,2452.42,44.5
1080.6,4.003,2.712,315.52,1406.79,2403.23,23.9
1143.02,4.041,2.734,358.99,1468.16,2485.92,44.9
1149.73,4.064,2.807,405.78,1507.01,2616.04,66.1
1489.67,4.229,2.924,609.08,1910.38,2971.4,160.4
1289.62,4.092,2.837,500.95,1726.73,2778.53,104.2
1485.91,4.165,2.921,539.69,1876.48,2948.05,142.1
1288.93,4.098,2.878,507.52,1831.44,2776.14,121.0
1097.18,4.021,2.695,291.08,1354.79,2443.15,20.0
1346.8,4.118,2.919,551.85,1746.21,2853.89,125.4
1092.95,4.071,2.741,369.79,1427.15,2505.79,47.5
1293.71,4.119,2.856,488.64,1703.47,2774.01,109.0
1170.09,4.034,2.792,389.74,1563.34,2559.3,58.6
1524.63,4.157,3.082,652.9,2033.25,2996.07,169.6
1171.28,4.027,2.708,344.23,1441.04,2510.07,45.5
1170.72,4.054,2.737,370.05,1462.11,2523.19,48.2
1437.17,4.194,2.988,639.45,1905.36,2993.13,158.3
1055.0,3.986,2.643,314.5,1253.59,2299.11,5.2
1346.09,4.155,2.851,532.25,1802.27,2822.67,118.7
1334.77,4.12,2.882,534.91,1818.32,2765.65,123.6
1404.58,4.107,2.993,591.28,1865.66,2884.25,142.3
1467.9,4.2,3.045,648.91,2035.41,2992.85,165.7
1487.22,4.221,3.04,621.99,1994.05,2882.72,165.9
1025.09,4.031,2.752,288.82,1328.8,2356.08,12.0
1376.38,4.137,2.943,580.72,1869.41,2895.48,139.9
1322.51,4.115,2.876,489.42,1699.45,2753.52,110.2
1326.78,4.141,2.843,484.48,1760.39,2721.89,110.4
1064.93,4.005,2.677,340.28,1393.27,2438.57,22.7
1346.69,4.129,2.864,501.91,1741.39,2728.87,110.9
1483.64,4.182,3.1,641.01,1952.81,2996.25,167.0
1443.34,4.16,3.023,592.2,1964.37,2934.93,155.1
1225.39,4.065,2.811,415.43,1526.64,2614.2,75.2
1029.65,4.019,2.675,290.17,1282.4,2357.73,7.8
1175.08,4.067,2.724,381.92,1543.52,2541.14,62.2
1341.51,4.189,2.903,554.91,1854.1,2917.01,140.7
1339.2,4.148,2.881,547.61,1742.6,2762.96,119.6
1172.81,4.119,2.782,450.49,1636.64,2664.76,78.6
1008.63,4.019,2.729,298.04,1349.68,2346.14,10.3
1169.71,4.096,2.743,397.92,1603.91,2529.83,73.1
1197.05,4.087,2.795,406.94,1612.03,2606.52,80.3
1446.41,4.245,2.967,610.9,1945.64,3003.19,157.9
1295.72,4.127,2.882,463.6,1779.58,2800.65,109.3
1166.42,4.017,2.774,371.73,1533.63,2453.75,53.7
1255.88,4.106,2.791,423.02,1640.16,2646.23,89.8
996.12,3.985,2.727,301.33,1404.3,2290.57,12.2
1486.68,4.215,2.983,640.42,1974.91,2985.11,165.4
1179.88,4.081,2.716,391.94,1536.1,2537.3,61.9
1219.14,4.087,2.775,468.58,1650.14,2657.94,81.8
1168.21,4.048,2.709,390.03,1532.32,2588.17,61.0
1333.77,4.137,2.864,539.73,1750.22,2843.01,116.3
1337.75,4.117,2.858,510.16,1754.54,2837.71,112.9
1306.57,4.156,2.868,557.16,1782.45,2881.82,121.9
1124.16,4.058,2.763,337.97,1396.39,2539.97,46.3
1189.34,4.116,2.737,363.61,1523.48,2528.73,54.3
1103.73,4.008,2.675,315.72,1343.95,2334.75,22.2
1336.48,4.122,2.834,527.11,1703.59,2732.39,111.8
1046.32,3.996,2.659,291.69,1341.67,2296.58,7.7
1327.42,4.114,2.82,470.39,1706.82,2743.23,102.0
1475.83,4.193,2.969,600.88,1919.76,2993.79,148.0
1436.18,4.172,2.911,614.59,1911.78,2889.21,151.6
1189.34,4.124,2.783,414.16,1594.46,2564.97,76.9
1211.71,4.099,2.825,419.0,1586.07,2590.06,78.6
1125.57,3.998,2.735,331.31,1304.4,2446.06,14.0
1283.76,4.116,2.843,527.83,1769.98,2825.0,114.4
1390.0,4.184,2.992,593.7,1869.58,2920.03,139.8
1084.53,4.043,2.71,370.88,1495.71,2433.25,42.3
1203.57,4.079,2.779,403.07,1500.86,2642.59,72.2
1381.14,4.154,2.899,577.97,1911.18,2891.52,142.8
1429.21,4.173,2.968,579.09,1893.42,2949.8,149.2
1070.45,4.029,2.825,370.94,1428.56,2443.54,42.1
1278.13,4.133,2.879,454.59,1678.57,2691.92,94.0
1127.6,4.046,2.754,314.73,1381.61,2428.73,33.5
1048.9,4.009,2.69,314.83,1333.42,2419.61,18.2
1447.14,4.178,2.972,626.81,1948.99,3026.96,155.0
1397.28,4.164,2.959,549.98,1845.82,2824.65,139.7
1373.81,4.15,2.92,543.4,1794.98,2826.96,129.4
1035.6,3.982,2.7,289.5,1290.23,2398.32,9.2
1433.04,4.129,2.941,595.43,1890.07,2876.24,143.6
1239.19,4.067,2.822,391.07,1543.73,2583.96,75.0
1143.46,4.06,2.804,405.8,1534.78,2556.39,58.9
1252.95,4.091,2.777,450.64,1721.53,2674.04,93.4
1076.66,4.027,2.713,307.65,1339.95,2455.07,16.4
1331.96,4.145,2.914,556.76,1826.66,2845.87,128.9
1229.18,4.15,2.817,496.95,1692.25,2734.53,99.4
1100.15,4.019,2.766,339.35,1376.21,2413.73,32.5
1107.61,4.033,2.719,328.21,1414.84,2454.91,32.8
1075.42,4.024,2.766,329.89,1409.3,2444.17,32.1
1025.46,4.012,2.688,317.65,1370.1,2389.71,10.6
1262.11,4.135,2.843,463.55,1695.67,2744.75,100.3
1390.34,4.179,2.942,584.04,1914.22,2867.82,143.0
1041.2,3.954,2.741,289.15,1303.66,2341.29,4.0
1007.14,4.011,2.72,309.27,1296.35,2395.92,9.3
1267.02,4.091,2.816,471.62,1641.68,2683.17,97.8
1378.19,4.156,2.916,563.7,1870.35,2952.26,139.5
1120.28,4.073,2.753,375.97,1523.94,2495.12,56.2
1188.88,4.042,2.768,383.36,1514.51,2547.1,60.1
1272.39,4.139,2.809,459.39,1675.51,2688.02,101.8
1137.69,4.041,2.746,373.86,1506.72,2527.23,47.3
989.84,4.04,2.734,294.72,1283.55,2342.61,5.5
1337.74,4.146,2.927,513.08,1762.96,2764.66,125.3
1318.99,4.156,2.8,485.3,1714.1,2827.17,106.7
1342.3,4.136,2.781,470.0,1685.41,2690.05,99.1
1310.26,4.134,2.872,528.94,1780.3,2743.89,126.3
1320.25,4.106,2.811,509.08,1749.99,2787.05,115.1
1113.16,4.036,2.694,342.95,1366.56,2466.26,35.8
1153.04,4.053,2.778,405.59,1531.92,2534.12,60.6
1089.91,4.049,2.713,320.2,1331.71,2374.53,22.3
1048.59,4.013,2.663,330.29,1354.28,2409.69,22.9
1329.62,4.126,2.9,490.4,1733.15,2736.13,115.3
1408.82,4.143,2.932,571.05,1932.94,2937.02,146.1
1509.59,4.201,3.005,612.41,1961.93,3005.23,163.7
1284.54,4.099,2.879,486.5,1692.73,2748.54,107.2
1084.62,4.039,2.739,338.65,1465.24,2400.39,32.1
1083.72,4.025,2.708,339.25,1403.28,2349.5,18.9
1371.57,4.146,2.907,554.94,1881.15,2885.86,138.4
1278.34,4.131,2.849,486.11,1698.47,2728.9,98.8
1250.81,4.115,2.832,476.04,1684.66,2739.79,105.5
1353.39,4.125,2.9,554.54,1864.92,2871.22,133.1
1349.26,4.169,2.84,519.82,1784.56,2817.85,119.9
1384.08,4.147,2.966,562.73,1853.38,2887.14,142.0
1025.99,4.013,2.745,287.25,1320.64,2364.94,10.5
1375.04,4.156,2.899,564.08,1792.81,2761.78,127.3
1403.2,4.177,2.926,575.63,1839.3,2898.82,144.8
1158.89,4.058,2.779,385.12,1513.75,2508.55,49.4
1312.95,4.106,2.87,507.33,1672.55,2721.49,109.2
1161.84,4.091,2.745,370.19,1557.03,2557.16,54.1
1507.47,4.21,3.05,630.82,1960.92,2968.53,162.9
1038.3,4.008,2.681,295.3,1314.86,2358.34,6.6
1315.61,4.086,2.794,481.07,1698.4,2633.5,99.0
1108.63,4.006,2.721,326.35,1360.86,2427.87,29.1
1331.24,4.153,2.911,503.11,1773.98,2828.47,121.4
1122.21,3.988,2.728,324.79,1393.89,2425.99,30.7
1122.36,4.047,2.704,371.31,1419.56,2473.89,40.8
1225.43,4.068,2.794,441.52,1651.43,2664.35,84.5
1459.53,4.165,3.015,605.27,1897.73,2941.08,155.6
1133.2,4.007,2.742,324.25,1427.37,2517.63,36.8
1087.72,4.026,2.717,344.25,1324.14,2441.6,25.4
1414.29,4.172,2.893,541.73,1822.53,2853.26,129.3
1265.48,4.103,2.841,460.58,1629.91,2672.06,85.6
1463.97,4.191,3.008,620.47,1988.9,2989.26,155.1
1051.7,4.025,2.677,338.34,1358.61,2439.11,25.8
1305.85,4.14,2.883,524.19,1725.93,2714.12,110.2
1116.45,4.049,2.754,354.85,1428.75,2520.7,40.4
1099.09,3.97,2.769,327.47,1434.37,2397.62,27.5
1345.42,4.152,2.866,537.6,1741.55,2806.07,116.5
1288.29,4.131,2.871,491.57,1699.3,2675.85,101.3
1369.56,4.142,2.91,532.55,1803.43,2765.37,128.6
1166.84,4.016,2.723,393.45,1484.49,2519.52,53.3
1191.61,4.09,2.824,448.02,1587.31,2690.16,76.7
1235.41,4.082,2.806,375.85,1589.61,2555.0,69.5
1439.87,4.188,3.028,624.05,2031.23,2945.45,167.3
1177.45,4.056,2.761,359.99,1435.41,2490.46,50.4
1141.09,4.074,2.816,383.83,1502.27,2443.22,50.8
1194.45,4.113,2.754,404.71,1558.3,2613.7,60.9
1278.7,4.112,2.849,475.81,1681.46,2777.38,96.4
1131.89,4.051,2.71,372.37,1484.88,2485.29,43.6
1466.67,4.166,2.963,595.16,1896.9,2911.29,155.7
1149.4,4.037,2.77,345.42,1473.84,2481.99,45.9
1433.91,4.176,2.974,621.99,1956.85,2887.81,152.4
1085.04,4.036,2.703,315.15,1329.08,2397.03,18.5
1288.63,4.145,2.909,521.61,1700.24,2800.31,112.0
1448.12,4.219,2.946,597.63,1962.23,3004.34,154.3
1107.71,3.997,2.719,317.27,1379.39,2405.36,29.5
1507.1,4.167,3.041,616.49,1958.02,2942.37,164.6
1226.93,4.108,2.768,439.06,1534.08,2650.87,77.5
1459.8,4.218,3.019,642.33,1942.45,2952.03,160.8
1348.51,4.133,2.898,519.63,1732.96,2776.09,115.4
1128.53,3.965,2.751,367.95,1429.47,2513.79,52.0
1139.01,4.016,2.707,348.67,1387.84,2460.48,32.8
1144.12,4.061,2.746,385.05,1520.6,2547.19,52.3
1016.32,3.993,2.626,280.16,1351.23,2385.79,16.7
1046.32,4.025,2.748,320.33,1326.09,2391.16,25.3
1060.76,4.051,2.717,318.13,1360.47,2435.4,18.7
1204.73,4.108,2.781,433.07,1590.9,2600.49,72.5
1437.31,4.174,2.863,558.82,1846.1,2916.61,135.5
1049.17,4.019,2.751,327.07,1372.46,2376.38,24.9
1071.44,4.009,2.702,320.52,1342.25,2391.11,23.0
1282.59,4.141,2.87,502.3,1741.72,2700.17,109.7
1086.76,4.033,2.73,321.32,1429.01,2483.74,34.3
1098.82,4.013,2.659,302.79,1352.46,2405.81,17.5
1057.59,3.995,2.761,299.06,1443.14,2457.41,29.2
1472.14,4.17,3.018,608.9,1934.71,2932.91,157.1
1411.7,4.178,2.948,578.48,1823.5,2908.36,139.8
1168.56,4.043,2.778,380.83,1570.54,2582.61,60.8
1328.35,4.133,2.822,499.42,1681.65,2742.63,111.8
1227.16,4.112,2.845,463.64,1639.41,2760.55,91.8
1367.66,4.142,2.932,552.47,1726.51,2780.16,115.4
1377.21,4.145,2.871,512.61,1755.21,2790.53,116.4
1302.82,4.135,2.852,503.37,1714.23,2781.27,107.3
1189.94,4.034,2.713,360.84,1430.2,2471.17,46.0
1022.6,3.97,2.633,300.4,1337.02,2349.84,7.6
1226.7,4.069,2.785,427.57,1588.37,2601.3,78.0
1475.28,4.192,3.008,594.73,1952.24,2876.25,151.6
1260.56,4.086,2.869,466.83,1639.77,2727.31,97.2
1373.2,4.144,2.929,594.41,1838.52,2780.39,141.7
1454.99,4.177,3.075,650.5,1960.28,2932.78,168.6
1136.13,3.988,2.686,313.6,1404.15,2463.1,28.7
1320.55,4.113,2.874,511.12,1817.47,2728.11,117.9
1320.15,4.152,2.849,497.12,1742.92,2752.77,115.0
1460.91,4.181,3.043,654.74,1914.99,2996.57,166.6
1515.61,4.162,3.042,632.02,2003.03,3010.28,167.6
1311.61,4.124,2.86,528.37,1781.19,2805.79,117.0
1107.11,4.052,2.771,371.09,1412.32,2513.46,42.2
1397.14,4.121,2.974,563.52,1862.2,2819.2,136.0
1034.05,4.033,2.705,322.8,1374.69,2415.74,19.1
1375.72,4.125,2.949,546.34,1770.25,2830.58,132.9
1485.07,4.173,2.939,622.26,1963.93,2831.13,154.8
1193.17,4.063,2.773,383.92,1575.98,2645.4,65.7
1305.86,4.112,2.81,486.38,1710.48,2729.37,107.6
1210.0,4.08,2.779,414.37,1593.59,2611.59,73.7
1198.5,4.098,2.812,436.47,1638.97,2584.45,75.0
1199.14,4.055,2.791,403.68,1469.96,2552.02,53.5
1350.08,4.138,2.875,539.32,1852.55,2820.11,129.8
1469.62,4.196,3.009,619.63,1957.83,2925.59,159.2
1469.75,4.192,3.036,605.41,1919.82,3060.04,160.0
1114.62,4.014,2.758,333.71,1341.56,2327.51,30.5
1458.21,4.175,2.962,610.49,1924.89,2892.7,148.8
1356.64,4.13,2.871,509.04,1759.98,2827.63,125.6
1130.74,4.027,2.722,359.66,1478.75,2444.56,43.7
1052.37,4.021,2.676,313.87,1258.24,2338.73,12.4
1073.4,4.056,2.746,365.11,1464.67,2512.28,46.3
1411.4,4.197,2.953,607.58,1922.38,2837.77,155.2
1288.76,4.136,2.87,507.46,1771.91,2807.93,108.0
1334.87,4.124,2.889,517.17,1793.67,2815.98,122.9
1095.4,4.065,2.75,349.08,1471.07,2501.17,44.5
1366.79,4.135,2.826,500.93,1772.73,2806.52,122.6
1028.21,4.016,2.694,296.88,1292.44,2319.32,5.8
1173.61,4.067,2.76,403.26,1566.88,2562.22,64.4
1269.24,4.128,2.913,483.21,1717.35,2748.67,106.9
1076.02,4.029,2.68,312.85,1349.14,2398.97,25.7
1337.03,4.179,2.92,570.99,1897.98,2862.97,140.1
1111.54,4.008,2.75,355.16,1488.01,2496.98,40.7
1315.15,4.096,2.827,483.83,1780.8,2704.73,111.2
1198.94,4.089,2.839,381.06,1595.18,2617.13,69.5
1246.13,4.123,2.896,454.08,1685.79,2817.84,101.7
1066.45,3.998,2.684,292.96,1321.21,2476.27,19.2
997.59,4.002,2.673,270.79,1254.8,2347.53,3.9
1429.36,4.153,3.04,607.99,1890.74,2887.82,154.7
1148.88,4.113,2.789,366.06,1458.53,2559.1,46.6
1451.27,4.189,2.914,567.77,1914.38,2868.55,139.5
1500.92,4.212,3.102,655.08,1949.87,3056.46,169.9
1084.84,4.037,2.692,352.3,1421.72,2434.35,36.7
1133.66,4.034,2.812,368.3,1448.64,2477.3,45.8
1342.43,4.103,2.862,507.31,1708.28,2788.4,113.0
1496.14,4.191,3.041,618.4,1965.53,2948.74,164.2
1521.68,4.165,2.952,591.99,1973.46,3017.18,155.8
1221.53,4.08,2.775,436.66,1633.27,2683.2,86.0
1394.13,4.129,2.927,576.93,1861.44,2930.29,135.4
1111.47,4.025,2.774,358.31,1401.78,2369.07,23.9
1524.48,4.188,3.022,648.04,1994.04,2949.55,166.2
1431.25,4.203,2.993,639.12,1961.24,3084.42,164.0
1084.57,4.035,2.732,347.59,1391.67,2368.81,28.7
1181.4,4.058,2.804,397.19,1449.84,2578.1,51.6
1130.05,4.065,2.689,298.79,1347.47,2398.87,17.9
1149.46,4.064,2.74,409.01,1466.44,2488.19,46.9
1389.73,4.136,2.948,592.52,1897.93,2913.45,138.9
1155.14,4.079,2.803,380.47,1527.7,2641.75,64.9
1108.35,4.009,2.697,294.21,1328.15,2385.93,15.9
1181.95,4.036,2.798,430.97,1466.52,2563.78,58.8
1468.33,4.168,3.06,657.04,2004.96,2993.87,166.9
1297.04,4.132,2.849,484.0,1674.94,2743.62,107.4
1205.79,4.092,2.812,415.26,1549.33,2535.47,71.3
1099.46,4.005,2.746,343.75,1369.26,2400.17,29.1
1469.73,4.217,3.02,657.0,2015.96,3040.25,167.7
1386.19,4.168,2.97,591.31,1876.77,2856.03,139.7
1094.9,4.074,2.76,372.26,1490.79,2470.45,48.6
1071.29,4.028,2.743,308.1,1354.0,2356.71,12.8
1031.23,4.0,2.701,294.59,1297.5,2352.13,10.6
1077.92,4.049,2.72,304.64,1333.31,2347.04,21.3
1313.18,4.09,2.845,459.51,1632.57,2706.81,99.1
1465.74,4.233,3.006,615.61,1948.58,2954.7,158.0
1233.62,4.077,2.853,448.02,1598.55,2627.76,84.9
1418.26,4.166,2.95,558.39,1892.48,2904.9,143.5
1213.66,4.073,2.792,455.25,1620.29,2733.67,76.4
1373.6,4.132,2.907,513.81,1805.48,2787.85,120.8
1362.31,4.202,2.899,520.84,1798.63,2766.99,124.7
1075.44,4.018,2.813,334.28,1397.96,2482.05,30.4
1198.66,4.084,2.779,359.58,1525.08,2603.99,62.0
1336.73,4.12,2.888,501.35,1788.39,2797.84,108.7
1012.1,4.025,2.728,289.22,1308.58,2385.35,12.9
1210.93,4.056,2.709,366.41,1527.96,2541.99,62.1
1264.07,4.108,2.796,459.01,1644.14,2688.47,91.4
1504.95,4.212,3.061,650.4,1973.56,2974.56,169.4
1250.92,4.076,2.756,463.98,1594.63,2695.29,81.2
1384.81,4.217,2.911,571.44,1859.33,2913.72,138.9
1229.39,4.095,2.748,422.24,1540.06,2549.58,74.0
1379.08,4.153,2.88,561.06,1893.05,2842.5,135.6
1248.04,4.102,2.845,441.05,1715.6,2756.78,101.6
1412.15,4.178,3.019,600.3,1945.08,2872.99,150.8
1209.76,4.053,2.742,411.52,1555.72,2599.7,70.4
1265.72,4.153,2.804,480.96,1690.95,2659.0,103.1
1342.54,4.131,2.833,480.58,1712.85,2730.74,107.5
1228.34,4.077,2.78,422.98,1544.25,2601.66,71.5
1109.71,4.042,2.672,311.07,1414.49,2373.24,25.4
1058.15,3.996,2.686,321.27,1383.23,2391.65,16.8
1029.97,3.972,2.667,294.63,1306.73,2356.6,3.8
1400.13,4.171,2.963,614.48,1953.25,2876.04,148.6
1141.14,4.043,2.752,347.21,1510.32,2510.5,41.0
1114.8,4.046,2.729,366.37,1476.67,2506.05,36.7
1370.9,4.115,2.877,538.59,1784.05,2811.08,125.4
1195.82,4.049,2.738,380.17,1423.85,2466.22,55.1
1225.8,4.035,2.811,433.45,1651.02,2637.13,86.5
1080.98,4.002,2.693,337.15,1400.64,2443.37,28.5
1485.6,4.206,3.064,624.53,1971.98,2926.09,163.2
1394.69,4.188,2.896,583.52,1878.57,2891.59,144.9
1419.99,4.149,2.928,600.88,1935.38,2872.09,147.0
1205.96,4.07,2.808,410.34,1511.2,2595.14,69.7
1362.37,4.151,2.887,551.0,1863.86,2828.02,129.8
1108.92,4.043,2.738,348.29,1427.22,2418.05,25.3
982.51,4.024,2.74,295.02,1289.44,2349.64,2.5
1052.93,3.998,2.716,279.54,1300.94,2326.75,4.4
1297.05,4.108,2.798,470.28,1651.78,2783.68,100.1
1202.38,4.057,2.761,430.05,1622.42,2684.93,78.0
1223.65,4.102,2.808,482.47,1675.54,2688.66,88.5
967.82,4.034,2.702,266.23,1307.1,2348.73,2.3
1181.23,4.105,2.822,419.21,1531.73,2584.41,72.4
1373.54,4.145,2.857,548.55,1736.38,2821.59,122.4
1209.16,4.09,2.777,432.64,1575.99,2641.62,75.8
1383.8,4.13,2.879,531.86,1797.64,2838.76,124.7
1099.23,4.033,2.73,327.29,1466.5,2521.2,40.4
1415.1,4.164,2.966,590.18,1849.07,2887.85,138.4
1263.5,4.117,2.832,469.96,1720.57,2731.37,100.4
1080.84,4.055,2.738,331.79,1454.63,2515.36,36.6
1113.67,4.06,2.767,358.02,1452.8,2485.77,41.0
1284.66,4.133,2.896,513.72,1743.87,2721.43,107.1
1367.85,4.145,2.929,580.73,1856.56,2906.02,141.3
1193.23,4.059,2.822,408.42,1529.64,2628.19,71.2
1128.55,4.027,2.799,364.86,1436.42,2481.31,44.7
1458.14,4.177,2.946,592.39,1872.34,2893.68,147.5
1345.65,4.09,2.846,501.48,1784.63,2778.77,114.1
1243.63,4.085,2.859,426.34,1612.93,2674.71,76.7
1250.19,4.121,2.838,427.27,1554.73,2630.7,83.5
1110.46,4.047,2.732,329.22,1421.66,2404.6,35.5
1269.94,4.115,2.867,500.12,1663.32,2685.84,106.9
1175.07,4.052,2.738,388.38,1491.09,2511.63,61.6
1512.47,4.215,3.106,647.62,2021.57,2949.61,169.3
1264.9,4.098,2.748,425.26,1558.36,2624.23,82.2
1248.37,4.088,2.836,430.4,1573.27,2628.38,83.1
1301.24,4.098,2.806,461.24,1641.46,2723.1,96.6
1427.82,4.184,2.931,603.62,1887.95,2993.18,155.9
1382.69,4.152,2.856,556.16,1804.33,2898.68,136.3
1225.31,4.101,2.78,429.38,1587.55,2597.31,77.2
1376.71,4.166,2.902,549.19,1734.59,2783.31,122.5
1276.71,4.086,2.793,487.63,1679.62,2816.28,100.1
1232.27,4.07,2.769,436.24,1619.14,2593.01,84.2
1114.14,4.058,2.714,330.86,1430.69,2488.73,33.5
1192.53,4.091,2.822,404.31,1626.29,2600.14,79.4
1160.55,4.02,2.769,347.05,1403.58,2519.14,42.5
1430.59,4.202,2.984,595.11,1894.31,2988.8,155.6
1112.65,4.068,2.793,387.25,1465.82,2555.66,57.7
1473.52,4.234,3.03,653.32,1986.64,3010.17,161.9
1296.56,4.098,2.805,450.28,1658.67,2813.77,91.1
1317.72,4.145,2.877,471.89,1709.8,2693.85,107.7
1277.72,4.076,2.782,456.95,1619.73,2730.68,92.8
1071.09,4.046,2.729,314.64,1370.07,2457.19,22.9
1175.4,4.089,2.739,419.03,1576.73,2517.68,64.5
1018.74,4.044,2.712,284.05,1384.19,2404.94,17.8
1242.24,4.143,2.883,475.46,1669.86,2735.99,106.3
1217.46,4.083,2.799,436.32,1618.32,2648.95,76.5
1411.56,4.13,2.905,529.19,1785.09,2857.15,132.5
1117.82,4.025,2.742,357.73,1415.35,2505.23,38.3
1100.61,3.99,2.742,321.86,1373.63,2398.92,28.8
1233.02,4.058,2.846,426.04,1565.27,2682.5,69.7
1467.26,4.193,3.008,616.06,1913.0,2958.21,157.6
1340.33,4.139,2.863,522.59,1782.04,2867.32,121.1
1178.87,4.074,2.779,424.02,1533.81,2622.85,71.8
1296.96,4.083,2.786,450.66,1642.02,2723.74,88.4
1064.31,3.973,2.668,289.43,1295.56,2382.0,15.2
1467.73,4.2,2.976,635.13,1976.06,3038.82,167.4
1291.49,4.138,2.848,482.97,1746.3,2732.19,113.6
1169.31,4.031,2.709,356.94,1464.78,2555.79,49.2
1254.19,4.103,2.837,443.97,1712.12,2688.16,100.0
1108.03,4.045,2.695,350.43,1284.25,2390.53,19.5
1411.92,4.216,2.991,634.03,1978.68,2933.61,164.2
1124.97,3.998,2.662,342.95,1371.27,2414.51,30.5
1323.58,4.125,2.845,487.6,1750.3,2747.37,110.5
1123.17,4.072,2.689,364.91,1445.53,2512.18,42.5
1342.71,4.137,2.902,539.49,1816.92,2821.05,122.3
1425.4,4.148,2.913,566.29,1821.82,2831.97,132.3
1342.03,4.154,2.857,508.92,1788.42,2800.2,114.8
1271.89,4.139,2.887,502.3,1712.53,2755.68,104.9
1397.33,4.196,2.965,592.6,1878.03,2912.62,151.8
1053.27,4.002,2.715,311.97,1306.94,2361.14,14.3
1158.54,4.074,2.783,385.65,1486.46,2531.28,56.9
1083.46,4.073,2.726,340.31,1450.01,2570.97,43.0
1491.87,4.197,3.039,617.06,2017.66,2966.5,168.0
1171.16,4.064,2.779,400.29,1563.58,2628.32,66.8
1355.16,4.169,2.846,529.58,1815.49,2786.71,124.8
1348.3,4.175,2.922,510.61,1737.4,2766.95,116.7
1142.87,4.078,2.738,362.24,1448.13,2484.58,36.8
1140.08,4.034,2.734,375.62,1443.28,2510.61,41.4
1118.11,4.044,2.813,378.42,1493.26,2525.21,48.5
1204.9,4.056,2.75,421.12,1516.37,2627.15,70.5
1116.88,4.043,2.785,352.29,1450.52,2506.12,40.6
991.43,3.974,2.716,292.28,1273.88,2362.73,4.3
1443.12,4.164,2.99,602.44,1868.84,2896.25,149.6
1527.13,4.207,3.018,636.42,1992.66,2963.92,164.2
1164.25,4.07,2.767,397.38,1498.66,2552.19,58.7
1122.18,4.026,2.754,388.15,1525.29,2595.13,58.2
1020.43,4.024,2.718,278.72,1254.58,2356.74,2.2
1297.51,4.112,2.878,516.8,1817.41,2785.27,116.0
1425.6,4.144,2.911,569.2,1862.05,2887.4,140.5
1090.47,3.997,2.703,348.19,1362.98,2379.12,25.8
1078.65,4.011,2.721,323.94,1415.6,2420.64,28.0
1376.87,4.138,2.901,600.69,1836.25,2836.08,134.5
1290.07,4.102,2.887,512.35,1804.12,2772.86,105.2
1035.17,3.951,2.721,279.72,1343.83,2362.65,8.6
1279.22,4.124,2.871,508.95,1699.56,2790.93,106.2
1113.88,4.06,2.764,375.74,1490.89,2622.98,53.2
1204.39,4.113,2.747,406.17,1532.64,2603.65,63.3
1364.75,4.162,2.923,572.95,1791.8,2804.62,131.1
1400.42,4.151,2.858,554.95,1893.12,2862.49,138.0
1197.76,4.051,2.785,401.62,1540.15,2526.33,68.7
1478.48,4.187,2.981,637.3,1951.54,3034.98,161.1
1164.14,4.085,2.755,405.19,1563.93,2687.26,69.7
1333.6,4.142,2.889,516.8,1797.57,2806.14,131.4
1215.52,4.093,2.801,452.63,1619.09,2631.4,82.8
1452.96,4.217,2.967,609.48,1905.63,2906.98,152.7
1430.48,4.173,2.998,608.1,1914.28,2902.82,154.4
1043.61,3.972,2.7,310.78,1332.35,2324.0,15.8
1517.7,4.204,2.993,654.79,1928.67,2990.37,159.3
1357.92,4.17,2.886,587.97,1818.75,2837.31,140.5
1366.93,4.122,2.873,545.39,1844.96,2856.69,134.7
1148.11,4.042,2.74,344.86,1345.32,2426.66,35.0
1392.03,4.139,2.937,581.91,1782.6,2797.9,137.1
1399.64,4.178,2.932,600.79,1885.77,2872.15,144.7
1168.89,4.09,2.78,348.59,1469.43,2459.68,49.9
1474.65,4.186,2.968,620.77,1970.7,2967.27,161.9
1028.3,4.023,2.709,281.12,1332.12,2381.63,9.4
1083.57,3.998,2.694,337.0,1319.97,2447.1,26.3
1239.86,4.073,2.791,444.29,1633.15,2694.27,91.9
1249.71,4.152,2.808,495.57,1666.01,2735.97,98.3
1307.11,4.132,2.852,518.42,1739.81,2719.6,110.0
998.37,4.008,2.704,285.19,1297.28,2323.25,3.9
1478.05,4.215,3.029,612.98,1957.04,2960.21,163.3
1043.71,3.99,2.688,284.8,1310.02,2295.82,8.5
1097.17,4.038,2.737,332.11,1366.41,2386.71,25.2
1050.66,4.008,2.741,300.85,1261.11,2289.55,3.4
1260.58,4.084,2.825,468.29,1674.53,2698.1,96.8
1474.67,4.216,2.995,580.81,1883.13,2976.19,158.6
1332.84,4.156,2.843,517.39,1753.2,2754.21,113.5
1410.71,4.137,2.914,541.25,1905.88,2839.82,140.0
1010.18,3.998,2.727,256.08,1277.6,2337.67,3.2
1232.79,4.1,2.858,474.52,1716.68,2670.03,92.6
1231.14,4.116,2.79,411.64,1613.37,2603.98,78.7
1194.85,4.067,2.822,447.42,1667.38,2720.65,85.3
1039.49,4.078,2.73,305.89,1338.64,2414.38,13.2
1266.16,4.131,2.855,502.46,1776.12,2789.6,116.7
1206.17,4.111,2.77,448.31,1631.0,2640.6,86.0
1350.05,4.179,2.921,539.14,1772.97,2821.08,130.3
1258.34,4.089,2.831,439.4,1554.81,2615.5,83.0
1095.74,4.02,2.742,321.45,1371.69,2394.96,26.2
1297.67,4.117,2.844,492.69,1714.66,2755.05,110.6
1106.6,4.01,2.77,324.33,1377.43,2339.85,30.1
1451.55,4.179,2.961,579.47,1863.51,2968.46,148.4
1289.76,4.117,2.809,499.32,1740.07,2751.27,104.6
1047.26,4.014,2.673,322.81,1353.3,2394.18,27.6
1473.68,4.183,3.011,615.86,1937.85,3031.57,163.6
1244.48,4.111,2.82,444.64,1638.8,2696.4,88.6
1015.66,3.991,2.694,296.79,1360.02,2403.72,13.3
1309.86,4.117,2.908,485.93,1742.37,2730.87,106.9
1130.63,4.062,2.755,370.2,1430.47,2513.84,43.8
1403.51,4.164,2.888,554.1,1842.75,2798.29,136.8
1406.9,4.141,2.856,563.8,1909.05,2887.48,139.2
1506.41,4.195,3.047,650.02,2016.8,2971.48,166.4
1234.44,4.105,2.838,451.38,1652.02,2698.15,85.8
1221.44,4.106,2.851,417.47,1603.53,2613.09,77.9
1355.9,4.133,2.889,557.06,1814.22,2808.61,128.3
1056.75,4.008,2.767,335.81,1427.75,2459.52,23.4
1294.35,4.092,2.781,473.96,1692.24,2735.11,93.4
1209.47,4.092,2.812,465.66,1661.56,2721.27,93.3
1075.25,4.018,2.676,306.9,1360.29,2401.55,16.1
1183.38,4.09,2.809,398.6,1558.09,2630.8,71.6
1400.25,4.19,2.903,563.92,1838.7,2889.43,145.2
1427.09,4.168,2.955,584.64,1858.35,2866.47,145.7
1020.16,3.984,2.671,312.56,1331.31,2403.29,17.8
1033.45,4.024,2.759,305.95,1323.67,2315.58,16.3
1106.62,4.049,2.734,360.89,1434.84,2552.31,45.4
1425.11,4.175,2.965,614.44,1882.92,2910.06,148.8
1049.75,3.992,2.661,345.52,1404.27,2403.45,22.8
1388.39,4.138,2.837,512.28,1841.09,2770.67,122.7
1103.13,3.988,2.685,317.24,1385.8,2443.93,18.1
1248.27,4.131,2.872,491.19,1649.47,2770.53,106.3
1183.7,4.057,2.788,403.51,1554.06,2571.82,61.2
1406.0,4.146,2.943,583.31,1860.03,2877.15,134.3
1128.59,4.009,2.693,386.11,1435.39,2484.15,40.5
1290.48,4.145,2.867,507.46,1711.14,2786.44,109.0
1109.79,4.035,2.722,354.52,1428.73,2467.19,40.8
1326.37,4.142,2.855,520.86,1811.07,2804.6,121.6
1419.55,4.159,2.937,630.81,1913.99,2935.09,148.7
1038.71,3.985,2.711,308.97,1400.26,2352.35,22.4
1423.34,4.162,2.969,602.77,1921.44,2856.91,147.5
1246.43,4.108,2.87,475.06,1735.68,2795.66,101.3
1064.09,4.024,2.73,300.49,1382.9,2374.07,22.5
1172.18,4.073,2.807,443.8,1538.26,2670.96,73.3
1088.6,4.01,2.776,304.58,1338.71,2416.93,28.2
1321.21,4.107,2.895,488.69,1790.81,2750.73,119.4
1375.93,4.151,2.891,555.3,1833.29,2882.45,129.2
1087.18,3.997,2.727,309.71,1331.02,2418.96,18.9
1280.73,4.123,2.861,452.76,1636.23,2691.74,86.5
1335.02,4.164,2.896,568.03,1843.78,2825.27,138.7
1443.48,4.198,2.983,630.08,1935.67,2973.95,159.2
1237.0,4.093,2.856,444.56,1591.15,2546.24,87.8
1483.68,4.194,2.999,640.93,1962.73,2981.68,161.6
1214.13,4.085,2.842,471.16,1634.71,2647.09,91.5
1163.2,4.05,2.817,429.67,1560.01,2644.56,67.6
1419.51,4.169,2.901,601.44,1830.36,2933.16,144.3
1236.75,4.106,2.794,439.89,1637.37,2661.35,84.3
1233.93,4.051,2.836,444.3,1588.68,2682.91,80.8
1244.43,4.084,2.801,446.77,1585.39,2748.0,83.9
1423.95,4.205,2.878,588.19,1868.68,2892.72,144.1
1412.34,4.174,2.915,555.65,1822.62,2898.35,141.6
1193.5,4.106,2.805,420.97,1546.56,2543.8,69.2
1176.27,4.048,2.801,394.85,1509.42,2511.8,57.3
1178.14,4.085,2.807,468.4,1620.73,2616.63,84.1
1312.26,4.13,2.845,488.59,1691.04,2710.07,97.8
1061.95,4.053,2.729,357.01,1422.68,2497.91,41.3
1360.23,4.155,2.94,557.89,1865.13,2831.5,135.2
1225.83,4.068,2.847,424.06,1622.61,2660.98,83.2
1176.81,4.084,2.786,413.24,1530.73,2586.92,57.5
985.69,4.064,2.706,298.59,1400.0,2402.51,19.1
1116.59,4.01,2.753,326.89,1393.52,2526.87,41.4
1491.42,4.217,3.036,640.45,1949.13,2894.95,161.4
1171.71,4.046,2.757,377.66,1463.11,2464.3,52.6
1069.42,4.02,2.748,337.11,1456.3,2461.92,29.5
1211.6,4.093,2.808,432.62,1613.99,2642.0,78.9
1132.35,4.031,2.799,361.14,1496.0,2532.11,52.9
1021.19,3.998,2.715,299.51,1338.33,2352.45,6.9
1129.23,4.026,2.745,377.49,1498.98,2494.32,55.6
1237.28,4.114,2.863,453.39,1670.34,2620.33,93.0
1274.11,4.151,2.837,484.52,1648.19,2730.96,94.2
1173.61,4.053,2.765,405.42,1481.14,2605.97,61.3
1225.04,4.081,2.752,390.54,1613.42,2595.79,76.6
1486.01,4.19,3.03,637.52,1944.4,2891.63,164.2
1197.53,4.09,2.829,416.63,1559.2,2570.57,64.8
1147.82,4.053,2.662,342.42,1485.95,2469.06,44.6
1075.78,4.06,2.66,343.44,1375.91,2519.53,42.1
1196.38,4.077,2.819,443.79,1625.33,2591.9,78.4
1363.23,4.158,2.905,538.26,1823.4,2863.61,129.4
1102.33,3.967,2.752,314.92,1388.39,2465.54,35.8
1326.06,4.153,2.862,542.53,1725.92,2852.94,120.9
1048.14,3.971,2.627,287.44,1291.07,2360.88,4.6
1248.84,4.072,2.76,420.65,1560.89,2588.34,71.8
1382.28,4.168,2.951,551.11,1860.84,2861.16,132.1
1164.25,4.031,2.751,404.36,1511.48,2550.47,58.2
1290.42,4.131,2.814,451.21,1638.01,2640.89,96.3
1055.81,4.032,2.653,354.24,1370.18,2485.08,35.6
1360.54,4.175,2.836,557.63,1806.99,2821.24,126.4
1062.47,3.984,2.731,278.57,1313.93,2273.98,9.8
1402.52,4.133,2.934,573.26,1925.88,2841.05,145.1
1068.85,4.032,2.76,366.84,1397.4,2433.53,34.5
1425.8,4.186,2.931,610.04,1915.53,2948.71,148.8
1166.94,4.078,2.724,379.9,1515.25,2533.87,60.6
1327.04,4.119,2.875,511.74,1707.05,2839.84,123.1
1205.65,4.025,2.742,385.27,1517.35,2568.66,54.9
1435.69,4.174,2.948,612.58,1914.37,2928.02,154.1
1040.05,4.028,2.69,319.54,1383.33,2439.02,22.4
1088.67,4.038,2.722,371.1,1403.8,2441.03,31.2
1257.35,4.126,2.791,451.2,1589.68,2624.23,84.3
1050.64,4.001,2.676,294.71,1328.33,2369.97,14.8
1110.69,3.995,2.784,357.35,1409.7,2423.43,34.1
1446.76,4.212,3.016,625.35,1961.86,2993.84,160.5
1523.98,4.199,3.041,629.1,1997.08,3002.77,166.0
1193.46,4.075,2.772,413.78,1536.89,2637.15,64.6
1483.41,4.199,3.006,637.46,1992.92,2944.75,157.0
1269.0,4.13,2.837,463.83,1682.08,2704.85,93.1
1151.61,4.047,2.716,350.16,1491.29,2516.14,46.6
1317.42,4.161,2.829,523.45,1797.71,2817.74,119.7
1304.65,4.14,2.791,490.06,1742.91,2784.36,112.4
1527.54,4.185,3.111,648.41,2013.49,2962.57,168.2
1167.89,4.042,2.733,374.62,1495.62,2506.38,45.8
1294.98,4.144,2.881,479.96,1754.16,2777.04,114.6
1044.13,3.988,2.704,309.47,1345.15,2447.64,9.8
1052.65,4.033,2.739,310.98,1315.74,2331.2,20.2
1000.97,3.995,2.686,276.84,1314.81,2358.95,1.7
1506.82,4.208,3.051,629.84,1976.45,3061.27,169.9
1420.15,4.188,2.885,546.82,1808.91,2827.97,136.6
1394.66,4.163,2.899,582.85,1827.91,2940.51,134.0
1234.75,4.099,2.763,460.34,1637.62,2672.95,87.1
1157.45,4.052,2.729,394.12,1492.53,2516.69,51.7
1070.34,4.02,2.684,314.95,1418.92,2429.53,26.6
1147.96,4.057,2.741,396.65,1455.06,2522.36,49.1
1214.19,4.097,2.759,399.17,1585.09,2585.84,64.5
1315.4,4.137,2.9,531.91,1862.73,2786.66,128.8
1277.27,4.09,2.845,442.5,1659.87,2704.66,92.2
1009.89,4.033,2.696,290.3,1305.76,2307.71,14.1
1054.78,3.984,2.646,277.98,1365.86,2320.43,4.0
1042.77,4.017,2.647,299.85,1398.96,2379.25,18.3
1164.94,4.065,2.788,425.66,1565.96,2601.32,70.4
1480.08,4.152,2.973,658.76,1907.31,2951.68,158.7
1315.13,4.128,2.847,492.26,1743.33,2763.3,108.7
1366.41,4.181,2.926,559.31,1830.01,2811.1,136.5
1190.52,4.087,2.842,404.0,1626.38,2637.66,79.8
1167.98,4.037,2.718,381.41,1532.56,2530.17,62.1
1031.13,4.016,2.68,290.73,1303.4,2409.18,19.3
1404.74,4.159,2.952,606.69,1868.75,2985.31,149.0
1384.37,4.102,2.874,583.9,1810.72,2855.86,133.4
1062.39,4.025,2.679,316.71,1440.87,2499.1,29.4
1254.63,4.109,2.851,445.49,1613.74,2677.66,87.6
1269.18,4.117,2.773,435.72,1547.05,2624.41,83.4
1296.09,4.157,2.808,501.42,1709.59,2752.93,106.6
1473.15,4.202,2.97,627.14,1950.38,2881.24,160.9
1327.58,4.131,2.865,505.48,1730.05,2722.93,99.0
1227.92,4.078,2.799,447.64,1698.95,2736.94,92.3
1066.97,4.034,2.656,311.75,1273.24,2318.07,9.5
1069.12,4.03,2.675,292.91,1332.67,2409.78,11.6
1116.17,4.023,2.726,314.79,1428.49,2412.85,32.7
1062.21,4.012,2.721,314.62,1297.04,2340.68,6.5
1367.55,4.158,2.915,566.51,1808.89,2781.8,126.6
1335.52,4.172,2.859,536.37,1821.77,2810.99,123.2
1100.24,4.017,2.7,313.79,1378.7,2533.93,24.0
1438.04,4.151,2.996,560.2,1893.83,2864.19,142.3
1108.47,4.014,2.75,337.28,1424.8,2420.97,27.2
1146.19,4.072,2.747,343.17,1469.87,2525.87,51.9
1103.86,4.005,2.673,371.23,1470.93,2484.62,43.1
1182.37,4.009,2.759,392.64,1519.85,2618.41,63.9
1147.84,4.062,2.704,353.38,1483.18,2468.96,44.0
1258.29,4.099,2.779,423.92,1597.76,2664.45,83.6
1183.19,4.077,2.753,389.46,1571.08,2580.84,69.9
1500.33,4.171,3.045,642.98,1982.7,3055.15,167.7
1006.77,3.969,2.701,302.78,1333.83,2371.93,10.5
1100.1,4.008,2.696,323.7,1348.71,2424.65,25.0
1018.63,4.009,2.66,315.39,1305.84,2388.49,9.9
1319.81,4.11,2.842,492.36,1714.61,2802.26,106.8
1010.17,4.021,2.684,310.18,1283.04,2401.58,10.2
1435.7,4.147,2.876,555.4,1855.76,2922.89,142.4
1251.85,4.088,2.83,441.79,1583.81,2717.25,87.5
1231.61,4.115,2.794,476.22,1655.23,2677.27,90.1
1285.41,4.101,2.819,481.46,1692.9,2783.06,95.9
1072.94,4.02,2.717,338.75,1351.74,2471.81,29.9
1118.03,4.02,2.73,336.33,1376.67,2478.7,34.4
1146.21,4.041,2.764,366.85,1466.82,2532.85,54.9
1240.93,4.122,2.798,471.05,1654.21,2662.53,101.3
1080.14,4.045,2.742,355.44,1432.29,2467.15,36.5
1053.8,4.02,2.702,287.63,1335.86,2367.3,20.7
1517.43,4.181,3.061,663.29,1984.26,2961.75,164.9
1048.2,3.992,2.716,308.87,1271.32,2344.44,4.7
1432.45,4.191,2.956,581.34,1838.15,2918.86,136.7
1425.41,4.127,2.882,566.15,1868.43,2849.87,134.2
1129.93,4.091,2.792,375.39,1445.84,2483.33,51.2
1067.98,4.022,2.719,328.78,1352.77,2357.03,23.9
1066.65,4.018,2.739,320.62,1388.92,2378.2,25.6
1319.9,4.156,2.893,551.52,1759.7,2878.71,118.9
1262.72,4.084,2.867,496.0,1734.37,2732.97,109.6
1380.89,4.182,2.875,547.59,1833.33,2779.66,133.3
1432.93,4.224,3.025,617.68,1906.28,2968.98,159.4
1333.0,4.157,2.881,506.69,1807.13,2764.91,117.9
1134.19,3.982,2.676,341.33,1380.34,2427.2,27.3
1106.58,4.057,2.726,348.6,1491.07,2521.63,42.1
1417.88,4.2,2.9,578.01,1888.52,2940.96,143.3
1127.01,4.066,2.69,365.67,1459.26,2459.7,36.4
1053.32,3.978,2.728,320.66,1357.94,2386.22,13.3
1347.02,4.158,2.831,506.75,1810.48,2849.44,119.9
1182.58,4.111,2.741,427.03,1547.89,2561.97,69.0
1449.63,4.184,3.043,592.64,1991.64,2894.52,156.5
1288.54,4.098,2.842,478.48,1720.06,2780.34,110.9
1074.88,4.027,2.726,304.88,1350.11,2343.36,16.3
1427.28,4.21,3.039,630.71,1985.4,2946.76,161.2
1150.29,4.042,2.768,357.85,1548.83,2496.62,44.7
1126.35,4.038,2.768,393.62,1541.29,2557.31,58.0
1215.59,4.095,2.78,403.58,1538.61,2581.28,69.0
1028.72,3.987,2.714,267.62,1321.18,2398.26,9.7
1205.54,4.103,2.8,439.91,1581.47,2653.27,84.9
1081.98,4.048,2.734,296.64,1405.42,2340.89,21.8
1214.14,4.042,2.773,408.83,1459.67,2601.08,68.8
1156.67,4.083,2.763,372.78,1512.78,2564.15,60.3
1394.04,4.148,2.96,558.35,1891.67,2832.48,131.6
1334.98,4.155,2.902,583.62,1871.52,2855.25,136.7
1047.24,4.034,2.721,302.52,1396.36,2406.42,26.9
1207.23,4.052,2.784,366.32,1493.36,2534.59,62.9
1172.48,4.046,2.788,394.76,1573.84,2633.55,64.1
1032.84,3.987,2.728,344.79,1352.87,2449.92,26.6
1372.13,4.183,2.877,563.65,1817.97,2888.8,135.9
1318.66,4.131,2.881,517.3,1816.44,2790.6,120.5
1091.98,4.042,2.736,323.61,1378.38,2415.21,33.2
1165.73,4.058,2.806,407.86,1485.33,2447.65,63.0
1064.62,3.99,2.732,337.34,1320.62,2440.34,18.9
1299.64,4.135,2.884,464.34,1723.61,2828.16,107.2
1100.67,4.023,2.683,323.28,1344.94,2350.8,21.5
1502.7,4.192,3.021,681.73,2043.55,2911.62,167.6
1391.61,4.16,2.916,544.77,1832.74,2875.69,132.9
1215.04,4.053,2.812,402.21,1508.66,2656.38,67.0
1266.81,4.133,2.826,472.78,1625.43,2681.78,98.8
1419.1,4.207,2.955,603.91,1958.34,3017.29,155.0
1294.6,4.122,2.776,480.52,1672.62,2715.01,94.6
1092.67,4.02,2.736,361.89,1414.24,2340.51,30.5
1184.03,4.071,2.771,375.53,1524.89,2623.07,65.0
1397.69,4.199,2.923,566.29,1883.72,2882.34,143.5
1294.05,4.151,2.881,517.32,1765.47,2751.28,109.9
1333.94,4.167,2.853,510.19,1734.73,2750.06,111.0
1450.94,4.157,2.949,597.08,1862.75,2911.76,147.5
1460.72,4.16,2.993,612.83,1939.66,2892.89,152.1
1475.12,4.186,3.049,615.22,1927.37,2898.09,156.4
1069.8,4.019,2.694,318.29,1371.18,2411.5,17.0
1262.81,4.102,2.795,455.45,1657.12,2639.71,93.0
1354.66,4.138,2.86,533.82,1827.33,2779.23,126.1
1397.91,4.175,2.911,542.56,1829.02,2754.01,128.9
1281.23,4.116,2.808,477.95,1741.05,2768.49,103.5
1095.22,4.002,2.712,339.55,1419.6,2530.18,29.2
1368.95,4.136,2.906,565.34,1805.23,2807.42,135.8
1331.94,4.147,2.928,500.92,1729.98,2778.92,122.7
1046.04,4.069,2.741,305.48,1334.05,2381.06,15.6
1200.52,4.069,2.752,431.26,1616.38,2667.14,79.4
1109.0,4.021,2.772,357.66,1373.87,2437.02,30.4
1127.86,4.11,2.727,382.82,1522.03,2615.06,58.0
1026.58,3.985,2.696,290.64,1303.27,2306.58,4.1
1193.93,4.084,2.755,407.41,1550.83,2591.64,68.7
1217.08,4.144,2.811,482.32,1641.5,2693.96,93.9
1286.0,4.102,2.816,471.11,1680.99,2669.58,105.7
1325.67,4.124,2.911,494.44,1818.4,2764.54,113.1
1420.55,4.156,2.929,564.59,1810.26,2899.96,142.3
1101.92,4.006,2.741,347.76,1386.81,2407.26,37.4
1083.22,4.048,2.681,296.2,1437.43,2374.56,21.4
1415.32,4.157,2.898,605.9,1854.51,2970.74,144.9
1081.96,4.006,2.707,335.66,1366.95,2398.41,27.5
1492.11,4.186,3.05,647.25,2000.77,2987.65,165.7
1436.37,4.186,2.933,611.58,1893.07,2879.65,143.4
1221.55,4.098,2.838,439.2,1638.3,2634.49,85.6
1477.38,4.18,3.047,654.34,2030.4,2939.28,166.9
1039.9,4.02,2.708,320.54,1315.15,2403.54,17.5
1137.63,4.071,2.771,398.78,1489.83,2488.87,52.2
1342.09,4.124,2.855,506.65,1723.71,2735.93,108.9
1181.62,4.06,2.795,383.7,1491.09,2606.89,60.2
1431.75,4.205,3.006,623.95,1947.57,2915.29,157.9
1028.46,4.001,2.728,292.92,1339.49,2413.82,12.1
1271.44,4.138,2.844,455.3,1677.74,2673.87,93.9
1259.98,4.099,2.877,477.78,1722.56,2711.9,100.9
1295.66,4.112,2.882,499.19,1734.85,2780.74,111.3
1158.35,4.027,2.796,346.88,1421.45,2438.01,44.2
1158.67,4.063,2.755,362.23,1486.19,2596.33,62.6
1437.68,4.167,2.962,584.99,1865.66,2852.74,143.6
1129.49,4.005,2.688,346.68,1369.35,2461.11,33.9
1386.44,4.166,2.957,578.8,1845.39,2834.21,140.7
1246.4,4.12,2.829,495.87,1634.39,2715.76,96.1
1363.51,4.121,2.927,523.13,1798.13,2781.07,129.8
1317.83,4.13,2.929,549.57,1834.83,2781.17,121.6
1106.59,4.046,2.756,382.45,1414.83,2440.29,36.1
1266.55,4.088,2.816,496.06,1721.51,2725.7,97.1
1435.83,4.166,2.917,585.68,1910.39,2966.77,147.6
1240.48,4.103,2.805,426.47,1556.97,2594.36,74.0
1501.69,4.229,3.016,623.19,1970.32,2962.98,164.4
1227.32,4.094,2.814,416.66,1540.49,2597.52,77.4
1026.58,4.018,2.703,351.11,1364.53,2481.63,25.1
1196.62,4.063,2.749,415.28,1505.97,2572.92,66.8
1516.03,4.208,3.002,639.44,1980.44,2985.37,161.8
1078.21,4.081,2.774,364.35,1483.17,2552.38,55.0
1444.26,4.149,2.954,568.98,1889.04,2876.89,147.7
1430.19,4.193,2.933,612.63,1895.68,2940.15,149.9
1146.14,4.052,2.821,397.72,1544.54,2607.33,60.2
1070.78,3.991,2.7,303.22,1307.74,2361.78,15.1
1393.48,4.139,2.815,556.77,1760.85,2849.52,123.5
1169.13,4.076,2.785,387.37,1500.75,2543.17,53.6
1372.08,4.161,2.907,542.04,1866.0,2803.47,133.3
1186.96,4.089,2.787,394.33,1593.11,2681.92,75.8
1234.53,4.1,2.798,447.65,1679.35,2678.93,83.0
1400.53,4.163,2.9,545.66,1801.6,2796.5,132.5
1172.57,4.069,2.826,400.28,1475.29,2541.87,65.6
1203.51,4.096,2.806,420.25,1598.12,2671.88,75.9
1249.93,4.057,2.782,421.7,1531.32,2535.87,64.6
1202.25,4.081,2.764,409.86,1543.82,2515.66,63.1
1279.38,4.118,2.868,452.13,1668.84,2613.45,89.9
1358.6,4.174,2.945,563.83,1807.23,2841.97,137.7
1155.04,4.082,2.8,399.64,1517.14,2593.78,62.1
1251.67,4.11,2.824,472.72,1659.5,2685.22,89.6
1297.94,4.155,2.893,510.33,1757.05,2723.85,114.4
1170.86,4.002,2.759,356.11,1455.92,2492.17,46.5
1169.72,4.066,2.738,349.27,1488.96,2534.09,47.9
1449.48,4.226,3.005,618.56,1978.24,2919.8,158.7
1394.8,4.13,2.946,512.33,1727.22,2803.39,123.3
1275.74,4.097,2.838,477.9,1727.74,2780.02,98.5
1375.99,4.152,2.893,506.8,1695.66,2761.52,110.5
1032.25,3.979,2.729,310.19,1316.44,2408.39,6.0
1310.69,4.107,2.862,485.32,1700.57,2707.35,105.5
1277.63,4.101,2.861,463.01,1668.89,2648.16,87.1
1292.26,4.089,2.757,485.11,1679.16,2739.96,93.2
1184.4,4.084,2.714,395.63,1541.77,2566.4,61.7
1046.49,3.992,2.756,340.71,1339.91,2329.39,14.8
1110.26,4.039,2.71,362.22,1392.71,2534.14,33.7
1452.02,4.195,3.012,620.42,1932.04,2977.25,161.7
1198.34,4.11,2.835,455.64,1517.47,2672.22,70.1
1194.26,4.112,2.804,430.96,1581.61,2609.18,79.9
993.65,3.992,2.749,319.93,1341.45,2352.47,9.9
1033.25,3.974,2.683,304.08,1273.98,2376.35,7.3
1378.46,4.158,2.899,532.28,1820.27,2862.32,122.2
1279.71,4.091,2.821,477.72,1621.19,2726.03,91.9
1240.19,4.091,2.855,449.49,1625.73,2568.2,87.0
1162.85,4.021,2.733,355.14,1456.54,2457.83,42.1
1347.04,4.16,2.862,538.28,1835.46,2830.92,126.9
1038.64,4.013,2.709,315.8,1380.73,2466.64,29.4
1041.38,4.03,2.716,355.61,1420.94,2436.3,33.1
1189.61,4.087,2.777,419.94,1602.48,2616.38,78.9
1158.8,4.055,2.731,373.34,1465.4,2523.84,49.4
1105.22,4.056,2.775,357.97,1414.84,2454.29,42.8
1321.51,4.121,2.896,508.14,1743.71,2731.1,110.0
1354.06,4.112,2.868,501.08,1735.58,2767.48,111.0
1376.01,4.126,2.908,568.32,1855.34,2877.91,140.3
1210.73,4.08,2.767,420.84,1568.81,2556.68,71.6
1060.02,4.003,2.64,309.7,1344.78,2383.39,13.4
1111.22,4.034,2.759,350.17,1413.74,2523.11,47.2
1522.62,4.197,3.021,639.21,1968.05,3041.32,166.6
1278.15,4.133,2.882,499.1,1665.21,2722.18,101.8
1333.45,4.162,2.836,561.57,1751.48,2846.48,120.9
1072.57,3.962,2.671,260.61,1260.44,2248.34,2.2
1259.92,4.092,2.811,463.14,1670.49,2668.76,88.6
1055.11,4.018,2.709,296.23,1314.01,2329.38,7.3
1305.77,4.142,2.883,460.88,1641.65,2685.8,97.2
1439.57,4.167,2.943,607.79,1944.17,2962.59,156.6
1513.52,4.221,3.018,621.49,1988.29,2905.2,164.7
1245.22,4.077,2.777,438.57,1642.99,2618.56,92.4
1204.33,4.11,2.82,434.72,1555.68,2654.14,78.4
1462.45,4.183,2.984,651.79,1924.65,2969.72,160.7
1308.9,4.163,2.861,515.52,1703.95,2747.24,114.8
1063.73,3.996,2.696,304.99,1386.39,2419.45,12.0
1228.22,4.082,2.802,422.28,1547.84,2676.5,79.7
1105.63,4.039,2.735,341.42,1403.4,2497.98,41.6
1240.35,4.059,2.77,433.43,1601.92,2582.52,80.4
1209.76,4.051,2.798,412.52,1537.52,2682.2,78.0
1270.1,4.123,2.809,491.51,1649.33,2638.45,99.4
1171.63,4.085,2.793,384.96,1525.67,2517.58,61.3
1096.48,4.038,2.724,319.1,1395.13,2465.9,28.8
1249.57,4.071,2.778,479.16,1639.35,2601.42,86.1
1397.48,4.174,3.002,594.25,1890.71,2938.49,141.3
1340.72,4.11,2.91,488.5,1743.2,2847.01,113.2
1156.41,4.07,2.837,374.19,1488.62,2575.32,58.2
1447.61,4.209,2.985,617.86,1963.7,2926.11,159.1
1414.42,4.189,2.953,608.0,1973.71,2887.7,155.2
1128.94,4.064,2.757,338.76,1438.32,2402.59,36.4
1033.05,3.996,2.729,315.22,1279.36,2362.66,7.7
1364.74,4.142,2.896,540.72,1820.5,2826.72,126.3
1431.32,4.165,2.865,573.11,1884.05,2889.68,140.9
1470.03,4.166,2.997,626.22,1937.9,3033.86,164.6
1404.5,4.169,2.976,584.79,1907.81,2955.61,151.4
1289.22,4.11,2.819,472.32,1714.57,2738.95,102.5
1260.33,4.096,2.776,441.96,1680.96,2682.89,90.6
1021.47,4.002,2.685,273.03,1278.21,2302.18,5.7
1157.58,4.013,2.644,373.58,1401.73,2508.28,42.7
1156.46,4.064,2.778,443.4,1610.57,2640.99,78.7
1329.53,4.145,2.836,486.87,1710.71,2789.2,107.2
1285.76,4.067,2.835,485.02,1673.1,2708.26,95.2
1371.58,4.159,2.907,546.96,1808.78,2918.95,126.5
1052.06,4.042,2.761,351.86,1472.82,2558.28,48.3
1301.88,4.112,2.855,446.28,1659.12,2628.73,96.5
1027.12,4.041,2.701,313.71,1364.9,2392.47,15.9
1184.17,4.075,2.74,420.34,1537.03,2651.37,70.9
1359.84,4.16,2.895,521.81,1816.68,2804.07,127.8
1344.79,4.137,2.845,510.25,1777.96,2764.15,118.2
1510.72,4.196,3.019,658.51,1986.85,3060.85,168.4
1156.94,4.045,2.766,391.02,1490.86,2470.06,48.0
1257.54,4.109,2.765,444.65,1609.11,2681.17,85.2
1164.26,4.045,2.782,385.31,1571.99,2539.74,56.7
1219.97,4.061,2.752,415.91,1588.8,2646.51,75.5
1393.71,4.172,2.935,608.56,1926.78,2878.68,145.8
1311.11,4.138,2.851,522.79,1786.05,2757.06,116.6
1457.21,4.139,2.993,584.71,1951.84,2963.6,150.1
1122.75,4.034,2.749,355.55,1418.43,2523.29,35.4
1447.97,4.149,2.928,582.86,1935.99,2905.81,148.6
1028.2,4.016,2.695,286.67,1362.45,2381.54,11.1
1460.95,4.141,3.002,593.31,1922.49,2957.29,151.2
1128.7,4.098,2.807,371.4,1481.81,2551.5,56.6
1178.08,4.05,2.717,365.92,1547.52,2561.65,54.2
1237.36,4.081,2.851,427.48,1633.68,2735.66,87.5
1508.95,4.182,3.037,612.62,1956.32,2906.56,160.0
998.12,4.012,2.702,289.54,1318.92,2396.24,9.1
1212.41,4.083,2.765,371.82,1495.53,2644.79,60.5
1411.74,4.165,2.927,594.19,1899.55,2944.24,145.8
1179.13,4.045,2.742,380.58,1560.43,2539.05,67.9
1104.8,4.009,2.741,336.75,1412.51,2522.87,34.7
1184.67,4.086,2.782,427.02,1568.42,2607.3,72.8
1181.92,4.091,2.789,420.44,1535.88,2605.54,66.2
1434.44,4.205,2.994,603.22,1923.06,2983.45,155.7
1352.76,4.154,2.974,561.26,1839.38,2895.19,129.8
1252.67,4.116,2.845,440.4,1636.78,2629.41,86.4
1470.92,4.236,3.072,678.5,2018.88,2994.55,168.0
1202.12,4.112,2.734,409.58,1583.73,2646.75,79.6
1006.12,4.022,2.711,285.4,1351.59,2328.34,10.8
1115.06,4.03,2.793,364.83,1482.98,2530.3,45.3
1240.22,4.102,2.777,402.15,1571.18,2605.26,74.7
1060.59,4.033,2.787,318.89,1364.04,2431.99,27.5
1452.37,4.202,3.022,632.97,1977.12,2944.29,161.1
1377.72,4.177,2.909,550.97,1773.7,2863.3,130.6
1121.07,4.054,2.717,363.83,1447.95,2479.44,46.3
1338.32,4.113,2.881,477.59,1698.7,2718.65,100.8
1345.05,4.12,2.857,492.54,1782.7,2809.53,122.9
1475.55,4.182,2.983,625.59,1922.29,2938.12,160.1
1457.98,4.18,2.902,587.44,1911.23,2845.75,150.0
1268.5,4.104,2.839,444.06,1605.39,2696.41,88.1
1382.82,4.158,2.922,527.49,1834.99,2844.21,131.9
1264.37,4.128,2.827,477.19,1657.73,2686.78,96.0
1314.34,4.124,2.846,471.82,1658.44,2693.11,94.4
1061.39,4.014,2.731,299.43,1330.89,2434.16,20.4
1057.64,4.001,2.703,322.97,1386.44,2494.34,22.3
1236.23,4.109,2.793,479.6,1641.37,2609.97,90.5
1087.42,4.092,2.695,366.64,1438.66,2520.31,46.4
1045.83,4.002,2.686,259.81,1289.5,2319.6,4.6
1291.14,4.136,2.843,521.46,1840.28,2867.21,123.2
1029.78,4.009,2.699,295.13,1310.73,2293.44,6.5
1279.73,4.127,2.833,511.41,1725.99,2727.13,101.6
1313.1,4.115,2.808,440.36,1604.41,2678.97,92.1
1436.71,4.221,3.058,633.56,1969.83,2933.77,164.7
1207.88,4.1,2.774,422.29,1582.99,2622.04,82.8
1039.24,4.031,2.645,315.23,1305.75,2354.36,11.7
1258.3,4.111,2.817,457.67,1638.86,2699.73,94.2
1398.68,4.197,2.913,538.46,1916.22,2795.28,143.1
1496.2,4.223,3.08,642.66,2019.05,2986.54,169.5
1173.23,4.1,2.761,417.37,1551.71,2642.25,73.7
1162.67,4.074,2.772,387.21,1482.68,2590.76,55.1
1390.03,4.227,2.945,610.69,1938.61,2948.46,154.2
1095.86,4.053,2.699,349.88,1434.12,2473.31,33.3
1279.93,4.103,2.862,485.57,1739.75,2686.35,105.0
1218.54,4.081,2.78,411.7,1575.9,2581.56,69.6
1077.3,3.995,2.66,295.82,1360.8,2301.97,7.9
1157.78,4.105,2.738,384.19,1528.35,2548.37,59.7
1163.74,4.072,2.735,371.89,1444.94,2592.66,45.8
1322.95,4.175,2.834,527.91,1736.37,2843.43,116.9
1447.19,4.174,2.998,626.08,1927.84,2996.42,161.3
1173.88,4.069,2.739,356.9,1423.94,2515.44,46.3
1409.55,4.133,2.893,550.56,1875.25,2860.5,138.1
1039.37,3.971,2.718,305.01,1363.57,2387.24,10.4
1273.76,4.096,2.789,443.04,1655.13,2660.4,91.9
1052.35,4.036,2.739,306.42,1380.8,2457.86,12.9
1461.43,4.166,2.987,622.09,1949.65,2987.82,158.9
1339.45,4.151,2.881,563.9,1839.11,2878.48,130.5
1309.69,4.152,2.875,524.84,1692.45,2746.08,112.2
1418.76,4.18,2.928,526.51,1888.82,2860.62,140.2
1308.08,4.171,2.878,496.9,1713.08,2729.14,110.4
1505.13,4.194,2.967,604.32,2000.77,2928.63,164.8
1354.82,4.131,2.895,543.84,1820.09,2859.6,121.7
1436.03,4.162,2.971,615.59,1950.73,2975.53,157.3
1213.35,4.092,2.814,467.6,1649.76,2653.75,88.4
1060.93,3.994,2.709,321.47,1360.67,2377.97,20.8
1238.61,4.066,2.857,434.15,1663.95,2736.23,90.3
1077.4,4.057,2.658,305.99,1419.91,2429.36,22.4
1265.51,4.116,2.885,476.59,1692.02,2704.44,101.1
1214.19,4.144,2.824,446.22,1616.7,2693.36,82.5
1324.86,4.104,2.851,491.04,1660.43,2817.9,106.2
1024.57,3.985,2.646,289.63,1298.54,2308.09,2.7
1080.49,4.016,2.679,335.77,1386.42,2437.12,33.9
1234.27,4.081,2.789,457.83,1612.18,2643.96,84.0
1506.77,4.207,3.027,629.69,1975.88,2977.81,161.6
1190.17,4.083,2.776,403.51,1492.69,2578.85,65.8
1216.73,4.097,2.804,421.38,1584.09,2549.28,72.7
1326.81,4.167,2.836,520.49,1789.68,2767.84,121.8
1314.77,4.139,2.841,477.69,1721.06,2734.1,103.0
1202.02,4.033,2.787,381.55,1462.54,2583.77,51.5
1175.74,4.067,2.827,423.85,1593.84,2607.13,70.4
1078.46,4.039,2.697,361.47,1434.66,2506.18,37.8
1485.33,4.267,3.013,631.58,1952.27,2990.28,164.3
1092.47,4.034,2.705,323.47,1325.17,2404.69,23.1
1175.08,4.071,2.754,389.65,1516.6,2537.3,63.8
1000.9,4.01,2.72,303.16,1322.41,2356.63,5.4
1107.08,4.025,2.822,335.36,1441.68,2521.07,38.5
1395.01,4.159,2.873,557.1,1767.19,2798.68,132.9
1090.63,4.052,2.744,356.28,1404.2,2480.93,35.0
1064.61,4.007,2.713,308.66,1336.06,2355.24,14.5
1254.83,4.075,2.81,439.27,1663.25,2655.54,81.2
1026.84,3.992,2.729,282.86,1324.46,2301.52,2.7
1050.68,4.003,2.716,280.33,1330.09,2386.46,15.3
1415.22,4.133,2.855,555.07,1857.54,2830.06,137.5
1353.9,4.141,2.86,550.69,1783.89,2882.0,131.4
1428.87,4.154,2.948,601.38,1855.45,2943.84,155.7
1413.0,4.145,2.92,592.48,1875.86,2971.58,145.4
1317.05,4.111,2.863,492.08,1788.73,2795.18,116.5
1017.93,4.021,2.692,269.76,1319.27,2319.21,9.8
1427.08,4.184,2.853,565.19,1810.88,2787.41,133.3
1469.1,4.137,2.889,576.65,1908.27,2950.68,143.9
1381.09,4.19,2.851,566.77,1899.43,2838.16,136.0
1244.42,4.075,2.764,439.33,1585.83,2624.99,86.9
1109.98,4.055,2.768,361.51,1434.39,2533.01,40.4
1442.39,4.173,2.929,601.61,1864.78,2876.34,143.9
1384.73,4.156,2.856,553.21,1792.8,2849.46,123.9
1444.75,4.173,2.985,631.48,1971.34,3000.86,166.7
1093.12,3.987,2.69,322.82,1466.96,2351.16,27.3
1078.82,4.022,2.755,353.31,1427.4,2500.01,39.1
1149.39,4.044,2.748,374.47,1430.47,2426.23,36.8
1397.46,4.196,2.904,541.53,1845.71,2808.27,134.9
1074.04,4.01,2.72,321.49,1366.85,2359.88,32.6
1037.86,4.003,2.648,315.95,1329.47,2322.44,12.3
1491.96,4.185,3.061,639.35,1954.72,2984.71,169.8
1039.95,3.996,2.709,300.96,1349.71,2344.14,5.2
1435.32,4.127,2.912,568.15,1900.18,2892.85,142.2
1145.67,4.097,2.82,401.83,1510.98,2603.29,62.7
1458.67,4.167,2.972,572.0,1872.93,2823.15,143.2
1304.83,4.125,2.811,449.19,1694.78,2612.42,94.7
1423.43,4.175,2.963,607.94,1932.05,3031.62,153.4
1460.65,4.188,3.055,598.44,1893.23,2946.94,157.5
1063.25,4.016,2.714,293.55,1290.3,2351.96,2.5
1078.33,4.01,2.705,301.92,1361.76,2316.89,13.7
1113.95,4.047,2.748,338.18,1377.99,2518.17,43.3
1342.61,4.115,2.867,513.02,1752.48,2815.48,114.1
1512.93,4.166,2.961,604.06,1888.53,2846.8,151.1
1221.4,4.067,2.764,394.28,1633.57,2651.18,78.7
1274.88,4.103,2.829,483.4,1688.71,2749.97,103.6
1099.62,4.056,2.685,339.32,1388.86,2349.85,32.9
1399.23,4.195,2.939,565.45,1874.92,2873.4,137.0
1468.55,4.168,3.021,607.82,1947.67,2951.41,164.5
1141.52,4.055,2.77,369.76,1463.13,2521.52,46.4
1204.16,4.088,2.768,449.85,1629.07,2683.15,84.6
1035.3,4.037,2.748,294.46,1330.53,2400.3,15.6
1285.87,4.111,2.865,444.97,1628.17,2686.46,95.5
1195.5,4.096,2.762,430.37,1600.23,2643.27,86.0
1099.01,4.006,2.703,327.68,1371.66,2428.74,25.4
1159.97,4.053,2.78,404.63,1525.93,2609.25,75.7
1116.74,4.076,2.72,365.69,1508.85,2487.83,57.5
1236.15,4.107,2.807,483.55,1632.27,2681.23,89.2
1287.22,4.121,2.851,475.92,1703.83,2709.4,100.0
1053.37,3.981,2.675,281.87,1304.34,2322.82,2.4
1371.23,4.147,2.847,535.62,1783.21,2821.77,129.6
1338.58,4.156,2.902,519.69,1765.31,2795.39,121.5
1189.29,4.087,2.748,423.89,1501.09,2542.56,62.9
1016.49,3.979,2.678,311.24,1298.44,2393.84,9.9
1370.09,4.136,2.946,578.97,1804.75,2814.46,128.6
1444.91,4.163,3.024,635.48,1998.76,2972.34,162.4
1119.93,4.045,2.716,341.0,1423.08,2455.79,41.6
1151.96,4.076,2.725,386.53,1525.47,2496.1,55.7
1073.18,4.024,2.756,345.96,1410.14,2441.93,32.1
1279.85,4.098,2.858,481.89,1721.86,2737.85,98.5
1084.82,4.017,2.705,322.26,1372.03,2468.66,27.2
1199.53,4.112,2.731,420.49,1497.41,2590.42,61.2
1296.33,4.161,2.884,500.54,1773.26,2754.62,118.8
1265.49,4.123,2.844,471.42,1619.78,2701.61,95.7
1165.14,4.078,2.765,399.38,1547.92,2578.8,66.3
1221.7,4.079,2.753,403.85,1584.15,2633.99,72.0
1287.23,4.09,2.828,470.78,1702.41,2721.1,96.0
1031.88,3.971,2.702,304.66,1295.31,2303.43,2.0
1031.19,3.996,2.689,312.39,1326.98,2390.41,14.3
1456.32,4.156,2.966,600.91,1966.46,2941.22,149.9
1010.27,3.995,2.714,275.85,1330.56,2389.24,14.2
1298.14,4.137,2.911,537.34,1744.49,2797.61,120.4
1423.53,4.183,2.971,607.8,1936.99,2918.71,156.5
1130.57,4.035,2.713,373.14,1421.74,2488.41,46.7
1193.62,4.078,2.77,412.1,1494.88,2657.99,63.6
1197.35,4.106,2.88,472.54,1681.67,2657.99,97.1
1467.49,4.18,2.905,566.99,1868.79,2993.96,150.0
1470.8,4.173,2.931,644.89,1936.41,3035.0,160.2
1319.36,4.159,2.886,563.93,1765.71,2769.4,126.0
1054.67,3.999,2.694,320.87,1340.89,2356.99,15.6
1349.48,4.163,2.856,497.56,1726.87,2761.12,114.1
1210.27,4.072,2.776,430.48,1576.07,2573.57,70.3
1251.39,4.088,2.83,429.19,1616.81,2614.68,80.5
1002.56,4.013,2.696,296.92,1272.59,2384.93,9.3
1086.07,4.047,2.753,357.92,1434.9,2461.55,33.3
1362.26,4.175,2.837,567.69,1834.0,2878.22,134.6
1258.86,4.122,2.779,392.13,1554.52,2621.47,77.7
1161.28,4.067,2.73,378.35,1494.79,2516.29,52.0
1254.19,4.07,2.707,420.71,1594.28,2550.55,65.9
1407.91,4.159,2.946,564.7,1881.79,2919.12,145.4
1345.37,4.145,2.89,555.39,1758.41,2868.62,127.6
1128.56,4.078,2.734,340.61,1490.88,2459.68,47.0
1099.51,3.988,2.708,314.5,1404.67,2433.79,20.9
1113.95,4.027,2.746,367.24,1416.73,2502.97,43.6
1458.94,4.179,3.014,610.41,1914.71,2899.22,156.6
1280.45,4.096,2.852,492.11,1684.75,2656.23,99.3
1255.29,4.094,2.828,435.15,1590.59,2670.29,91.2
1269.1,4.152,2.907,492.33,1756.98,2703.31,101.8
1171.25,4.062,2.75,397.56,1527.22,2610.12,62.9
1389.7,4.168,2.878,552.17,1852.95,2851.91,137.4
1249.14,4.067,2.85,459.18,1651.94,2652.77,89.4
1088.32,3.994,2.768,316.44,1349.15,2384.19,20.7
1113.93,4.037,2.696,343.35,1349.74,2400.65,22.8
1234.95,4.137,2.86,466.38,1622.83,2694.81,91.7
1454.76,4.191,2.98,627.44,1915.44,2998.98,159.3
1127.7,4.049,2.774,367.34,1500.46,2480.38,53.1
1432.48,4.183,2.97,593.91,1939.83,2926.19,148.0
1357.96,4.099,2.881,538.33,1847.71,2784.64,130.1
1127.24,4.048,2.797,356.85,1437.57,2531.02,42.9
1059.08,3.978,2.754,312.99,1297.45,2286.39,7.1
995.34,4.028,2.678,308.83,1395.44,2440.94,18.2
1365.08,4.099,2.891,510.63,1768.51,2851.6,124.1
1088.65,4.02,2.758,350.04,1363.1,2425.67,34.7
1188.61,4.068,2.716,410.36,1539.99,2550.57,63.7
1216.43,4.081,2.809,468.5,1651.18,2584.02,85.8
1381.11,4.135,2.834,544.06,1715.56,2741.36,123.6
1086.09,4.033,2.731,312.39,1366.48,2387.56,20.1
1207.65,4.076,2.784,414.57,1523.45,2603.2,69.7
1250.65,4.074,2.792,444.45,1571.05,2690.22,83.0
1239.27,4.123,2.773,465.62,1645.28,2675.05,92.4
1384.73,4.167,2.906,532.61,1825.6,2869.87,139.3
1106.88,4.033,2.74,325.4,1340.97,2388.12,30.0
1375.4,4.142,2.918,572.42,1855.5,2862.18,137.5
1370.48,4.085,2.907,534.41,1764.53,2793.46,118.1
1257.21,4.089,2.859,455.22,1613.36,2720.01,94.9
1350.32,4.117,2.906,514.37,1728.61,2792.24,119.2
1248.57,4.065,2.767,409.05,1575.27,2636.92,70.6
1056.21,4.003,2.726,321.92,1387.35,2417.11,24.4
1322.16,4.132,2.832,519.93,1666.32,2765.72,113.5
1276.36,4.118,2.778,442.03,1604.32,2707.37,89.7
1330.8,4.146,2.887,509.71,1723.69,2785.45,109.1
1153.61,4.079,2.728,408.58,1521.72,2536.71,58.1
1435.27,4.163,2.935,602.15,1940.21,3007.99,154.3
1275.08,4.115,2.838,470.2,1706.01,2728.35,100.3
1087.84,4.04,2.697,310.68,1314.26,2385.61,15.4
1206.97,4.053,2.788,417.15,1593.62,2612.26,77.0
1369.3,4.176,2.965,542.44,1801.57,2850.79,128.8
1376.63,4.137,2.883,537.45,1825.07,2893.55,135.2
1253.05,4.1,2.821,454.91,1575.13,2658.79,84.6
1445.43,4.186,2.969,627.66,1927.49,2936.33,152.2
1104.97,4.051,2.777,354.05,1410.5,2457.75,46.2
1171.21,4.122,2.759,387.44,1525.2,2564.9,70.4
1393.69,4.173,2.962,618.22,1942.12,2899.4,152.9
1421.59,4.146,2.97,597.1,1914.75,2938.54,152.5
1350.5,4.142,2.826,505.04,1792.07,2739.43,116.9
1455.17,4.167,2.891,585.3,1881.09,2822.65,146.2
1070.18,4.021,2.705,290.99,1321.46,2327.41,16.0
1439.2,4.189,2.988,596.97,1930.19,2928.52,147.2
1150.72,4.057,2.749,362.53,1484.84,2604.97,55.2
1110.3,4.037,2.719,318.28,1407.03,2480.79,31.1
1124.68,4.044,2.774,337.13,1435.55,2440.28,41.5
1244.0,4.114,2.781,417.17,1569.16,2569.08,71.6
1120.28,4.036,2.766,331.65,1441.93,2466.26,43.5
1187.43,4.044,2.84,412.8,1523.15,2475.98,55.2
1094.27,4.037,2.699,317.29,1371.23,2405.86,23.8
1161.21,4.034,2.748,341.68,1469.81,2539.77,51.1
1223.12,4.119,2.842,455.01,1684.5,2668.23,97.7
1233.4,4.08,2.836,432.1,1536.16,2571.55,75.7
1162.61,4.062,2.763,410.45,1545.53,2586.59,59.6
1351.06,4.196,2.914,542.12,1760.74,2789.85,127.2
1403.79,4.202,2.976,603.46,1897.71,2895.1,152.0
1367.44,4.17,2.894,520.98,1800.13,2737.35,128.9
1159.9,4.071,2.75,407.62,1512.29,2582.33,57.1
1328.53,4.133,2.873,547.19,1853.04,2877.38,126.8
1042.81,4.028,2.812,332.84,1411.63,2412.21,26.7
1082.61,4.03,2.669,321.78,1321.87,2408.27,23.0
1187.09,4.067,2.723,397.83,1487.81,2573.88,59.4
1399.28,4.162,2.926,553.21,1810.17,2894.37,137.5
1149.37,4.035,2.748,371.4,1406.23,2484.99,42.6
1040.34,4.01,2.713,313.99,1303.39,2342.92,11.7
1069.68,4.008,2.689,320.47,1406.27,2405.41,23.3
1399.02,4.185,2.914,582.95,1883.63,2887.43,146.1
1265.18,4.083,2.842,462.17,1718.57,2758.85,108.1
1170.0,4.071,2.77,333.52,1456.83,2449.47,43.8
1293.3,4.081,2.794,472.7,1636.3,2742.8,94.8
1216.61,4.08,2.821,467.75,1642.21,2756.2,90.2
1319.07,4.136,2.842,519.09,1745.46,2735.15,111.8
1112.3,4.051,2.693,332.93,1509.93,2448.04,40.4
1418.17,4.213,2.91,623.88,1923.04,2872.75,147.1
1138.56,4.062,2.784,392.77,1538.36,2511.39,53.3
1344.52,4.135,2.854,509.82,1767.67,2860.17,118.3
1043.76,3.998,2.728,291.1,1305.73,2312.19,3.7
1187.8,4.101,2.772,373.57,1541.27,2577.99,64.0
1165.07,4.113,2.727,382.66,1465.0,2540.03,60.4
1255.28,4.101,2.835,468.17,1582.01,2606.06,92.8
1069.82,4.017,2.678,305.6,1293.67,2350.44,13.3
1396.76,4.155,2.9,583.96,1876.16,2854.06,134.5
1109.86,4.035,2.769,326.09,1413.72,2529.98,37.8
1325.31,4.17,2.827,509.84,1777.43,2708.8,115.4
1400.76,4.14,2.903,546.27,1887.9,2902.67,136.7
1256.56,4.062,2.794,490.02,1630.79,2709.6,96.0
1379.78,4.152,2.854,541.37,1846.03,2818.24,126.2
1291.55,4.153,2.846,505.7,1707.94,2726.63,112.9
1159.56,4.07,2.743,391.21,1515.16,2610.39,61.1
1410.42,4.17,2.911,552.54,1820.64,2882.01,137.7
1113.84,4.068,2.772,390.92,1485.86,2518.63,50.8
1233.56,4.113,2.807,473.07,1671.24,2702.61,97.5
1363.18,4.158,2.848,542.91,1829.06,2862.42,127.0
1138.25,4.081,2.794,409.92,1567.87,2542.59,65.0
1113.33,4.015,2.732,362.66,1531.78,2582.89,52.2
1237.4,4.089,2.851,459.28,1617.67,2718.84,78.6
1394.88,4.131,2.912,593.1,1884.39,2862.56,139.2
1493.02,4.185,2.987,617.75,1932.2,3003.33,158.2
1229.87,4.095,2.752,456.17,1651.71,2665.56,93.1
1315.9,4.15,2.825,515.01,1751.94,2722.63,112.8
1456.2,4.185,2.903,623.27,1887.9,2909.93,153.7
1027.85,4.021,2.717,338.4,1378.37,2405.98,17.7
1140.1,4.036,2.736,362.45,1431.38,2468.82,40.2
1355.38,4.16,2.896,526.42,1783.64,2816.39,120.8
1362.87,4.131,2.951,574.07,1818.79,2889.09,140.2
1420.08,4.152,2.973,558.08,1878.78,2884.35,145.8
1207.19,4.104,2.777,407.25,1589.4,2552.07,71.2
1038.53,4.001,2.709,314.88,1351.09,2382.11,16.1
1171.24,4.04,2.808,387.81,1604.57,2561.38,75.0
1120.68,4.068,2.714,355.06,1424.35,2480.27,40.0
1195.87,4.074,2.724,359.61,1480.18,2531.3,50.2
1366.05,4.167,2.949,574.01,1822.25,2750.28,131.5
1086.78,4.009,2.649,301.2,1349.21,2424.98,13.8
1386.35,4.197,2.944,569.7,1875.08,2867.75,140.9
1208.85,4.106,2.798,416.05,1560.98,2630.02,73.3
1304.53,4.147,2.804,479.9,1617.49,2697.39,101.7
1053.2,4.024,2.686,321.45,1343.83,2367.32,16.2
1154.07,4.064,2.753,381.92,1458.23,2613.15,58.0
1071.58,4.002,2.713,309.92,1359.42,2329.55,16.2
1525.73,4.167,3.03,644.46,1995.07,2952.86,163.5
1401.8,4.17,2.918,565.15,1783.29,2869.47,137.4
1205.72,4.099,2.802,439.28,1604.31,2532.46,78.7
1105.85,4.031,2.756,343.42,1437.81,2435.67,38.8
1525.83,4.198,3.012,625.13,1959.66,2986.53,158.8
1168.19,4.057,2.812,409.15,1476.69,2502.52,59.2
1068.62,4.042,2.753,339.79,1401.1,2437.39,28.2
1240.27,4.091,2.828,439.41,1632.45,2714.85,96.2
1422.91,4.167,3.021,632.81,1977.06,2981.38,160.5
1027.45,3.987,2.701,267.94,1294.8,2284.66,1.6
1133.34,4.058,2.745,340.82,1429.66,2489.0,41.2
1455.69,4.164,2.972,629.47,1964.98,2910.62,159.6
1087.44,4.048,2.729,319.28,1365.25,2426.02,29.9
1034.0,3.982,2.649,299.82,1337.78,2434.14,20.1
1275.7,4.105,2.861,470.07,1710.27,2672.1,97.4
1435.67,4.143,2.957,579.17,1927.11,2926.23,146.7
1213.61,4.039,2.797,411.28,1574.95,2640.08,81.6
1539.2,4.206,3.057,655.84,1977.19,3026.54,169.1
1306.37,4.129,2.886,527.22,1739.0,2701.43,115.8
1054.04,3.979,2.758,318.62,1330.17,2420.61,13.5
1517.17,4.188,3.076,633.24,1990.39,2922.87,168.8
1192.23,4.085,2.839,417.35,1597.14,2547.41,69.9
1134.17,4.044,2.775,363.15,1519.69,2561.38,49.6
1230.57,4.104,2.801,446.47,1720.46,2694.83,95.3
1180.43,4.047,2.77,364.89,1550.23,2509.25,52.4
1047.83,3.998,2.717,266.34,1289.18,2419.42,15.6
1030.84,3.98,2.663,268.73,1274.54,2320.34,1.2
1230.66,4.073,2.781,403.86,1567.31,2584.97,77.0
1394.43,4.151,2.92,580.66,1847.38,2937.81,142.4
1268.49,4.09,2.833,475.3,1719.17,2718.16,97.7
1532.92,4.192,3.08,624.29,2012.0,2948.25,169.9
1110.7,4.038,2.759,382.79,1425.61,2484.47,49.5
1188.97,4.028,2.763,359.18,1546.65,2470.85,48.4
1064.33,4.04,2.76,314.34,1331.5,2383.11,28.0
1055.31,4.05,2.739,304.83,1378.27,2427.9,28.7
1141.2,4.051,2.73,357.82,1474.77,2511.14,49.2
1441.82,4.158,2.975,556.86,1806.96,2874.77,135.0
1399.8,4.166,2.952,622.5,1943.54,2957.56,154.1
1482.48,4.216,3.023,637.04,1962.09,3016.67,165.8
1126.31,4.074,2.756,348.13,1460.23,2519.58,40.3
1435.04,4.172,3.045,605.54,1920.22,2937.86,149.9
1166.9,4.049,2.774,386.14,1427.06,2557.31,56.5
1045.14,4.022,2.692,293.77,1307.76,2437.99,20.1
1413.07,4.175,2.902,585.37,1925.09,2927.18,148.0
1301.65,4.114,2.8,486.83,1735.88,2712.85,108.5
1056.84,4.035,2.723,329.64,1358.56,2378.06,28.8
1203.36,4.1,2.805,411.74,1553.93,2570.32,73.6
1129.1,4.035,2.709,358.41,1470.94,2528.19,49.5
1345.36,4.196,2.895,557.69,1737.94,2807.29,125.5
1223.68,4.055,2.755,426.55,1659.02,2636.33,77.6
1448.45,4.181,3.03,652.24,1962.24,2982.3,168.2
1033.28,4.007,2.718,297.75,1316.36,2323.99,10.3
1227.54,4.11,2.746,405.26,1571.11,2457.3,61.0
1202.14,4.081,2.842,436.1,1605.8,2597.68,82.4
1271.67,4.075,2.791,459.77,1636.3,2730.72,86.0
1153.12,4.068,2.792,336.89,1464.86,2573.31,54.4
1338.1,4.139,2.953,534.12,1776.58,2784.42,124.2
1397.62,4.187,2.931,597.89,1875.48,2892.5,148.8
1469.25,4.186,3.072,626.78,1990.83,2937.74,159.6
1429.47,4.142,2.918,547.85,1830.16,2909.8,137.1
1407.8,4.216,2.921,572.67,1862.47,2933.69,144.7
1260.66,4.047,2.814,447.08,1635.18,2731.45,94.0
1429.51,4.2,2.916,580.23,1877.44,2839.9,140.6
1154.65,4.073,2.797,389.4,1502.33,2597.89,52.3
1150.45,4.06,2.819,383.26,1491.77,2578.61,68.3
1154.67,4.095,2.798,383.34,1496.29,2568.95,54.6
1260.14,4.061,2.76,419.26,1609.93,2648.37,80.0
1137.14,4.071,2.757,396.18,1514.56,2446.04,49.3
1409.94,4.15,2.973,640.95,1933.45,2952.97,163.5
1160.06,4.034,2.788,373.64,1457.77,2531.11,53.9
1051.94,3.989,2.693,309.98,1363.58,2356.48,17.6
1205.32,4.086,2.831,473.36,1641.95,2617.62,90.0
997.99,4.003,2.684,301.04,1358.36,2343.95,10.6
1086.5,3.998,2.658,288.84,1385.76,2450.06,19.7
1090.44,3.996,2.762,371.54,1435.05,2492.28,38.1
1198.19,4.097,2.827,443.33,1596.72,2612.42,79.5
1205.2,4.083,2.793,412.02,1571.73,2622.44,74.2
1374.15,4.166,2.852,570.84,1845.19,2808.03,136.1
1361.01,4.149,2.912,527.61,1802.52,2820.42,126.0
1197.75,4.099,2.765,408.04,1614.15,2531.14,73.0
1129.84,4.059,2.778,384.04,1444.9,2499.04,57.4
1139.22,4.078,2.744,389.12,1481.36,2566.9,54.5
1387.71,4.137,2.892,558.13,1832.81,2820.65,131.8
1038.96,3.988,2.713,312.83,1295.58,2340.31,9.8
1019.93,4.021,2.665,294.86,1279.12,2328.54,3.2
1436.49,4.184,2.908,581.89,1829.71,2920.81,135.4
1245.28,4.102,2.817,461.61,1647.0,2495.75,81.6
1092.0,4.001,2.78,326.23,1353.73,2373.38,23.1
1111.7,4.021,2.737,348.84,1416.17,2575.32,40.8
1467.82,4.212,3.018,616.74,1971.06,2999.04,158.6
1411.58,4.196,2.91,558.48,1875.53,2923.27,146.3
1362.51,4.138,2.928,525.04,1773.42,2810.53,121.0
1226.69,4.139,2.779,428.33,1578.36,2635.61,82.5
1253.44,4.109,2.81,440.93,1626.9,2616.39,88.9
1490.11,4.173,3.05,638.12,1979.69,2964.96,165.8
1480.34,4.187,3.0,602.91,1935.44,2970.38,164.2
1180.4,4.036,2.767,344.81,1420.84,2512.09,37.4
1379.67,4.162,2.901,569.71,1870.14,2883.1,138.1
1082.21,4.057,2.755,318.84,1351.75,2456.86,34.3
1123.54,4.017,2.766,367.26,1403.09,2438.94,37.1
1310.84,4.106,2.882,517.86,1830.0,2758.13,115.3
1185.52,4.088,2.803,429.54,1550.2,2523.62,69.4
1434.62,4.176,3.068,625.52,1981.06,2960.87,158.4
1065.43,4.058,2.718,314.78,1337.46,2332.63,16.0
1256.21,4.117,2.815,471.09,1622.8,2651.35,87.4
1446.72,4.172,2.992,632.95,1964.86,2983.75,156.2
1464.55,4.204,3.01,635.97,1961.68,2943.4,153.8
1035.13,4.039,2.791,327.54,1357.01,2440.5,27.5
1157.29,4.08,2.766,385.06,1496.25,2616.69,63.0
1292.55,4.118,2.818,471.49,1670.19,2765.6,105.6
1053.5,4.033,2.756,315.61,1359.37,2423.74,27.9
1438.34,4.151,2.985,645.59,2009.22,2896.96,164.6
1444.82,4.209,2.987,652.44,1934.89,2923.52,155.6
1103.39,3.957,2.732,355.19,1426.37,2430.78,29.2
1098.64,4.008,2.71,316.11,1328.86,2403.99,21.5
1037.96,3.977,2.704,319.82,1305.79,2315.36,15.4
1467.93,4.171,2.926,600.89,1918.1,2944.2,154.7
1113.44,4.03,2.703,333.38,1417.93,2481.46,33.7
1228.56,4.054,2.813,398.6,1560.16,2586.32,71.4
1204.74,4.029,2.732,411.09,1608.54,2641.03,76.9
1241.75,4.12,2.836,489.43,1708.88,2697.9,102.2
1047.74,4.048,2.693,326.61,1341.37,2380.5,13.1
1086.63,4.032,2.677,366.72,1452.28,2549.01,39.3
1443.66,4.205,3.043,640.85,1979.75,2935.14,158.4
1441.5,4.211,2.944,620.49,1855.27,2889.91,154.5
1372.02,4.116,2.923,553.6,1831.8,2878.41,133.0
1028.17,3.986,2.677,281.68,1317.32,2325.35,4.3
1174.37,4.034,2.736,392.27,1577.03,2509.83,56.3
1292.06,4.106,2.841,467.09,1714.74,2714.27,107.1
1143.31,4.083,2.738,357.52,1399.26,2515.88,47.5
1450.05,4.186,2.97,597.44,1972.74,2938.39,154.7
1327.63,4.139,2.827,513.25,1685.6,2799.67,108.1
1041.34,4.005,2.672,283.76,1340.68,2387.66,13.2
1447.39,4.157,3.006,622.94,1945.67,2974.68,154.6
1466.97,4.205,3.015,636.59,1970.97,2970.6,162.9
1044.4,4.033,2.702,312.09,1266.73,2394.39,14.1
1234.17,4.109,2.791,448.94,1636.91,2677.47,91.0
1124.0,4.064,2.803,353.84,1437.7,2597.61,52.3
1206.51,4.049,2.776,413.47,1561.32,2604.01,67.4
1064.42,4.043,2.669,349.74,1372.94,2384.5,31.4
1268.31,4.139,2.84,480.57,1617.39,2702.91,98.7
1501.84,4.199,2.992,628.71,1988.69,2979.12,162.9
1230.69,4.06,2.836,428.09,1588.57,2659.15,86.0
1071.33,4.041,2.736,298.25,1338.25,2411.7,15.0
1282.46,4.102,2.873,495.95,1689.78,2719.7,105.8
1136.54,4.07,2.751,376.19,1536.62,2551.27,58.5
1380.55,4.189,2.94,571.38,1913.63,2936.68,145.7
1239.59,4.104,2.797,398.88,1584.61,2557.93,74.5
1068.77,3.995,2.756,348.54,1405.27,2413.59,33.6
1115.12,4.033,2.698,347.69,1394.08,2527.65,33.3
1348.88,4.153,2.904,566.21,1786.58,2826.2,130.9
1162.07,4.075,2.802,331.32,1440.89,2534.5,45.9
1428.24,4.161,2.885,565.84,1835.92,2883.17,130.7
1060.69,4.063,2.731,361.26,1476.05,2409.29,35.8
1127.25,4.069,2.838,399.98,1514.72,2504.24,55.4
1240.75,4.087,2.791,433.34,1620.98,2635.76,79.7
1481.06,4.192,2.955,627.55,1952.67,2933.87,160.4
1481.31,4.216,2.99,622.35,1962.83,2969.11,158.5
1088.94,4.008,2.782,331.17,1353.65,2482.94,36.0
1220.77,4.084,2.801,381.06,1501.58,2571.35,61.5
1081.49,4.01,2.69,330.63,1400.05,2421.58,26.2
1212.43,4.081,2.823,443.96,1653.24,2688.48,87.2
1212.75,4.108,2.791,440.53,1579.71,2679.81,78.8
1414.75,4.162,2.994,600.02,1883.94,2983.82,153.2
1500.71,4.193,2.972,596.29,1943.58,2962.62,158.2
1166.3,4.062,2.791,381.44,1528.1,2545.14,65.8
1246.34,4.047,2.863,429.61,1646.63,2646.1,84.1
1430.59,4.188,2.889,614.26,1940.82,2955.72,152.5
1378.61,4.162,2.936,557.0,1897.88,2911.24,137.3
970.54,3.954,2.727,289.68,1314.98,2369.64,1.6
1168.58,4.044,2.713,356.22,1488.23,2530.5,55.1
1233.16,4.043,2.764,418.47,1578.73,2614.94,72.3
1090.37,4.054,2.726,352.6,1494.8,2497.9,39.8
1061.48,4.061,2.709,360.45,1401.08,2515.43,34.7
1052.16,4.016,2.671,297.03,1309.43,2319.32,7.4
1267.89,4.145,2.842,509.74,1728.99,2774.29,109.7
1158.25,4.036,2.771,391.68,1456.9,2478.44,45.4
1015.41,4.013,2.743,299.43,1287.62,2405.91,9.8
1086.25,4.039,2.777,375.44,1473.89,2476.64,40.0
1397.65,4.162,2.946,564.63,1820.26,2873.55,136.5
1392.07,4.188,2.996,575.88,1941.2,2864.44,144.9
1212.17,4.116,2.864,436.25,1661.33,2630.15,82.6
1206.84,4.07,2.789,406.44,1571.73,2681.47,71.3
1426.83,4.167,3.081,632.82,1982.94,3009.36,166.3
1141.6,4.029,2.744,334.3,1390.46,2465.12,34.9
1108.08,4.032,2.728,342.97,1426.04,2522.37,37.4
1108.56,4.058,2.751,382.68,1509.18,2579.02,50.3
1063.1,4.044,2.755,308.82,1374.27,2437.52,30.2
1205.65,4.032,2.819,405.64,1582.2,2546.84,65.1
1465.39,4.168,2.994,611.61,1961.69,2932.58,154.9
1329.57,4.1,2.832,508.16,1705.28,2722.42,105.0
1178.99,4.102,2.769,407.12,1585.15,2603.36,70.6
1470.78,4.182,2.939,637.26,1921.74,2965.76,158.9
1047.1,3.991,2.708,284.83,1308.18,2457.51,9.2
1122.15,4.046,2.742,339.1,1486.93,2422.57,36.5
1298.43,4.098,2.797,474.75,1708.03,2650.97,96.6
1277.07,4.119,2.858,496.59,1723.56,2713.46,105.0
1029.95,4.036,2.709,291.23,1307.43,2229.32,7.7
1176.63,4.111,2.736,412.84,1552.71,2517.62,69.1
1310.66,4.119,2.846,498.1,1732.54,2706.79,110.7
1354.48,4.133,2.915,531.88,1746.52,2838.45,119.0
1265.04,4.112,2.833,494.05,1744.82,2698.27,108.8
1181.59,4.02,2.76,378.13,1528.14,2470.01,55.2
1026.54,4.031,2.712,325.55,1333.74,2352.69,16.8
1195.51,4.129,2.787,421.07,1586.09,2625.5,73.2
1100.89,4.009,2.735,331.09,1343.16,2389.35,22.8
1478.89,4.173,3.034,663.69,1957.33,2950.29,161.1
1234.55,4.085,2.839,405.25,1581.1,2618.97,81.3
1122.84,4.059,2.749,364.97,1487.68,2482.72,54.6
1346.48,4.129,2.916,533.96,1824.45,2802.71,130.5
1260.56,4.086,2.833,430.49,1641.03,2624.61,85.2
1134.35,4.076,2.753,399.33,1471.07,2556.19,53.4
1384.43,4.163,2.899,527.01,1869.68,2826.09,138.2
1450.61,4.198,2.954,597.9,1868.74,2949.5,147.5
1297.89,4.139,2.846,487.0,1760.6,2803.4,114.7
1042.55,3.979,2.676,297.69,1376.6,2293.04,8.9
1271.53,4.098,2.835,472.56,1661.38,2719.03,96.7
1370.93,4.156,2.893,560.22,1778.59,2839.84,130.0
1060.1,3.997,2.722,319.39,1397.12,2469.42,24.1
1098.32,4.014,2.691,349.11,1441.63,2443.7,39.6
1407.89,4.152,2.953,566.61,1922.92,2945.38,150.1
1036.99,4.006,2.623,323.97,1330.67,2369.71,4.4
1348.74,4.141,2.863,546.86,1789.33,2760.6,128.2
1249.61,4.114,2.798,441.11,1585.04,2693.36,81.1
1206.89,4.067,2.829,440.96,1602.45,2593.39,76.5
993.21,3.944,2.705,285.14,1315.12,2348.02,2.2
1394.83,4.16,2.927,576.52,1868.15,2867.15,139.5
1161.55,4.099,2.758,405.39,1522.23,2556.59,61.8
1283.1,4.105,2.813,436.96,1663.59,2654.06,92.4
1317.11,4.105,2.905,519.66,1776.28,2755.24,115.5
1332.46,4.105,2.842,552.97,1729.69,2814.21,119.7
1510.63,4.215,2.992,656.17,1936.09,3026.39,162.6
1265.97,4.086,2.849,478.56,1644.4,2631.19,90.8
1231.9,4.106,2.77,437.01,1573.29,2569.81,68.6
1505.55,4.203,3.069,610.05,2029.18,2978.59,162.2
1286.23,4.11,2.874,489.93,1724.79,2763.37,109.5
1168.47,4.077,2.789,360.4,1488.51,2542.91,51.4
1106.95,3.999,2.665,372.81,1343.49,2454.78,22.4
1451.53,4.138,2.968,583.71,1898.36,2823.24,143.4
1197.61,4.05,2.745,374.25,1493.1,2542.99,62.2
1341.92,4.144,2.881,488.5,1741.44,2809.3,112.6
1216.41,4.112,2.789,435.07,1574.85,2631.83,80.6
1078.9,4.025,2.737,321.95,1349.28,2410.56,34.6
1279.25,4.079,2.806,510.16,1779.23,2676.96,102.7
999.82,3.973,2.648,313.06,1343.44,2364.19,11.3
1230.28,4.056,2.788,417.79,1586.53,2583.7,70.9
1253.66,4.079,2.813,445.46,1685.43,2776.53,93.4
1239.7,4.088,2.763,401.25,1621.2,2609.26,74.7
1332.53,4.186,2.843,545.83,1812.48,2797.08,127.5
1432.41,4.18,2.848,575.86,1893.56,2931.76,140.9
1362.81,4.13,2.918,530.68,1809.58,2839.88,131.3
1000.39,3.985,2.688,294.19,1299.7,2381.21,7.6
1138.43,4.022,2.711,340.14,1363.32,2528.64,33.8
1283.52,4.111,2.825,468.6,1656.94,2742.58,91.7
1468.89,4.218,3.025,652.07,1933.53,2970.06,159.0
1409.96,4.156,2.94,545.61,1868.87,2915.72,142.1
1424.18,4.198,2.923,592.07,1903.51,2945.69,143.4
1150.86,4.097,2.819,365.29,1493.74,2488.01,52.2
1184.49,4.074,2.769,425.06,1604.64,2558.87,73.6
1213.62,4.082,2.757,435.38,1585.55,2719.47,80.5
1130.96,4.017,2.724,337.16,1395.8,2378.83,27.6
1096.15,3.999,2.686,274.18,1280.56,2435.83,6.3
1509.36,4.182,3.033,640.43,1953.49,2935.66,161.0
1130.07,4.059,2.724,356.13,1432.15,2448.33,41.7
1109.33,4.01,2.735,376.15,1410.4,2515.68,41.6
1030.85,3.998,2.679,331.62,1322.13,2315.5,15.1
1441.8,4.192,3.014,621.21,1961.88,3053.68,157.9
1263.28,4.13,2.837,488.59,1654.85,2789.65,99.0
1374.87,4.174,2.853,521.17,1726.73,2833.59,113.7
1495.93,4.156,2.973,630.22,1968.82,2878.16,155.1
1183.95,4.05,2.765,408.85,1556.91,2606.5,59.4
1273.98,4.076,2.803,472.32,1737.95,2788.61,106.0
1054.82,3.977,2.73,299.17,1356.1,2356.86,7.6
1088.6,3.995,2.761,317.81,1445.29,2482.11,32.6
1353.3,4.154,2.932,567.39,1867.38,2908.79,141.5
1380.0,4.147,2.899,540.85,1880.9,2791.54,130.6
1146.55,4.074,2.737,400.33,1564.69,2540.6,60.3
1159.47,4.064,2.826,397.0,1534.19,2563.6,64.7
1248.08,4.112,2.863,454.0,1656.21,2620.72,91.2
1004.47,3.994,2.699,299.25,1259.57,2354.88,1.0
1117.49,4.021,2.765,368.88,1438.84,2529.98,41.8
1101.82,4.001,2.77,349.43,1372.39,2480.88,36.2
1075.53,4.055,2.773,369.87,1430.49,2565.92,43.3
1431.57,4.192,2.892,574.14,1874.61,2880.68,137.2
1110.84,4.1,2.74,397.51,1437.57,2511.34,48.3
1072.81,4.05,2.743,336.97,1398.19,2429.54,33.4
1231.87,4.126,2.815,434.32,1644.21,2672.64,86.2
1422.98,4.181,2.971,593.08,1887.59,2799.85,147.3
1154.87,4.048,2.76,341.47,1476.33,2555.41,41.8
1055.53,4.01,2.711,300.81,1367.19,2392.21,14.3
1184.41,4.064,2.691,400.25,1503.43,2607.3,61.2
1369.65,4.159,2.928,532.56,1793.73,2872.79,127.4
1268.54,4.096,2.848,459.37,1662.48,2722.46,94.1
1407.12,4.159,2.985,564.97,1839.1,2833.35,139.0
1429.03,4.168,3.003,625.1,2017.61,2837.76,163.2
1380.27,4.166,2.857,542.43,1828.4,2945.0,135.0
1318.17,4.098,2.835,498.13,1727.3,2729.74,103.0
1333.36,4.095,2.82,462.16,1574.65,2640.68,84.4
1002.9,4.01,2.682,309.63,1282.51,2340.5,7.8
1501.76,4.208,3.089,656.96,1955.23,2970.74,167.4
1168.49,4.087,2.756,396.51,1503.75,2579.54,65.8
1130.94,4.019,2.717,330.73,1365.37,2422.45,26.7
1287.08,4.14,2.854,495.8,1757.43,2776.44,113.7
1153.11,4.041,2.834,367.52,1517.51,2503.87,49.0
1244.93,4.074,2.807,475.36,1680.69,2752.33,100.0
1272.64,4.124,2.852,455.64,1689.93,2746.52,100.2
1211.15,4.09,2.757,426.48,1595.55,2600.69,76.3
1436.48,4.186,2.943,569.33,1851.89,2895.19,142.3
1101.93,4.046,2.717,367.26,1457.39,2454.09,45.8
1229.97,4.053,2.826,422.0,1650.08,2648.97,76.8
1256.84,4.102,2.846,463.13,1663.32,2751.79,91.9
1326.17,4.148,2.869,516.74,1806.74,2805.01,113.2
1405.87,4.164,2.866,536.43,1834.92,2848.48,133.5
1155.97,4.071,2.777,401.85,1530.49,2549.11,67.7
1330.67,4.093,2.845,489.63,1762.41,2785.1,110.2
1064.83,4.002,2.744,345.29,1417.68,2400.61,26.5
1489.79,4.195,2.966,644.97,1932.86,2954.8,158.6
1190.93,4.038,2.81,403.23,1551.71,2610.53,65.7
1348.08,4.137,2.914,538.81,1791.33,2782.45,124.3
1010.26,3.996,2.65,267.72,1251.24,2342.2,4.4
1123.13,4.057,2.725,348.89,1377.25,2419.22,35.7
1263.31,4.105,2.803,435.46,1608.9,2637.03,83.3
1419.22,4.194,2.986,615.88,1940.42,2898.43,149.4
1222.94,4.107,2.795,450.65,1669.61,2726.17,90.1
1478.21,4.168,2.997,605.95,1918.12,2960.43,158.1
1193.99,4.08,2.836,418.01,1579.02,2621.29,82.8
1200.77,4.075,2.813,443.28,1591.27,2635.87,83.9
1039.42,4.028,2.657,310.24,1330.19,2444.96,21.2
1381.45,4.145,2.902,581.34,1821.88,2802.12,136.6
1087.46,4.035,2.769,367.01,1384.89,2456.51,42.7
1395.74,4.179,2.993,603.34,1849.03,2889.42,153.0
1421.97,4.214,2.909,619.21,1854.14,2945.71,154.9
1484.36,4.201,3.008,650.42,1909.48,2966.39,160.4
1216.05,4.084,2.842,434.07,1674.0,2666.78,88.9
1317.73,4.136,2.882,502.09,1862.29,2776.04,115.4
1427.69,4.187,2.925,582.08,1890.68,2794.7,132.6
1069.51,4.031,2.777,310.42,1373.98,2374.31,23.1
1296.25,4.085,2.838,491.78,1674.61,2750.78,102.6
1007.01,3.98,2.703,311.54,1288.94,2289.15,6.8
1290.93,4.075,2.779,442.92,1626.83,2646.73,85.1
1067.33,4.052,2.701,339.23,1444.64,2465.87,27.2
1087.2,4.055,2.717,333.04,1371.97,2454.71,31.9
1207.15,4.055,2.796,423.69,1528.14,2540.72,62.7
1201.17,4.069,2.767,413.16,1578.79,2642.12,74.1
1300.03,4.122,2.884,476.1,1711.57,2713.55,106.3
1040.06,4.008,2.67,318.48,1268.28,2376.24,13.6
1232.94,4.077,2.828,456.04,1618.77,2630.36,86.1
1102.04,4.024,2.743,339.6,1360.95,2386.49,31.9
1288.07,4.082,2.838,472.05,1746.75,2704.2,98.0
1289.94,4.15,2.881,488.52,1741.85,2800.38,108.7
1246.56,4.072,2.803,454.03,1699.01,2742.89,95.1
1342.66,4.11,2.875,527.24,1773.27,2850.11,125.8
1125.68,4.07,2.735,391.19,1493.87,2576.82,57.7
1332.19,4.126,2.9,544.28,1881.23,2869.37,130.3
1213.29,4.072,2.785,397.54,1606.83,2605.35,74.1
1253.85,4.094,2.829,431.98,1625.62,2598.33,82.8
1333.22,4.14,2.867,496.96,1772.93,2765.87,110.5
964.66,3.991,2.712,296.92,1350.19,2374.37,4.1
1308.31,4.163,2.851,506.85,1782.51,2797.7,111.5
1268.98,4.12,2.857,514.98,1742.33,2748.5,105.5
1152.59,4.08,2.811,363.23,1523.69,2544.32,53.4
1041.36,4.015,2.665,316.73,1326.25,2325.41,15.5
1068.74,4.053,2.651,319.45,1345.44,2447.15,16.4
1456.71,4.205,3.005,619.49,1960.9,2942.63,157.0
1285.09,4.136,2.844,512.02,1772.73,2702.83,117.5
1044.91,4.03,2.673,310.32,1378.96,2403.28,22.5
1170.54,4.06,2.785,393.0,1517.95,2565.36,61.3
1285.71,4.11,2.806,451.78,1609.75,2742.81,101.1
1374.3,4.14,2.979,563.2,1893.63,2884.16,142.2
996.06,3.984,2.701,281.75,1311.32,2330.34,8.4
1117.72,4.082,2.733,361.78,1442.34,2460.54,41.0
1403.72,4.153,2.938,609.91,1980.77,2924.26,151.4
978.79,3.98,2.695,270.64,1296.0,2323.32,2.5
1089.78,4.031,2.683,323.55,1390.2,2537.94,35.0
1464.82,4.19,2.942,609.39,1988.79,2958.7,163.1
1271.96,4.127,2.797,501.31,1709.59,2704.78,104.7
1109.8,4.036,2.779,375.95,1489.3,2541.88,45.2
1044.38,4.014,2.673,312.75,1305.68,2368.95,12.3
1010.18,4.02,2.65,314.57,1273.39,2379.62,5.8
1121.66,4.068,2.738,383.47,1427.93,2483.65,42.4
1424.79,4.17,3.025,582.01,1856.53,2947.2,150.0
1202.11,4.09,2.817,408.07,1550.96,2652.48,71.3
1370.49,4.119,2.858,540.71,1834.05,2865.37,122.7
1475.45,4.169,2.957,571.7,1914.87,2974.24,156.2
1226.43,4.053,2.758,407.48,1517.79,2513.66,70.0
1117.47,4.03,2.701,354.47,1391.58,2390.92,33.3
1252.29,4.082,2.829,445.09,1643.36,2682.34,88.4
1438.02,4.15,2.965,619.57,1906.44,2878.44,154.5
1383.05,4.151,2.884,533.8,1851.79,2822.31,136.9
1021.61,3.97,2.661,306.94,1330.35,2404.07,12.1
1334.3,4.162,2.94,510.89,1765.69,2762.82,118.0
1290.66,4.099,2.852,467.39,1673.92,2684.64,97.7
1430.37,4.2,2.949,594.1,1981.26,2920.54,154.4
1066.21,4.007,2.75,343.19,1366.06,2454.22,21.7
1237.65,4.079,2.784,457.61,1625.29,2732.23,91.3
1438.43,4.198,2.953,598.21,1929.49,3010.61,149.6
1181.42,4.079,2.775,442.86,1558.1,2632.25,70.3
1210.85,4.13,2.808,423.62,1613.54,2709.65,82.5
1028.46,3.997,2.674,306.11,1356.3,2342.98,12.9
1147.32,4.04,2.753,357.32,1507.48,2453.14,48.0
1153.23,4.079,2.708,371.84,1465.39,2564.76,55.8
1458.59,4.209,2.992,629.7,2009.35,2954.55,160.7
1143.3,4.053,2.79,364.79,1468.44,2579.24,48.8
1208.85,4.154,2.828,459.57,1594.48,2616.94,78.9
1351.43,4.126,2.842,536.05,1719.52,2750.39,114.5
1059.65,4.0,2.676,328.68,1410.01,2420.24,28.4
1226.8,4.073,2.739,415.99,1571.94,2647.86,83.2
1322.9,4.14,2.907,532.06,1816.15,2822.02,125.8
1417.67,4.203,2.958,606.26,1946.74,2914.5,147.5
1258.4,4.118,2.859,478.32,1707.06,2798.13,106.8
1340.78,4.162,2.913,532.49,1780.6,2727.31,114.1
1087.91,4.026,2.719,329.04,1365.78,2443.61,22.3
1489.27,4.21,3.011,607.81,1916.13,2990.65,160.8
1072.12,4.027,2.674,312.3,1371.16,2425.14,23.4
1355.0,4.161,2.953,543.57,1821.62,2863.33,131.9
1108.78,4.062,2.741,351.14,1484.89,2482.63,45.8
1501.17,4.175,2.969,602.74,1937.58,2898.61,158.8
1384.24,4.13,2.888,520.23,1801.05,2823.33,122.7
1369.08,4.156,2.955,537.0,1779.8,2812.1,128.4
1095.71,4.076,2.799,368.17,1439.33,2493.22,38.0
1244.95,4.053,2.763,430.12,1584.16,2607.46,75.9
1278.78,4.08,2.88,495.82,1706.45,2772.68,105.4
1380.24,4.147,2.912,554.64,1824.57,2884.6,131.1
1093.17,4.034,2.739,301.79,1339.53,2430.32,18.6
1457.99,4.193,3.028,650.06,1974.99,3024.21,163.6
1459.8,4.154,2.982,594.22,1909.19,2923.97,151.4
1144.27,4.049,2.787,359.98,1432.63,2544.31,46.7
1401.58,4.128,2.874,577.28,1824.7,2863.5,140.0
1222.08,4.112,2.824,488.26,1622.79,2649.3,88.6
1201.55,4.081,2.762,421.75,1587.37,2636.23,79.0
1158.31,4.055,2.744,355.0,1402.38,2586.27,54.1
1242.14,4.121,2.833,478.55,1683.81,2705.42,99.2
1356.78,4.148,2.855,543.15,1859.6,2850.95,124.4
1209.11,4.066,2.766,405.73,1581.25,2558.59,70.4
1326.52,4.143,2.807,483.87,1713.53,2671.28,107.3
1302.7,4.153,2.856,501.44,1746.2,2774.61,119.2
1376.67,4.104,2.893,530.33,1728.53,2799.96,121.2
1080.25,3.997,2.724,327.89,1340.25,2398.76,9.8
1432.75,4.149,2.922,613.15,1904.53,2894.37,146.3
1192.02,4.062,2.836,433.47,1557.29,2695.11,78.4
1119.52,4.057,2.763,356.22,1485.23,2519.02,45.3
1117.39,4.033,2.783,361.58,1467.26,2475.84,41.9
1236.59,4.089,2.75,432.99,1591.99,2656.55,82.6
1437.77,4.163,2.97,589.64,1903.74,2880.01,150.9
1187.41,4.078,2.793,403.42,1544.94,2567.64,64.9
1361.6,4.161,2.842,560.19,1824.98,2821.21,127.7
1063.02,4.055,2.78,308.8,1310.67,2396.38,17.4
1214.97,4.087,2.782,432.33,1624.13,2630.83,81.5
1486.86,4.169,3.079,642.22,1995.3,3012.92,168.6
1360.36,4.142,2.93,561.48,1857.31,2778.19,131.2
1152.81,4.052,2.736,358.79,1443.48,2508.48,36.6
1275.32,4.08,2.85,428.42,1627.15,2658.8,85.7
1128.87,4.01,2.798,350.62,1463.96,2510.26,40.5
1228.07,4.062,2.749,428.36,1514.29,2639.35,70.2
1399.82,4.143,2.91,548.59,1820.04,2856.47,132.8
1379.71,4.131,2.93,570.81,1795.4,2877.72,131.3
1074.92,4.043,2.688,361.82,1416.0,2490.4,39.5
1450.08,4.182,3.017,641.2,1922.68,2959.2,156.9
1275.12,4.131,2.888,473.97,1653.84,2701.84,101.1
1152.79,4.062,2.813,412.05,1567.14,2626.08,65.2
1201.8,4.107,2.822,455.74,1648.3,2664.39,85.8
1302.06,4.108,2.887,499.59,1682.69,2785.67,103.3
1275.4,4.086,2.837,471.54,1598.38,2654.59,95.6
1202.27,4.082,2.765,455.79,1599.41,2625.78,83.2
1221.76,4.064,2.794,436.38,1626.48,2617.94,86.3
1119.13,4.064,2.718,334.62,1438.0,2485.05,30.8
1375.27,4.164,2.919,545.02,1839.06,2895.3,138.4
1262.63,4.088,2.818,455.4,1683.98,2625.45,92.6
1066.03,4.011,2.705,308.99,1351.41,2377.64,23.2
1385.16,4.102,2.907,552.78,1837.82,2794.22,130.5
1440.88,4.215,3.038,634.2,1971.82,2994.62,158.6
1472.77,4.216,3.012,634.53,1976.44,3012.04,161.1
1180.28,4.07,2.791,409.49,1502.14,2551.69,63.4
1078.4,4.026,2.65,324.51,1358.65,2331.59,23.9
1248.93,4.074,2.817,448.68,1655.29,2591.91,88.6
1071.61,3.991,2.744,298.68,1306.71,2451.55,20.0
1517.93,4.152,3.031,591.23,1972.48,3003.99,158.8
1157.22,4.026,2.761,315.04,1365.79,2508.64,32.0
1107.46,4.065,2.752,349.42,1409.11,2487.51,43.7
1135.61,4.068,2.794,424.44,1541.52,2513.46,69.7
1197.51,4.078,2.756,384.2,1520.3,2599.56,65.8
1392.24,4.177,2.938,547.39,1847.74,2839.53,135.3
1243.57,4.054,2.776,421.21,1600.97,2700.05,78.1
1094.8,4.064,2.744,353.05,1395.56,2465.23,29.9
1131.32,4.07,2.748,363.43,1430.17,2510.14,46.2
1270.66,4.108,2.811,449.4,1667.23,2649.02,87.0
1109.43,4.041,2.749,332.82,1379.56,2475.99,25.9
1258.38,4.138,2.86,506.89,1733.66,2705.71,104.4
1249.76,4.115,2.836,469.7,1603.3,2647.74,96.6
1342.98,4.169,2.865,500.24,1798.2,2807.7,121.8
1467.65,4.178,3.045,623.66,1934.47,3000.68,159.5
1445.5,4.191,2.988,632.04,1954.81,3005.31,155.2
1480.69,4.215,3.027,635.13,2011.72,2899.89,160.9
1144.78,3.988,2.744,360.02,1409.06,2537.99,42.4
1114.04,4.027,2.694,327.21,1392.63,2409.23,23.2
1160.05,4.069,2.766,347.87,1466.07,2557.98,52.1
1420.42,4.144,2.948,573.22,1862.69,2870.74,152.3
1480.62,4.2,3.044,650.65,2006.07,2965.39,165.3
1420.38,4.155,2.847,606.57,1946.03,2929.24,146.2
1074.77,4.022,2.698,306.07,1415.71,2397.43,19.6
1480.29,4.187,3.005,629.02,1968.19,2958.97,161.1
1252.68,4.061,2.758,425.91,1526.06,2593.44,72.5
1009.03,4.015,2.7,311.67,1279.17,2330.95,2.6
1220.04,4.075,2.779,422.11,1579.71,2620.72,75.8
1094.32,4.006,2.697,308.12,1342.56,2309.77,8.8
1244.77,4.131,2.805,490.14,1655.44,2666.11,92.9
1165.68,4.044,2.793,383.28,1447.14,2573.73,58.2
1201.61,4.09,2.817,435.38,1624.15,2635.49,81.0
1295.86,4.109,2.852,469.97,1709.01,2755.14,104.6
1407.9,4.167,2.952,575.56,1925.8,2903.19,147.8
1344.64,4.173,2.936,518.72,1750.3,2745.64,112.9
1210.15,4.091,2.785,438.27,1597.69,2655.12,74.4
1377.4,4.169,2.904,587.63,1861.5,2901.73,139.5
1468.5,4.191,2.938,591.99,1935.41,2930.73,154.0
1070.49,4.025,2.74,315.31,1331.28,2434.9,21.2
1277.37,4.066,2.866,462.97,1658.12,2705.14,90.9
1108.9,4.097,2.725,335.47,1466.11,2490.87,49.1
1045.08,3.972,2.688,304.19,1325.03,2362.29,9.0
1341.19,4.165,2.851,536.43,1712.3,2788.1,114.0
1413.55,4.184,2.943,605.82,1936.05,2925.22,146.8
1052.83,4.029,2.669,295.18,1395.55,2502.95,28.5
1396.0,4.155,2.945,573.16,1879.53,2896.99,138.3
1449.76,4.221,2.978,587.96,1887.06,2925.56,145.2
1480.44,4.194,2.922,615.44,1951.74,2897.64,155.5
1118.29,4.047,2.799,364.99,1390.97,2607.03,45.8
1414.51,4.169,3.021,601.87,1922.42,2882.43,153.8
1143.12,4.045,2.668,346.63,1473.09,2515.87,55.2
1251.85,4.108,2.759,468.07,1651.53,2673.73,94.3
1048.43,3.983,2.694,307.72,1342.94,2345.37,9.5
1031.94,4.014,2.736,288.1,1260.24,2318.49,8.4
1329.73,4.129,2.89,547.9,1808.58,2743.51,122.7
1239.02,4.104,2.793,399.45,1598.31,2668.41,76.1
1128.51,4.064,2.761,334.61,1490.51,2474.24,44.3
1107.03,4.03,2.704,341.04,1344.62,2366.1,33.2
1279.45,4.143,2.901,498.55,1766.5,2762.55,114.2
956.38,4.004,2.684,298.89,1287.11,2342.63,1.1
1357.62,4.13,2.869,558.03,1849.19,2802.91,137.2
1037.08,4.042,2.68,326.91,1375.08,2401.74,14.4
1111.02,4.026,2.74,329.26,1344.33,2464.22,33.4
1125.49,4.086,2.768,405.85,1546.78,2547.19,66.3
1270.54,4.107,2.792,408.77,1644.13,2659.9,82.9
1173.86,4.016,2.774,392.23,1472.21,2626.03,61.0
1187.93,4.045,2.77,382.62,1514.74,2540.24,55.2
1457.61,4.209,2.985,651.7,1981.71,2955.21,163.9
1320.73,4.126,2.89,474.93,1663.91,2721.76,109.4
1028.39,4.01,2.688,286.44,1327.61,2412.63,5.0
1225.08,4.083,2.801,440.79,1547.5,2603.23,73.7
1424.93,4.198,2.957,617.87,1950.79,2904.57,148.9
1157.04,4.056,2.743,362.64,1500.68,2560.3,51.9
1083.0,4.039,2.734,300.7,1350.99,2410.01,17.0
1352.14,4.13,2.899,519.1,1845.29,2779.13,129.2
1296.27,4.115,2.843,451.95,1728.42,2738.67,103.4
1225.24,4.098,2.755,464.34,1616.67,2686.75,97.4
1056.09,4.01,2.723,289.5,1263.51,2407.13,10.1
1123.63,4.015,2.712,355.49,1368.62,2371.61,24.7
1267.41,4.117,2.869,495.4,1681.53,2773.5,106.2
1101.41,4.021,2.782,342.03,1468.53,2384.04,36.1
1262.0,4.087,2.834,455.37,1597.59,2687.39,86.2
1260.68,4.105,2.823,476.04,1659.66,2720.05,93.1
1141.26,4.01,2.742,387.49,1488.46,2477.06,48.9
1461.36,4.143,3.082,630.46,2033.27,2999.14,161.3
1402.45,4.168,2.951,579.66,1913.06,2886.75,143.4
1347.43,4.087,2.889,532.21,1768.05,2722.19,123.1
1049.62,4.004,2.698,305.3,1346.66,2388.07,14.2
1030.74,4.006,2.683,306.43,1370.71,2362.62,18.9
1232.88,4.105,2.747,457.06,1637.82,2691.05,84.3
1122.58,4.011,2.767,327.78,1357.2,2483.52,28.2
1477.31,4.227,3.016,624.85,2044.04,2968.53,166.3
1051.5,4.041,2.716,330.31,1348.4,2386.08,27.8
1228.19,4.063,2.801,450.23,1635.74,2649.21,83.4
1155.93,4.062,2.814,374.28,1500.93,2596.44,62.5
1273.57,4.155,2.829,492.71,1737.9,2728.84,109.1
1073.39,4.004,2.722,309.11,1359.3,2428.35,22.8
1186.95,4.08,2.804,451.78,1535.28,2647.52,73.7
1117.58,4.077,2.707,367.8,1390.61,2552.15,47.4
1441.56,4.166,2.917,622.93,1939.77,2938.1,151.0
994.89,4.022,2.674,299.16,1289.26,2282.45,7.9
1408.42,4.164,2.986,616.09,1937.34,2928.83,155.4
1424.83,4.107,2.935,575.04,1925.37,2876.89,141.8
1095.18,4.078,2.75,370.54,1499.46,2526.0,51.3
1360.31,4.165,2.93,556.35,1751.28,2752.39,134.4
984.41,4.008,2.668,283.0,1263.1,2313.26,6.3
1469.26,4.171,3.02,634.72,1919.0,2969.89,164.4
1261.64,4.081,2.812,429.46,1618.61,2694.35,90.0
1148.84,4.078,2.73,378.36,1476.6,2616.65,52.3
1232.89,4.072,2.839,377.53,1602.96,2592.46,62.3
1070.96,4.003,2.636,304.26,1353.39,2328.61,12.2
1470.73,4.202,3.095,649.93,2002.4,2959.43,168.2
1002.77,4.03,2.719,316.39,1318.5,2323.31,7.6
1382.57,4.142,2.882,507.58,1751.91,2748.08,111.7
1237.15,4.074,2.795,419.44,1530.66,2629.09,75.8
1486.15,4.161,3.047,617.36,1918.05,2927.09,161.4
1122.32,4.054,2.728,367.95,1458.65,2479.23,42.6
1260.46,4.084,2.829,454.37,1647.75,2672.43,90.9
1192.46,4.068,2.805,426.34,1620.72,2660.31,82.5
1343.42,4.164,2.868,524.24,1821.47,2780.09,119.8
1046.23,4.023,2.705,275.45,1303.5,2338.9,12.5
1075.0,4.039,2.701,342.0,1398.05,2424.97,33.8
1093.17,4.011,2.714,335.56,1430.77,2482.67,37.3
1395.7,4.181,2.936,531.38,1748.64,2791.43,125.7
1092.46,4.051,2.815,369.28,1361.77,2478.01,33.0
1325.79,4.105,2.846,464.1,1718.65,2723.11,97.9
1063.42,4.026,2.759,359.33,1415.0,2423.87,37.4
1410.46,4.173,2.954,604.01,1878.49,2954.45,146.6
1428.99,4.178,3.014,636.57,1962.36,2963.4,160.2
1216.76,4.144,2.83,456.39,1587.66,2644.56,88.6
1147.66,4.057,2.799,375.5,1509.88,2632.39,60.5
1123.06,4.019,2.785,343.65,1419.52,2479.52,40.6
1043.64,4.033,2.671,280.62,1323.16,2371.8,9.4
1113.45,4.036,2.832,359.14,1397.24,2503.65,46.4
1258.87,4.144,2.861,497.46,1713.13,2820.95,111.6
1291.32,4.116,2.822,442.71,1634.9,2752.66,91.2
1461.56,4.187,2.99,632.81,1942.01,2971.84,160.5
1160.82,4.055,2.767,399.75,1581.69,2591.61,68.0
1341.72,4.135,2.89,512.88,1742.98,2827.64,118.3
1237.98,4.07,2.824,416.62,1708.94,2632.16,83.7
1236.05,4.098,2.829,449.69,1655.87,2677.1,87.6
1133.82,4.063,2.733,362.77,1445.45,2476.47,46.3
1187.52,4.121,2.714,418.79,1610.11,2703.99,77.9
1242.96,4.068,2.746,439.17,1625.13,2682.41,80.6
1316.52,4.134,2.877,525.24,1766.82,2870.27,120.4
1451.68,4.177,3.009,631.89,1988.48,2939.52,160.0
1174.06,4.065,2.749,393.88,1473.66,2580.11,56.7
1063.98,3.97,2.675,306.68,1324.7,2369.39,8.1
1275.87,4.076,2.816,467.72,1618.55,2668.43,84.9
1286.08,4.071,2.818,462.39,1665.28,2755.01,93.0
1078.58,3.998,2.709,318.83,1398.73,2399.75,29.5
1330.98,4.137,2.849,539.01,1817.02,2811.46,129.5
1526.65,4.23,3.024,637.05,2047.56,2968.26,167.5
1503.93,4.196,3.032,611.58,1940.35,2904.93,160.8
1082.24,4.034,2.701,304.13,1387.72,2375.65,34.3
1454.0,4.201,2.974,597.71,1901.06,2907.53,148.9
1332.03,4.146,2.917,523.1,1813.62,2827.28,120.1
1253.4,4.096,2.771,456.09,1592.32,2618.63,77.7
1244.93,4.095,2.807,486.78,1651.65,2653.47,92.4
1466.47,4.156,2.969,593.28,1867.35,2945.23,144.6
1248.1,4.065,2.839,445.26,1595.46,2599.9,82.1
1222.94,4.057,2.754,386.78,1565.9,2499.3,64.1
1223.16,4.089,2.757,444.41,1617.63,2593.2,84.4
1286.93,4.119,2.87,471.77,1689.52,2774.81,98.9
1071.33,4.03,2.746,341.53,1384.98,2441.87,33.0
1466.02,4.172,2.982,593.89,1946.61,2982.74,153.3
1347.22,4.114,2.892,516.75,1788.65,2825.66,114.9
1363.86,4.131,2.814,473.81,1693.84,2671.73,108.0
1069.56,4.002,2.72,357.96,1318.24,2392.9,17.8
1307.4,4.124,2.832,504.79,1674.91,2760.18,103.1
1054.73,3.978,2.731,338.66,1390.8,2361.66,21.4
1062.4,4.014,2.728,287.25,1302.56,2325.09,14.3
1241.8,4.116,2.845,429.77,1633.82,2697.31,90.1
1194.66,4.088,2.799,413.53,1525.23,2545.3,69.1
1285.99,4.11,2.843,472.63,1739.72,2730.33,100.5
1044.42,4.028,2.714,337.15,1322.48,2413.73,16.1
1206.6,4.056,2.8,428.69,1624.73,2647.66,73.8
1080.02,4.026,2.706,334.34,1395.38,2472.75,30.5
1483.25,4.193,3.042,666.29,1975.15,3042.39,167.8
1294.82,4.129,2.839,469.45,1692.72,2659.8,95.8
1335.93,4.094,2.889,519.18,1760.63,2853.41,117.2
1164.74,4.038,2.741,398.72,1542.51,2520.64,56.0
1019.09,4.046,2.675,300.87,1335.63,2344.05,17.0
1497.03,4.146,2.986,654.25,1967.67,3026.37,165.9
1151.63,4.067,2.713,378.67,1459.21,2539.75,49.4
1191.68,4.066,2.77,402.94,1607.0,2539.12,72.6
1364.46,4.132,2.842,530.22,1741.45,2795.26,110.8
969.54,4.025,2.684,284.18,1273.41,2352.25,5.2
1415.5,4.166,2.884,541.77,1811.03,2871.05,137.9
1273.64,4.132,2.765,445.86,1657.2,2664.44,91.7
1148.31,4.039,2.753,352.03,1439.15,2561.9,48.0
1046.22,3.997,2.704,304.41,1266.96,2428.63,11.4
1097.9,4.041,2.741,355.55,1420.49,2458.21,28.5
1463.41,4.169,2.991,606.58,1881.82,2877.9,152.3
1312.67,4.146,2.88,538.97,1707.15,2735.99,116.9
1129.65,4.067,2.746,374.45,1443.56,2457.55,43.2
1038.88,4.022,2.727,262.62,1313.67,2406.47,12.1
1305.83,4.104,2.913,530.51,1737.98,2775.1,117.7
1291.4,4.104,2.81,462.25,1683.54,2732.55,97.7
1178.47,4.081,2.804,417.71,1547.09,2570.52,69.4
1136.12,4.062,2.752,395.08,1593.02,2622.83,62.5
1094.14,4.038,2.741,389.77,1419.12,2422.34,37.6
1302.43,4.137,2.895,515.18,1710.39,2764.88,114.2
1509.25,4.183,3.021,645.37,1986.19,2970.33,165.0
1093.63,4.024,2.697,351.42,1408.3,2468.51,30.7
1320.33,4.092,2.824,458.04,1685.01,2738.89,101.9
1185.15,4.07,2.758,433.14,1520.08,2666.82,72.7
1234.32,4.054,2.761,421.6,1632.45,2674.6,76.5
1195.04,4.047,2.78,349.43,1412.74,2465.43,44.0
1412.74,4.16,2.943,584.91,1891.9,2881.65,140.4
1252.45,4.074,2.782,416.35,1650.73,2648.44,83.0
1276.51,4.14,2.791,474.15,1646.53,2666.44,92.8
1111.15,4.05,2.728,373.88,1512.15,2465.67,52.5
1107.07,4.035,2.705,335.61,1429.98,2444.35,31.7
1059.52,3.996,2.74,274.81,1304.05,2416.36,15.5
1338.82,4.132,2.876,539.99,1825.84,2811.77,121.7
1076.56,4.039,2.794,345.28,1420.69,2468.28,34.2
1350.25,4.129,2.869,509.79,1698.84,2845.05,117.6
1161.66,4.073,2.76,391.21,1551.9,2549.86,67.0
1251.2,4.094,2.812,425.66,1547.23,2570.08,71.3
1226.04,4.079,2.749,438.1,1615.55,2620.73,80.3
1144.87,4.041,2.777,397.42,1510.73,2612.67,63.1
1045.13,3.982,2.672,297.93,1327.05,2427.0,18.0
1141.95,4.085,2.691,382.4,1458.09,2541.16,53.3
1379.71,4.148,2.857,509.96,1750.95,2826.91,113.2
1298.33,4.143,2.886,526.86,1761.33,2734.07,113.5
1135.45,4.042,2.758,352.21,1472.77,2497.98,49.4
1205.4,4.061,2.799,418.88,1586.84,2646.29,78.8
1109.94,4.026,2.651,369.85,1411.81,2444.74,33.7
1091.76,4.033,2.728,348.83,1452.2,2498.09,36.6
997.63,3.973,2.688,294.37,1263.24,2408.93,4.9
1437.76,4.149,2.986,618.09,1880.01,2925.32,152.6
1097.47,4.001,2.701,373.25,1384.7,2480.81,36.6
1097.51,4.052,2.762,333.92,1383.1,2512.76,39.5
1121.92,4.025,2.734,400.74,1437.84,2541.05,48.3
1098.84,4.024,2.705,320.01,1398.32,2479.77,22.5
1298.97,4.117,2.868,500.65,1675.11,2769.77,109.0
1019.04,4.019,2.667,306.26,1321.48,2376.41,13.7
1060.54,4.026,2.741,345.15,1388.66,2374.63,23.7
1311.11,4.121,2.813,513.22,1730.5,2770.86,110.0
1129.15,4.065,2.784,385.68,1536.36,2513.99,58.4
1382.77,4.137,2.87,507.08,1759.7,2761.52,120.6
1287.76,4.095,2.821,461.67,1651.25,2714.12,95.2
1160.64,4.064,2.652,340.35,1440.22,2481.45,44.3
1322.63,4.119,2.838,514.59,1751.24,2664.15,111.0
1012.19,4.014,2.706,307.18,1438.49,2494.42,20.7
1294.12,4.075,2.865,455.92,1650.52,2625.2,91.7
1186.35,4.088,2.789,439.05,1572.14,2606.1,74.9
1110.6,4.035,2.727,376.32,1431.22,2455.11,46.3
1293.12,4.108,2.865,488.77,1752.33,2718.94,103.1
1463.23,4.156,2.937,580.55,1889.02,2893.97,148.3
1525.71,4.197,3.117,656.78,1980.61,2972.33,169.8
1313.75,4.078,2.849,472.54,1696.58,2727.84,103.7
1184.87,4.089,2.754,417.5,1610.8,2551.94,69.4
1103.1,4.037,2.765,331.01,1413.83,2495.56,39.1
1134.01,4.036,2.762,378.86,1451.9,2512.8,44.4
1224.86,4.06,2.829,439.57,1534.08,2647.46,82.0
1197.49,4.077,2.766,397.01,1559.04,2590.89,63.1
1472.76,4.169,2.997,617.0,1924.65,2982.07,155.4
1190.51,4.094,2.829,395.81,1557.71,2513.69,63.2
1114.96,4.079,2.778,400.32,1553.0,2637.73,64.1
1185.99,4.102,2.764,422.13,1545.88,2647.08,65.8
1407.29,4.169,2.979,593.37,1860.63,2922.12,142.4
1317.01,4.149,2.876,511.9,1736.51,2747.88,111.0
1275.45,4.129,2.83,490.72,1667.38,2821.14,104.8
1126.92,4.052,2.815,381.26,1513.06,2591.78,57.5
1411.55,4.166,2.888,585.63,1876.5,2815.13,139.2
1023.41,3.983,2.711,281.22,1307.03,2334.88,7.5
1442.85,4.214,2.986,619.01,1901.3,2935.38,148.2
1227.43,4.096,2.844,459.39,1615.41,2616.61,87.7
1225.04,4.075,2.753,425.57,1546.73,2634.2,68.3
1261.68,4.103,2.77,450.02,1589.42,2648.95,85.0
1328.7,4.109,2.869,505.94,1730.57,2732.78,113.8
1016.62,4.02,2.711,301.95,1349.61,2325.96,3.2
1450.21,4.153,2.92,571.47,1903.45,2889.53,148.3
1222.3,4.059,2.802,416.02,1600.65,2553.92,76.5
1170.04,4.06,2.722,386.1,1511.72,2551.3,59.0
1099.87,3.995,2.749,303.18,1373.36,2399.41,24.4
1244.7,4.114,2.774,431.83,1584.92,2622.48,75.3
1204.93,4.09,2.802,461.69,1614.49,2613.04,84.9
1165.91,4.011,2.807,384.08,1573.17,2600.17,69.2
1307.53,4.137,2.889,506.01,1733.81,2876.49,115.7
1162.7,4.09,2.8,413.19,1523.14,2555.35,72.1
1476.8,4.184,3.05,637.27,1975.91,2976.04,163.5
1301.85,4.089,2.851,494.03,1730.2,2738.73,102.3
1393.87,4.158,2.962,560.93,1832.51,2870.46,137.5
1048.28,4.004,2.659,329.43,1375.46,2395.97,19.5
1217.36,4.055,2.778,408.83,1571.04,2592.56,68.1
1164.79,4.04,2.761,377.87,1555.02,2531.64,57.9
1280.6,4.113,2.823,473.32,1730.74,2772.93,97.2
1452.09,4.189,2.961,569.11,1910.21,2921.09,146.5
1045.64,4.017,2.71,302.46,1327.56,2351.46,14.2
1097.84,3.972,2.727,301.98,1278.81,2421.01,13.3
1406.2,4.181,2.905,574.32,1913.86,2868.2,144.7
1155.84,4.051,2.802,384.72,1456.13,2420.45,37.0
1297.6,4.159,2.851,527.83,1740.2,2756.31,114.0
1271.85,4.086,2.829,462.87,1666.0,2745.09,92.7
1391.94,4.164,2.925,582.33,1840.49,2840.51,141.8
1096.23,4.029,2.716,327.73,1344.57,2395.97,22.1
1058.27,4.008,2.699,330.74,1326.03,2387.16,22.9
1273.04,4.119,2.831,488.52,1673.66,2731.42,95.1
1453.74,4.188,3.022,639.56,1946.38,2920.08,160.9
1220.92,4.061,2.712,383.88,1600.93,2626.57,71.1
1140.36,4.044,2.751,396.1,1508.31,2488.82,56.3
1332.64,4.143,2.83,471.5,1712.68,2774.7,103.5
1436.28,4.166,3.061,610.21,1946.4,2974.46,158.2
1376.54,4.143,2.959,592.36,1921.76,2917.33,142.4
1521.24,4.206,3.117,619.98,2040.05,3004.1,169.2
1011.12,3.995,2.709,316.14,1288.98,2296.84,4.8
1062.92,3.989,2.714,328.61,1363.24,2431.1,20.1
1283.89,4.108,2.853,490.13,1746.58,2756.38,104.0
1368.59,4.146,2.959,583.18,1826.65,2846.3,139.7
1135.99,4.038,2.803,387.08,1481.23,2464.72,49.2
1149.07,4.092,2.749,358.39,1429.81,2486.21,41.4
1408.58,4.149,2.891,568.1,1880.65,2859.73,134.0
1045.47,3.985,2.727,285.28,1332.44,2391.07,10.5
1204.04,4.109,2.747,410.09,1478.98,2545.65,63.4
1214.35,4.115,2.821,455.28,1616.1,2678.04,86.5
1259.37,4.123,2.847,488.0,1710.28,2738.78,95.7
1362.74,4.127,2.882,534.99,1819.32,2730.79,124.1
1166.27,4.089,2.741,397.57,1489.59,2467.74,61.0
1287.39,4.135,2.829,472.51,1677.14,2742.18,104.5
1249.9,4.116,2.825,475.88,1688.8,2727.91,99.9
1209.21,4.071,2.791,470.81,1657.26,2665.72,93.5
1328.03,4.125,2.841,507.76,1719.29,2694.76,109.2
1132.48,4.08,2.701,387.2,1442.19,2569.86,44.8
1073.88,4.013,2.723,315.02,1317.73,2383.24,15.3
1054.86,4.009,2.723,316.85,1426.26,2408.0,21.2
1093.2,4.034,2.744,358.77,1419.27,2453.72,39.0
1238.28,4.092,2.797,435.75,1604.74,2652.81,85.5
1433.42,4.151,2.928,599.03,1892.22,2879.44,143.0
1332.89,4.137,2.849,510.9,1769.1,2850.24,119.5
1404.64,4.185,2.926,551.28,1810.38,2954.52,134.3
1142.59,4.091,2.727,375.53,1510.64,2526.74,60.3
1188.6,4.061,2.784,411.3,1554.28,2638.06,69.4
1185.76,4.099,2.759,415.94,1561.21,2651.51,67.5
1127.43,4.047,2.782,365.01,1417.22,2418.74,33.4
1046.85,4.017,2.716,300.5,1289.28,2342.57,11.3
1326.32,4.123,2.836,474.64,1708.78,2672.45,100.9
1460.24,4.179,3.024,605.03,2018.37,2968.85,168.2
1089.23,4.018,2.682,335.88,1358.49,2400.48,29.2
1040.19,4.018,2.712,297.64,1286.78,2346.63,8.9
1395.07,4.13,2.96,553.62,1825.58,2797.68,132.7
1103.03,4.023,2.755,381.89,1456.12,2516.45,43.7
1448.37,4.171,2.935,582.72,1876.55,2916.68,141.2
1340.37,4.122,2.881,516.13,1772.83,2779.81,120.0
1442.43,4.205,3.007,611.75,1914.87,2919.8,160.8
1194.24,4.062,2.789,394.19,1589.49,2605.37,70.1
1310.67,4.134,2.839,498.93,1713.14,2779.36,112.9
1290.7,4.095,2.769,436.93,1639.59,2606.58,79.6
1328.83,4.113,2.852,461.66,1754.71,2730.51,107.6
1215.09,4.08,2.838,423.85,1554.73,2606.1,77.0
1092.57,4.017,2.751,351.24,1416.19,2481.45,32.9
1265.62,4.097,2.773,431.4,1670.91,2671.92,86.8
1276.89,4.082,2.809,451.88,1662.73,2604.96,90.3
1323.28,4.156,2.942,551.56,1803.43,2965.5,138.0
1372.52,4.16,2.933,494.57,1796.61,2801.3,125.3
1320.13,4.107,2.914,494.33,1769.26,2799.93,113.2
1030.54,4.005,2.705,300.55,1405.07,2402.13,20.2
1370.69,4.152,2.906,540.75,1782.5,2788.4,122.8
1294.32,4.054,2.816,451.36,1574.61,2697.14,85.6
1455.11,4.215,2.962,586.81,1983.72,2999.4,152.1
1482.85,4.204,2.985,633.2,1934.22,2900.1,156.5
1084.27,3.972,2.701,310.51,1359.05,2329.71,10.3
1380.68,4.12,2.96,566.85,1854.23,2938.7,139.7
985.6,4.0,2.653,299.64,1320.62,2432.24,7.4
1191.63,4.045,2.786,382.98,1508.99,2584.14,63.1
1252.44,4.124,2.867,422.72,1635.04,2741.3,92.6
1043.63,4.03,2.762,328.22,1432.35,2403.8,26.0
1360.13,4.15,2.909,519.16,1834.03,2759.35,127.1
1038.37,3.982,2.666,283.1,1283.92,2327.36,2.4
1083.02,4.058,2.747,339.23,1420.01,2493.52,29.5
1257.97,4.128,2.872,444.99,1662.77,2684.57,99.2
1339.87,4.152,2.864,529.69,1781.96,2869.07,121.7
1453.07,4.207,2.992,624.78,1938.48,2992.61,155.9
1292.61,4.118,2.87,491.81,1752.52,2805.14,120.2
1319.94,4.157,2.845,520.08,1723.49,2890.11,114.5
1154.21,4.068,2.769,434.97,1492.11,2581.36,67.6
1033.82,3.998,2.691,280.72,1251.09,2273.41,1.2
1027.14,4.013,2.685,329.62,1414.03,2391.05,21.3
1280.15,4.065,2.786,441.7,1596.08,2697.17,91.3
1315.0,4.151,2.838,524.64,1751.62,2750.84,115.1
1185.07,4.042,2.795,422.18,1569.76,2575.56,71.5
1361.28,4.124,2.842,536.48,1786.61,2834.58,124.5
1226.98,4.091,2.748,454.48,1666.42,2707.67,89.2
1053.96,3.968,2.744,310.99,1320.12,2385.52,13.5
1078.53,4.009,2.698,339.3,1436.53,2450.29,33.5
1397.91,4.171,2.929,564.37,1893.17,2867.3,143.0
1361.05,4.136,2.911,528.65,1749.19,2782.85,123.5
1413.09,4.173,2.923,602.01,1953.43,2917.25,152.2
1033.46,3.997,2.669,300.13,1348.03,2352.16,20.9
1500.7,4.199,3.04,643.86,1938.65,2969.45,168.3
1103.72,4.028,2.762,344.73,1433.97,2475.88,36.4
1025.78,3.961,2.689,279.64,1278.4,2286.17,3.0
1506.74,4.195,3.079,654.1,2046.85,2915.52,169.6
1137.48,4.025,2.741,377.34,1502.14,2492.95,48.5
1336.79,4.149,2.879,498.06,1720.31,2724.77,113.9
1092.65,4.02,2.768,337.77,1425.94,2420.53,30.9
1227.17,4.163,2.922,487.57,1661.81,2746.95,99.1
1402.93,4.199,2.968,591.65,1876.0,2967.62,153.8
1201.88,4.055,2.805,356.4,1478.1,2535.37,55.1
1322.73,4.143,2.893,494.78,1709.17,2797.3,114.3
1118.81,3.989,2.736,346.89,1404.71,2527.95,32.8
1291.01,4.141,2.781,484.2,1773.33,2733.1,106.6
1159.64,4.045,2.752,368.2,1510.3,2509.77,57.9
1093.84,4.037,2.723,365.26,1434.9,2491.54,36.7
1212.16,4.042,2.769,361.32,1461.55,2512.8,53.9
1097.48,4.016,2.72,333.64,1382.73,2399.81,31.2
1432.1,4.176,2.954,616.92,1940.44,2922.59,153.4
1147.86,4.076,2.84,417.52,1548.73,2605.12,68.1
1169.47,4.042,2.781,363.23,1422.87,2502.01,42.5
1209.2,4.085,2.733,415.43,1617.37,2568.51,76.8
1172.45,4.026,2.751,389.83,1501.0,2555.15,55.2
1382.49,4.193,2.91,539.06,1866.06,2766.31,126.8
1472.27,4.199,3.07,642.96,1997.39,2928.52,165.1
1225.17,4.091,2.778,442.33,1545.83,2670.48,75.0
1408.09,4.164,2.94,570.11,1896.22,2835.66,146.5
1245.47,4.092,2.831,474.27,1636.07,2607.08,96.6
1110.99,4.027,2.741,331.75,1444.4,2446.34,27.6
1329.22,4.141,2.824,531.18,1734.52,2764.04,117.7
1257.5,4.124,2.752,475.64,1667.51,2652.12,87.8
1322.99,4.169,2.894,527.34,1763.11,2820.26,111.0
1454.73,4.207,2.933,613.02,1894.21,2966.8,151.4
1170.58,4.048,2.855,413.64,1591.43,2655.89,75.4
1430.43,4.17,2.944,599.21,1931.19,2933.17,153.3
1356.25,4.155,2.888,552.23,1834.09,2849.52,127.9
1211.73,4.085,2.816,420.59,1621.46,2631.64,83.6
1299.54,4.116,2.776,479.22,1679.5,2704.29,102.9
1185.81,4.016,2.847,372.07,1517.14,2541.04,56.0
1524.41,4.215,3.035,624.84,2004.16,3012.99,167.2
1312.77,4.093,2.837,511.46,1718.95,2834.28,113.8
1041.85,3.969,2.661,308.27,1239.04,2396.45,8.4
1167.75,4.039,2.772,392.5,1518.79,2568.82,56.2
1314.44,4.119,2.855,492.25,1725.52,2737.63,106.3
1017.7,3.971,2.665,294.68,1329.45,2351.34,10.5
1071.96,3.975,2.651,282.94,1334.57,2349.49,5.0
1237.21,4.108,2.825,439.09,1614.72,2632.04,77.1
1183.19,4.058,2.743,377.85,1544.1,2503.22,57.2
1238.57,4.091,2.739,413.76,1603.55,2602.01,75.1
1141.2,4.021,2.741,368.72,1460.85,2500.26,45.4
1059.4,4.025,2.711,317.17,1352.45,2459.5,28.8
1328.94,4.132,2.928,517.7,1809.32,2784.48,117.5
1203.81,4.083,2.797,441.44,1628.62,2745.54,88.0
1110.74,4.032,2.721,332.71,1395.31,2432.95,34.8
1149.18,4.02,2.766,377.4,1515.23,2547.01,55.0
1282.1,4.124,2.819,489.66,1636.1,2715.95,101.0
1076.29,3.998,2.716,307.17,1304.9,2388.92,13.2
1066.29,4.017,2.688,331.06,1358.75,2422.63,25.9
1040.31,4.024,2.695,316.19,1308.02,2360.65,13.4
1397.53,4.169,2.933,576.52,1913.71,2893.38,138.3
1319.28,4.142,2.929,539.45,1807.94,2797.46,128.2
1359.1,4.126,2.877,550.85,1791.93,2778.23,128.3
1284.31,4.167,2.862,524.85,1781.91,2843.96,122.1
1307.65,4.104,2.909,515.13,1774.01,2774.46,114.1
1248.31,4.103,2.785,451.31,1550.61,2703.43,81.6
1319.67,4.093,2.851,505.68,1731.75,2755.45,109.5
1017.44,4.018,2.746,276.18,1290.98,2291.85,7.5
1299.0,4.141,2.848,482.31,1721.05,2757.91,106.0
1351.81,4.115,2.898,562.4,1795.22,2775.87,132.5
1238.13,4.105,2.803,411.85,1619.24,2594.65,85.6
1244.01,4.073,2.747,398.73,1518.65,2563.52,61.4
1180.56,4.063,2.763,371.32,1428.62,2517.11,47.9
1310.07,4.133,2.826,538.99,1784.64,2760.86,109.6
1338.3,4.117,2.895,524.38,1778.25,2759.12,118.1
1404.09,4.169,2.952,590.7,1927.98,2879.55,148.2
1143.74,4.096,2.772,406.21,1501.45,2660.4,58.9
1383.46,4.13,2.954,544.15,1829.93,2796.88,131.1
1254.88,4.115,2.783,467.43,1632.85,2668.09,95.9
1457.64,4.199,2.959,598.83,1890.23,2977.53,150.2
1290.78,4.082,2.835,463.27,1617.54,2645.34,90.2
1254.89,4.071,2.795,436.66,1646.02,2660.23,88.5
1278.73,4.087,2.86,485.54,1732.18,2713.13,98.7
1321.64,4.156,2.877,532.97,1835.19,2814.31,127.6
1498.89,4.167,3.031,664.79,2026.9,3021.66,164.0
1018.15,4.004,2.699,282.2,1351.78,2413.73,13.4
1028.02,4.03,2.703,287.78,1327.17,2391.02,10.0
1489.1,4.186,2.999,591.25,1923.87,3015.26,159.4
1278.29,4.086,2.816,499.51,1655.7,2674.24,90.5
1283.01,4.122,2.83,468.82,1693.91,2787.36,104.9
1219.32,4.091,2.783,449.05,1636.66,2665.64,82.5
1037.59,4.02,2.716,321.63,1300.62,2350.26,16.8
1343.58,4.184,2.903,535.03,1818.97,2860.65,130.8
1346.69,4.155,2.872,551.59,1807.04,2809.12,127.3
1109.51,4.097,2.768,362.5,1544.21,2471.63,53.7
1164.44,4.064,2.742,364.53,1456.1,2467.99,52.8
1420.53,4.151,2.98,554.61,1910.1,2850.06,142.6
1060.26,4.052,2.777,314.6,1351.86,2434.92,13.2
1410.24,4.173,2.999,567.36,1900.43,2809.39,149.9
1095.29,4.024,2.784,366.51,1464.65,2484.49,44.4
1285.04,4.162,2.861,476.94,1684.54,2743.45,101.2
1465.85,4.172,2.989,647.14,1950.78,2950.14,159.2
1323.08,4.117,2.809,512.51,1777.47,2765.67,115.6
1189.99,4.067,2.753,426.19,1639.38,2568.68,71.0
1375.39,4.138,2.85,524.25,1792.3,2846.35,117.5
1175.19,4.082,2.802,387.76,1520.65,2535.53,59.1
1183.61,3.996,2.757,383.98,1509.34,2459.78,47.9
1529.86,4.218,3.056,654.18,1954.8,2977.97,169.4
1407.01,4.137,2.839,554.94,1797.06,2839.77,127.9
1282.87,4.118,2.923,484.91,1732.14,2726.1,110.0
1184.56,4.1,2.784,401.05,1490.02,2577.69,61.0
1025.92,4.006,2.725,309.95,1295.5,2355.36,9.3
987.76,4.007,2.677,276.49,1250.06,2359.81,6.2
1301.87,4.106,2.82,462.99,1625.31,2751.51,94.7
1362.99,4.166,2.888,520.03,1810.3,2765.38,129.8
1229.84,4.136,2.821,434.01,1623.23,2667.27,91.8
1401.89,4.117,2.991,578.4,1889.92,2855.11,143.1
1010.4,4.02,2.658,320.49,1309.34,2317.67,6.6
1157.67,4.099,2.77,425.18,1539.97,2573.74,63.0
1110.97,4.051,2.75,349.79,1423.7,2481.28,41.1
1256.01,4.071,2.79,410.77,1618.94,2555.23,76.6
1029.59,3.983,2.732,318.47,1342.2,2324.31,13.2
1515.79,4.238,2.959,599.08,1971.1,3012.79,162.2
1131.66,4.02,2.793,343.95,1436.31,2418.11,38.7
1466.59,4.214,2.944,603.67,1933.55,2974.08,156.9
1221.32,4.088,2.753,416.19,1610.76,2531.48,73.0
1492.2,4.238,3.037,664.0,2022.98,2924.91,167.6
1296.56,4.101,2.805,425.23,1652.62,2715.81,94.6
1475.56,4.153,3.004,623.35,1951.3,3012.14,158.3
977.36,3.992,2.697,290.82,1270.89,2366.66,1.9
1370.5,4.118,2.896,539.5,1881.25,2806.42,127.5
1465.69,4.233,2.929,610.74,1917.3,2903.26,153.6
1067.2,4.033,2.713,332.05,1408.25,2434.17,24.6
1059.26,4.027,2.708,313.82,1423.43,2322.93,17.2
1186.68,4.095,2.824,386.5,1579.77,2625.52,72.8
1428.52,4.172,3.0,606.62,1896.29,2932.08,158.8
1219.91,4.102,2.832,483.65,1700.39,2752.37,92.7
1212.94,4.104,2.875,436.63,1628.89,2689.13,90.1
1091.75,4.06,2.683,325.97,1352.73,2411.09,24.9
954.89,3.968,2.676,273.59,1333.17,2334.17,1.1
1379.16,4.146,2.886,575.16,1814.96,2855.25,137.9
1033.4,4.002,2.754,305.91,1380.36,2402.33,15.8
1297.17,4.11,2.9,504.4,1715.38,2714.08,108.1
1406.03,4.153,3.025,617.23,1878.26,2984.23,155.6
1114.16,3.981,2.749,339.58,1445.83,2448.54,36.3
1288.36,4.094,2.873,473.49,1677.79,2804.06,113.4
1077.18,4.03,2.69,293.38,1330.02,2407.22,14.3
1273.54,4.117,2.863,464.83,1650.9,2735.05,103.0
1082.35,4.042,2.684,313.44,1378.96,2460.9,28.7
1356.76,4.133,2.849,542.92,1818.97,2801.19,125.4
1151.21,4.052,2.742,405.45,1495.98,2550.69,51.9
1221.35,4.12,2.854,393.82,1604.26,2569.88,79.3
1276.25,4.147,2.823,458.67,1727.04,2683.84,102.3
1096.47,4.046,2.713,337.36,1393.79,2430.93,29.9
1371.29,4.15,2.899,533.9,1795.83,2747.14,126.3
1126.61,4.065,2.782,382.35,1492.84,2529.39,52.1
1329.37,4.137,2.898,505.07,1723.34,2853.64,112.9
1112.12,4.021,2.688,349.7,1410.85,2401.02,27.7
1349.54,4.127,2.867,524.57,1764.44,2788.13,117.3
1092.86,4.04,2.721,334.05,1386.08,2371.12,22.7
1206.66,4.054,2.797,432.57,1565.5,2651.53,72.9
1097.58,4.073,2.768,339.7,1460.79,2479.87,42.8
1342.92,4.142,2.917,549.28,1827.33,2826.89,127.5
1135.55,4.02,2.746,371.98,1395.49,2490.25,45.3
1458.0,4.164,2.993,591.89,1864.74,2908.33,150.0
1509.59,4.16,2.993,596.21,1899.58,2876.42,151.7
1123.3,4.021,2.757,336.82,1407.02,2462.11,34.2
1264.88,4.108,2.828,473.62,1745.61,2725.45,104.7
1033.42,3.997,2.727,288.29,1351.04,2323.11,15.8
1243.48,4.067,2.814,437.7,1562.48,2512.02,67.2
1339.54,4.139,2.864,542.36,1827.37,2796.82,121.6
1318.39,4.144,2.863,505.0,1782.29,2754.71,112.4
1275.6,4.117,2.894,469.0,1685.09,2690.49,106.6
1175.83,4.057,2.762,377.16,1507.28,2545.52,48.7
1192.74,4.07,2.772,395.41,1540.36,2555.61,64.9
1039.58,4.024,2.753,311.09,1332.17,2415.01,18.4
1323.01,4.142,2.867,562.19,1776.57,2773.81,122.5
1247.58,4.083,2.758,473.93,1608.42,2646.29,86.2
1343.65,4.121,2.854,488.84,1781.95,2776.16,120.8
1142.55,4.047,2.776,363.62,1444.53,2474.63,43.1
1169.29,4.084,2.776,385.25,1536.6,2549.44,55.8
1153.46,4.056,2.765,391.36,1564.36,2536.1,57.5
1013.6,3.983,2.724,282.97,1284.07,2366.58,5.4
1159.2,4.057,2.77,388.36,1472.29,2505.25,58.6
1378.41,4.148,2.91,546.95,1868.86,2835.96,136.8
1439.69,4.165,2.993,619.4,1948.79,2942.93,152.6
1247.27,4.071,2.802,465.83,1648.96,2707.0,88.6
1194.21,4.081,2.81,452.59,1546.2,2632.13,78.0
1045.02,4.002,2.67,281.15,1275.81,2374.71,6.2
1423.8,4.153,2.925,599.96,1911.07,2881.3,149.6
1001.01,3.976,2.664,318.44,1269.34,2313.72,3.2
1460.31,4.17,3.002,614.79,1927.17,2984.87,160.7
1238.87,4.066,2.785,424.97,1680.93,2636.9,83.7
1165.68,4.044,2.746,393.12,1481.79,2533.92,58.8
1468.29,4.18,2.982,633.22,1977.45,2932.53,157.2
1049.1,3.969,2.69,280.95,1307.71,2292.31,5.1
1310.57,4.11,2.786,503.38,1701.81,2671.76,99.3
1269.02,4.092,2.747,448.39,1693.98,2664.22,93.8
1081.98,4.018,2.747,358.63,1405.96,2527.31,38.1
1197.31,4.088,2.792,408.39,1564.34,2593.74,73.5
1288.45,4.115,2.815,494.8,1749.88,2747.8,111.2
1394.49,4.134,2.897,544.11,1735.97,2839.53,123.9
1066.8,4.017,2.7,281.26,1329.23,2324.79,1.1
1480.98,4.168,2.987,598.59,1954.48,2937.31,159.3
1106.46,4.057,2.781,319.85,1360.94,2430.1,28.8
1121.24,4.033,2.777,364.08,1469.24,2443.35,40.5
1137.34,4.024,2.734,368.76,1459.82,2451.73,45.5
992.16,3.988,2.684,305.6,1282.57,2388.16,7.4
1065.53,4.018,2.67,310.33,1389.52,2418.6,21.8
1470.29,4.222,3.089,627.85,1919.61,2913.11,167.7
1158.46,4.073,2.766,367.42,1505.65,2566.27,54.3
1062.63,4.017,2.736,305.82,1395.23,2392.46,20.5
1109.31,4.039,2.646,313.92,1325.35,2384.93,19.1
1371.0,4.104,2.905,510.89,1747.25,2844.63,122.6
1426.8,4.175,2.927,601.21,1900.51,2860.73,145.4
1118.62,4.051,2.762,368.44,1432.25,2497.48,44.4
1067.14,4.002,2.707,277.02,1360.48,2395.66,4.5
1109.62,4.006,2.735,346.97,1413.31,2460.91,38.7
1048.02,3.983,2.678,286.72,1310.78,2345.06,10.6
1060.19,4.009,2.721,311.33,1363.57,2458.78,18.5
1195.17,4.104,2.764,406.94,1520.66,2590.73,73.9
1114.27,4.078,2.769,384.23,1435.7,2504.85,39.9
1196.71,4.086,2.791,426.03,1669.48,2618.22,88.2
1085.07,4.018,2.744,340.55,1447.73,2524.73,43.8
1475.5,4.204,2.977,619.46,1919.41,2936.94,160.0
1486.88,4.233,2.978,609.05,1914.15,2971.81,154.1
1279.41,4.132,2.797,470.35,1615.43,2681.93,96.8
1151.32,4.05,2.744,406.6,1511.84,2581.59,60.9
1145.61,4.128,2.844,408.58,1572.73,2501.57,65.4
1215.63,4.091,2.809,398.74,1542.47,2594.83,70.6
1338.13,4.127,2.896,547.88,1812.76,2816.42,124.0
1230.9,4.124,2.81,436.02,1545.13,2586.55,77.3
1430.61,4.153,2.953,606.96,1945.84,2902.96,145.8
1480.69,4.176,3.0,625.39,1990.54,3068.41,160.6
1161.7,4.076,2.786,402.96,1492.82,2507.5,57.8
1277.27,4.108,2.802,425.7,1628.73,2717.9,95.8
1052.67,4.012,2.755,303.84,1327.09,2363.83,17.1
1084.62,4.034,2.734,329.19,1422.17,2505.8,34.9
1172.68,4.1,2.808,423.66,1594.93,2610.91,70.9
1043.37,3.988,2.779,333.56,1354.32,2441.41,35.8
1427.09,4.18,2.97,609.4,1940.79,2920.2,149.1
1120.31,4.018,2.697,341.74,1392.67,2497.2,27.8
1234.98,4.071,2.832,418.92,1557.58,2609.65,78.0
1295.75,4.103,2.892,487.25,1624.89,2765.97,103.4
1315.47,4.083,2.812,514.3,1769.23,2745.98,117.9
1207.51,4.055,2.773,404.35,1547.38,2596.45,65.7
1424.58,4.198,2.959,602.76,1880.43,2906.26,147.9
1310.82,4.127,2.821,464.53,1701.35,2752.66,97.0
1184.53,4.079,2.753,397.45,1641.94,2615.7,75.3
1025.39,3.977,2.675,312.02,1311.77,2419.96,12.4
1199.86,4.105,2.742,447.35,1576.55,2602.7,79.5
1364.43,4.189,2.954,545.24,1913.55,2828.98,139.7
1271.07,4.14,2.885,486.53,1701.24,2697.67,104.9
1410.19,4.146,2.972,561.63,1890.51,2903.42,141.6
1217.32,4.077,2.805,458.76,1601.83,2611.45,84.5
969.04,4.049,2.72,335.74,1392.26,2314.01,21.0
1049.16,3.97,2.722,275.82,1250.91,2320.02,3.3
1103.9,4.064,2.748,356.01,1489.04,2532.72,52.2
1351.71,4.101,2.845,523.65,1778.55,2775.06,119.0
1386.03,4.15,2.894,541.23,1833.48,2810.82,134.6
1195.57,4.065,2.759,386.15,1460.39,2567.92,51.0
1260.84,4.094,2.785,440.49,1675.02,2688.18,84.8
1187.75,4.09,2.8,439.89,1592.07,2619.07,72.2
1177.84,4.052,2.742,436.85,1534.3,2650.38,70.4
1151.56,4.023,2.731,375.83,1378.38,2442.14,40.1
1036.11,4.029,2.728,329.38,1414.48,2406.47,24.0
1103.63,4.046,2.734,327.52,1383.34,2501.88,34.2
1035.97,4.007,2.677,277.43,1317.68,2367.61,10.4
1090.9,4.052,2.752,351.07,1414.86,2524.08,34.5
1029.36,3.96,2.697,296.78,1293.9,2260.64,2.6
1305.64,4.113,2.785,495.94,1666.58,2672.23,107.0
1163.39,4.094,2.772,360.15,1483.4,2515.24,54.5
1488.39,4.22,3.02,625.77,1978.64,3004.84,165.5
1108.01,4.044,2.713,342.03,1407.43,2481.52,33.7
1167.72,4.06,2.741,380.73,1535.97,2545.3,59.4
1154.42,4.087,2.739,382.35,1527.92,2604.17,61.5
1020.32,4.002,2.695,272.03,1298.18,2346.78,2.4
1393.54,4.136,2.951,576.59,1858.14,2892.17,142.8
1010.22,4.018,2.698,289.97,1351.57,2398.93,6.4
1458.16,4.17,3.027,610.47,1944.89,2961.44,159.9
1437.1,4.193,2.982,601.7,1926.4,2896.71,151.8
1256.19,4.071,2.758,460.87,1653.52,2674.02,91.5
1282.17,4.137,2.794,465.43,1669.5,2647.38,92.9
1301.87,4.122,2.893,488.02,1772.84,2755.07,111.5
1189.35,4.05,2.739,399.36,1518.38,2549.82,66.4
1313.95,4.113,2.773,500.05,1756.74,2705.2,110.4
1019.71,3.994,2.751,298.56,1330.93,2335.02,8.6
1040.56,4.002,2.707,279.29,1320.17,2300.11,10.1
1242.55,4.113,2.775,423.47,1600.41,2659.78,78.3
1266.89,4.107,2.797,471.28,1625.68,2717.74,93.9
1443.42,4.133,2.981,590.77,1903.06,2963.53,151.0
1042.03,3.988,2.724,319.27,1291.56,2372.59,18.7
1451.73,4.218,2.936,571.77,1854.32,2896.33,140.0
1088.46,4.038,2.727,338.96,1418.37,2418.32,36.5
1146.01,4.093,2.74,425.32,1506.62,2564.45,67.6
1173.56,4.051,2.758,375.62,1503.01,2576.25,54.5
1187.67,4.055,2.812,405.34,1589.11,2638.35,68.6
1071.43,4.013,2.703,320.31,1386.15,2429.24,26.4
1226.11,4.099,2.827,467.55,1626.79,2688.26,86.1
1438.09,4.149,2.904,583.51,1831.8,2854.53,136.5
1218.88,4.122,2.815,440.21,1593.52,2659.47,75.6
1247.23,4.081,2.776,453.66,1587.11,2615.94,83.9
1420.62,4.147,2.94,569.46,1811.03,2900.9,144.4
1347.89,4.155,2.89,516.48,1823.08,2845.93,120.3
1268.38,4.112,2.785,429.0,1646.31,2632.02,83.9
1119.35,4.046,2.755,376.4,1420.09,2495.25,44.6
1399.76,4.164,2.959,633.45,1867.65,2938.19,150.6
1297.46,4.074,2.83,482.9,1683.53,2748.43,98.5
1121.93,4.062,2.715,374.48,1429.81,2441.73,38.4
1133.41,4.065,2.777,371.48,1485.47,2518.47,46.5
1403.86,4.15,2.888,568.03,1838.65,2904.02,136.7
1025.4,4.002,2.705,287.8,1343.05,2392.79,8.5
1496.06,4.194,3.038,655.57,1987.34,2992.83,168.7
1067.17,4.051,2.713,335.23,1402.46,2396.98,23.0
1373.54,4.137,2.933,576.11,1837.9,2859.52,135.5
1217.75,4.061,2.77,408.19,1523.15,2559.46,67.7
1198.95,4.08,2.713,444.17,1607.52,2674.89,84.2
1492.87,4.181,2.917,595.63,1927.39,2923.33,149.8
1218.45,4.079,2.719,404.47,1572.57,2502.28,70.8
1211.82,4.107,2.821,471.08,1653.11,2698.61,91.8
1031.17,3.984,2.697,269.54,1280.51,2337.61,9.3
1013.56,4.021,2.677,259.76,1279.01,2332.68,1.4
1129.71,4.033,2.722,348.62,1424.58,2547.88,42.4
1303.29,4.157,2.873,493.9,1736.35,2744.79,116.0
1067.43,4.079,2.67,335.13,1389.8,2389.07,21.5
1060.45,3.998,2.74,309.98,1331.9,2390.61,20.2
1177.16,4.084,2.785,425.41,1535.88,2546.53,70.5
1289.39,4.124,2.827,519.62,1741.85,2762.94,110.5
1367.22,4.181,2.866,526.57,1752.7,2820.01,121.3
1048.56,4.023,2.722,340.99,1382.05,2427.52,31.2
1061.18,4.013,2.662,325.04,1389.75,2399.27,14.5
1486.62,4.192,3.019,637.95,1948.72,3018.53,159.9
1121.48,4.044,2.774,330.83,1475.4,2470.18,45.1
1420.34,4.184,2.945,578.52,1962.34,2893.12,145.2
1453.61,4.173,2.976,596.77,1900.61,2894.43,146.9
1358.24,4.162,2.983,553.69,1841.3,2914.88,131.6
1071.8,4.031,2.667,318.25,1401.51,2459.41,29.5
1389.67,4.151,2.927,545.58,1853.1,2920.45,139.9
1403.27,4.146,2.861,558.27,1826.87,2834.19,131.0
1317.88,4.127,2.885,467.57,1689.41,2796.14,101.8
1126.54,4.073,2.771,385.01,1481.14,2589.2,58.0
1152.92,4.071,2.724,364.66,1481.39,2463.22,45.4
1087.37,4.054,2.705,316.58,1306.08,2357.59,21.6
1281.59,4.087,2.851,433.64,1631.65,2667.59,87.1
1289.48,4.116,2.848,474.61,1677.99,2737.39,99.9
1170.49,4.062,2.787,386.33,1492.95,2549.3,61.7
1254.78,4.068,2.846,459.94,1625.3,2612.72,81.3
1190.99,4.078,2.799,399.12,1496.32,2605.46,62.4
1363.97,4.141,2.886,535.87,1715.14,2768.8,109.3
1469.08,4.158,2.966,585.81,1945.41,2928.98,153.3
1088.58,4.018,2.655,327.13,1331.03,2403.95,28.7
1152.45,4.061,2.778,397.47,1571.94,2576.11,65.5
1060.39,3.99,2.697,313.03,1372.08,2387.7,24.8
1263.83,4.121,2.871,485.84,1706.25,2780.12,106.6
1347.6,4.12,2.832,525.28,1751.37,2843.94,124.2
1485.14,4.189,3.017,604.49,1949.9,2915.32,158.5
1134.97,4.055,2.755,394.7,1468.49,2473.3,48.1
1497.67,4.197,3.018,626.12,1977.73,3018.01,161.6
1050.94,4.013,2.719,315.85,1307.01,2398.55,11.7
1278.64,4.148,2.839,497.49,1670.13,2756.23,102.9
1042.17,3.987,2.689,321.61,1326.44,2408.04,10.7
1452.81,4.163,2.999,587.56,1900.5,2888.22,152.0
1255.99,4.115,2.835,474.0,1661.08,2670.27,90.5
1326.04,4.128,2.883,507.43,1717.43,2849.42,114.1
1388.07,4.187,2.928,605.89,1894.11,2945.07,141.5
1068.1,4.034,2.723,335.39,1424.26,2447.63,26.4
1088.87,4.038,2.695,277.65,1299.73,2358.44,7.5
1463.6,4.173,2.904,614.64,1946.87,2938.84,149.5
1114.46,4.027,2.717,397.0,1515.47,2531.18,54.2
1010.71,4.025,2.711,301.75,1375.23,2382.16,22.8
1224.75,4.088,2.743,443.79,1601.26,2605.06,80.2
1308.7,4.127,2.835,504.88,1679.61,2812.65,102.1
1016.31,4.011,2.667,299.98,1335.61,2321.62,6.2
1158.83,4.038,2.746,351.88,1494.86,2549.14,47.5
1031.54,3.978,2.699,308.46,1269.53,2260.04,6.5
1195.92,4.076,2.73,425.52,1570.69,2584.1,72.0
1460.64,4.13,2.976,599.41,1894.43,2923.35,152.3
1476.95,4.198,3.032,635.16,2000.75,2966.13,167.1
1298.67,4.116,2.782,505.74,1746.93,2720.81,108.7
1100.52,4.042,2.708,317.29,1340.34,2469.28,28.3
1446.84,4.141,2.985,610.63,1924.6,2949.12,154.1
1293.62,4.099,2.801,467.98,1648.85,2647.86,88.2
1097.74,4.055,2.706,351.36,1384.63,2401.1,27.0
1472.08,4.197,2.989,606.76,1992.84,2891.91,156.8
1366.7,4.169,2.882,520.42,1767.03,2789.3,129.0
1376.32,4.151,2.878,523.03,1835.53,2773.41,124.7
1334.69,4.106,2.838,536.73,1751.52,2782.77,120.9
1107.5,4.036,2.715,331.72,1349.32,2580.18,34.9
1082.18,4.043,2.79,362.4,1430.53,2442.7,36.7
1357.97,4.113,2.875,504.94,1758.68,2768.54,117.3
1116.16,4.035,2.743,340.53,1429.67,2448.18,38.1
1258.22,4.025,2.771,419.4,1595.97,2635.43,75.1
1440.68,4.148,2.895,568.58,1849.2,2799.36,133.2
1400.99,4.146,2.901,531.47,1818.26,2811.44,133.5
1217.3,4.114,2.821,431.38,1615.11,2671.0,77.6
1362.62,4.145,2.948,562.61,1779.91,2867.96,134.9
1433.71,4.161,2.92,563.5,1872.82,2896.01,142.7
1320.09,4.126,2.857,508.12,1771.44,2799.23,111.7
1126.16,4.027,2.73,348.93,1441.45,2477.83,39.6
1176.13,4.063,2.771,349.24,1465.87,2459.02,47.3
1130.65,4.017,2.772,378.47,1482.48,2553.85,54.2
1041.65,4.038,2.709,301.88,1367.35,2424.46,20.7
1126.6,4.048,2.778,356.32,1455.36,2445.37,47.2
1124.97,4.061,2.748,358.89,1438.71,2475.85,36.4
1230.45,4.031,2.772,423.23,1576.66,2654.58,78.0
1426.66,4.132,2.975,621.64,1974.86,2964.85,154.5
1078.5,4.007,2.704,311.53,1365.06,2427.2,18.7
1318.47,4.152,2.852,514.54,1840.7,2824.74,122.7
1310.52,4.124,2.862,522.88,1750.06,2825.64,117.2
1053.06,4.023,2.742,319.74,1379.53,2348.03,17.2
1442.99,4.203,3.018,596.56,1902.02,3008.62,156.9
1293.77,4.123,2.856,486.51,1695.76,2629.53,97.1
1180.78,4.069,2.794,418.8,1523.65,2601.22,62.5
1411.59,4.151,2.903,553.23,1817.09,2794.82,128.9
1119.3,4.033,2.726,362.0,1474.72,2545.43,44.5
1331.61,4.135,2.888,548.35,1788.63,2818.87,118.2
1063.12,3.979,2.646,303.34,1330.62,2328.79,7.7
1409.24,4.151,2.914,581.66,1886.81,2878.81,142.9
1250.52,4.095,2.826,450.86,1603.37,2605.91,76.7
1319.18,4.115,2.836,519.73,1717.54,2780.62,108.6
1050.74,4.023,2.755,327.78,1408.62,2415.12,38.4
1355.66,4.142,2.854,504.05,1759.1,2769.43,115.4
1398.53,4.16,2.919,559.13,1760.99,2863.07,131.5
1248.9,4.086,2.754,452.74,1617.65,2564.47,81.0
1248.32,4.117,2.883,470.83,1736.3,2686.71,105.4
1200.47,4.095,2.762,441.89,1611.55,2677.48,78.1
1426.47,4.197,2.925,596.36,1899.73,2851.47,152.1
1215.96,4.099,2.844,454.03,1561.49,2618.51,85.1
1456.35,4.143,2.936,571.23,1897.77,2957.11,143.3
1390.85,4.154,2.907,527.54,1823.69,2878.43,136.4
1194.47,4.069,2.83,385.53,1521.62,2649.9,70.4
1127.23,4.018,2.76,335.26,1462.47,2445.81,39.9
1207.54,4.086,2.768,401.69,1516.44,2539.29,69.6
1321.05,4.175,2.924,572.96,1861.07,2884.57,140.6
1096.2,4.053,2.769,343.61,1485.66,2493.43,39.5
1214.57,4.081,2.786,452.31,1622.03,2609.19,89.6
1403.67,4.163,2.961,557.09,1818.97,2867.07,137.2
1161.68,4.065,2.755,392.44,1535.12,2526.62,60.7
1308.84,4.131,2.827,511.8,1738.08,2757.74,109.5
1068.32,4.045,2.774,356.86,1395.02,2528.2,42.5
1053.85,4.014,2.732,323.41,1353.45,2385.88,19.5
1415.31,4.154,2.859,570.31,1877.42,2905.99,135.3
1092.52,4.034,2.705,309.9,1386.95,2380.69,17.7
1149.69,4.031,2.714,338.49,1454.73,2541.14,46.9
1386.6,4.166,2.967,589.25,1903.1,2935.02,145.5
1197.17,4.085,2.818,380.03,1531.24,2580.87,59.6
1502.96,4.178,3.048,650.63,2009.28,2990.3,165.4
1485.68,4.181,3.018,661.22,1981.5,3056.33,166.6
1079.7,4.062,2.773,360.49,1499.25,2511.52,46.3
1057.22,3.971,2.694,298.07,1284.41,2380.99,7.9
1325.82,4.152,2.874,532.84,1798.36,2739.24,120.2
1223.16,4.076,2.779,414.17,1559.07,2655.0,77.2
1059.74,4.02,2.712,312.93,1292.45,2431.93,18.0
1380.36,4.115,2.875,500.6,1795.15,2783.77,120.6
1026.26,4.021,2.621,308.52,1388.47,2395.5,6.3
1427.78,4.149,2.952,617.29,1909.37,2871.37,148.1
1113.44,4.035,2.713,325.52,1365.4,2378.27,24.4
1052.72,3.994,2.725,309.36,1401.28,2424.83,22.5
1110.14,4.064,2.665,339.15,1383.44,2454.75,30.7
1472.76,4.19,3.033,612.78,1916.17,2951.06,163.3
1309.43,4.175,2.872,511.5,1794.36,2740.61,118.1
1391.18,4.142,2.931,556.27,1894.0,2910.7,136.4
1206.65,4.065,2.731,399.8,1554.97,2526.65,68.2
1194.87,4.086,2.727,390.02,1517.22,2566.17,57.8
1152.24,4.012,2.682,360.05,1418.79,2446.57,40.6
1221.32,4.078,2.807,437.22,1605.55,2656.42,82.2
1238.63,4.116,2.813,476.73,1668.63,2688.72,94.3
1295.21,4.103,2.845,499.62,1721.91,2813.9,107.8
1095.83,4.055,2.702,353.35,1453.75,2551.16,44.5
1465.83,4.193,2.97,625.05,1865.9,2957.79,161.3
1078.7,3.996,2.649,332.21,1397.71,2483.79,29.7
1498.92,4.212,2.983,628.59,1933.47,2902.06,164.2
967.65,3.969,2.671,295.95,1303.31,2328.97,3.5
1210.58,4.107,2.785,405.21,1642.49,2635.08,82.3
1141.55,4.063,2.761,386.23,1522.58,2464.65,57.3
1243.3,4.076,2.816,430.34,1553.36,2606.4,76.9
1244.76,4.088,2.809,479.29,1650.67,2752.99,97.4
1212.87,4.089,2.804,437.53,1576.12,2622.53,74.6
1194.22,4.06,2.807,411.5,1588.94,2622.5,71.1
1381.06,4.168,2.921,546.53,1825.47,2772.94,124.8
1345.63,4.159,2.883,524.28,1771.47,2748.82,116.9
1411.24,4.198,2.934,580.04,1842.65,2880.53,141.8
1108.33,4.049,2.71,337.6,1482.94,2504.62,43.2
1245.67,4.11,2.85,501.5,1703.4,2757.24,104.0
1286.0,4.107,2.823,477.27,1674.39,2717.8,99.9
1189.66,4.061,2.813,394.25,1516.76,2548.46,63.5
1191.92,4.098,2.807,421.61,1568.66,2628.57,83.1
1119.94,4.065,2.753,342.56,1525.06,2505.96,54.0
1081.64,4.045,2.76,353.51,1370.08,2389.07,25.0
1114.78,4.036,2.719,351.63,1402.07,2432.05,37.1
1035.25,3.985,2.709,297.59,1367.57,2415.96,18.8
1314.95,4.126,2.928,495.09,1782.18,2784.99,116.4
1271.96,4.16,2.867,500.95,1689.99,2788.92,112.7
1506.78,4.159,3.042,639.67,2008.16,2954.3,161.7
1320.9,4.158,2.93,542.28,1859.99,2811.27,124.3
1051.45,3.994,2.681,308.97,1316.7,2285.38,9.8
1434.93,4.158,2.987,584.81,1917.7,2950.6,150.4
1456.32,4.179,2.937,586.05,1965.81,2921.12,146.8
1191.06,4.115,2.853,425.55,1550.86,2625.54,75.9
1281.69,4.12,2.878,475.23,1671.16,2753.49,100.0
1444.1,4.19,3.058,647.26,1998.83,3051.59,166.0
1205.27,4.076,2.849,479.54,1682.19,2649.2,91.0
1462.25,4.178,2.952,610.53,1927.84,2991.52,154.0
1006.04,3.982,2.756,298.86,1309.88,2430.04,15.0
1090.71,4.025,2.701,318.17,1445.91,2434.76,33.3
1234.93,4.082,2.803,425.37,1581.58,2575.05,75.5
1298.27,4.066,2.813,465.76,1686.05,2727.34,99.8
1382.46,4.189,2.949,575.25,1886.52,2919.06,138.9
1453.68,4.173,3.108,650.09,2036.03,2941.54,168.0
1198.0,4.069,2.791,428.04,1552.07,2533.87,66.7
1069.56,4.012,2.706,300.64,1324.92,2379.34,9.0
1374.49,4.185,2.912,569.29,1878.6,2869.03,136.4
1269.32,4.102,2.843,473.34,1693.6,2763.59,103.1
1086.54,3.983,2.72,320.79,1395.94,2467.96,34.6
1249.81,4.116,2.856,458.27,1609.61,2669.98,84.6
1390.7,4.121,2.914,556.07,1775.22,2829.75,126.5
1343.76,4.159,2.892,544.62,1791.33,2844.07,131.2
1200.38,4.104,2.81,414.89,1690.73,2684.71,85.4
1205.4,3.99,2.843,396.81,1459.24,2473.52,52.6
1480.82,4.162,3.041,655.83,1987.72,2980.09,165.6
1325.53,4.121,2.904,504.42,1741.36,2751.88,113.1
1177.02,4.025,2.765,427.34,1590.09,2576.9,70.0
1148.02,4.023,2.764,367.68,1472.33,2536.1,48.4
1378.14,4.146,2.867,536.64,1836.03,2848.28,124.6
1126.26,4.04,2.724,331.6,1438.48,2516.86,41.9
1131.6,4.033,2.748,352.35,1401.45,2470.91,30.0
1244.36,4.111,2.79,428.72,1668.49,2690.0,90.5
1133.47,4.018,2.716,397.22,1481.45,2460.27,50.0
1307.51,4.097,2.869,519.99,1734.25,2736.12,107.3
1076.86,4.031,2.698,279.53,1366.21,2420.33,20.9
1320.62,4.158,2.849,526.2,1695.28,2769.73,111.7
1104.93,4.031,2.696,365.64,1493.79,2548.59,48.9
1024.74,3.996,2.649,290.6,1314.76,2336.99,1.0
1059.67,4.034,2.721,299.36,1359.87,2412.58,22.5
1448.4,4.191,2.987,615.09,1942.34,2922.5,158.8
1427.43,4.167,2.977,573.04,1906.38,2895.43,147.6
1090.95,4.027,2.712,341.43,1494.82,2520.64,40.5
1350.56,4.193,2.901,571.23,1821.43,2835.73,132.5
1226.11,4.12,2.843,499.76,1722.15,2764.31,103.8
1527.35,4.202,3.023,649.03,1972.12,2909.75,165.1
1192.08,4.076,2.791,391.27,1552.02,2540.39,64.1
1325.55,4.117,2.834,503.0,1719.09,2717.28,116.2
1025.93,4.006,2.716,277.28,1375.16,2275.49,11.7
1116.81,4.068,2.813,417.32,1561.14,2515.57,68.0
1461.49,4.186,2.997,662.56,1963.51,2968.51,163.9
1274.9,4.11,2.832,480.25,1645.06,2743.22,92.1
1162.65,4.033,2.762,371.17,1482.35,2451.88,49.7
1082.27,3.992,2.73,325.94,1419.35,2405.08,21.3
1343.79,4.148,2.875,525.92,1820.2,2787.81,119.9
1342.39,4.115,2.896,512.52,1722.16,2758.89,110.0
1170.13,4.062,2.837,425.6,1537.16,2564.8,64.2
1499.67,4.151,3.027,619.15,1966.23,2939.19,161.7
1016.15,4.015,2.701,282.36,1235.33,2249.55,4.8
1124.2,4.065,2.756,371.6,1478.13,2549.33,52.3
1430.86,4.198,2.945,613.85,1945.13,2986.64,156.7
1127.41,4.066,2.717,392.52,1469.83,2536.93,55.2
1139.69,4.014,2.708,358.19,1501.12,2494.23,43.6
1236.1,4.107,2.826,443.84,1615.38,2627.53,91.3
1377.3,4.151,2.921,559.44,1833.92,2858.94,140.2
1076.87,3.994,2.755,295.87,1368.51,2414.04,18.4
1476.34,4.198,2.926,622.54,1964.13,2920.25,160.4
1411.87,4.19,2.914,575.39,1829.02,2854.9,135.4
1105.0,4.059,2.739,343.24,1430.8,2530.67,31.6
1325.39,4.152,2.905,534.08,1787.45,2811.19,121.3
1185.35,4.071,2.78,386.99,1597.6,2536.06,66.1
1194.66,4.071,2.792,391.65,1501.06,2704.27,69.0
1358.57,4.137,2.913,557.62,1818.03,2866.18,133.4
1451.52,4.187,3.034,651.74,2020.7,2941.51,163.7
1051.88,4.036,2.714,333.11,1377.99,2404.43,22.4
1251.05,4.116,2.849,405.54,1564.29,2537.11,72.1
1218.51,4.075,2.82,471.48,1598.53,2613.01,82.3
1210.26,4.03,2.78,369.84,1546.5,2610.24,64.6
1161.65,4.056,2.748,396.24,1492.4,2517.06,62.4
1060.21,4.02,2.688,300.35,1270.76,2302.56,9.8
1353.13,4.176,2.914,511.85,1777.3,2822.23,116.9
1231.31,4.109,2.715,429.01,1604.23,2703.51,74.7
1107.73,4.058,2.731,338.08,1438.05,2475.83,33.9
1433.41,4.145,2.922,546.31,1845.6,2944.42,138.9
1401.24,4.142,2.932,561.71,1834.19,2818.55,136.6
1274.29,4.066,2.812,441.56,1614.46,2668.06,83.2
1103.35,4.04,2.8,387.85,1451.56,2568.26,51.4
1315.08,4.143,2.855,517.5,1745.15,2731.95,108.8
1146.3,4.084,2.75,357.97,1465.31,2478.13,49.7
1092.63,4.047,2.768,379.11,1436.1,2477.1,40.9
1368.32,4.139,2.932,526.73,1788.72,2829.32,124.5
995.86,3.978,2.716,287.77,1321.29,2342.14,7.8
1039.18,4.009,2.737,304.88,1350.72,2395.62,17.0
969.57,3.997,2.682,256.8,1340.92,2278.96,2.1
1119.02,3.994,2.724,321.98,1369.82,2437.88,26.8
1039.07,4.024,2.746,323.25,1378.7,2400.52,12.7
1551.81,4.191,3.089,655.23,1942.38,3008.15,169.3
1159.59,4.069,2.745,374.43,1489.34,2485.43,49.8
1089.69,4.022,2.72,332.47,1331.29,2358.97,26.2
1103.58,4.047,2.771,374.53,1410.82,2488.45,41.7
1438.16,4.173,3.029,607.88,1921.2,2933.18,159.2
1260.88,4.093,2.789,465.0,1607.38,2737.14,88.9
1172.33,4.08,2.782,397.36,1509.65,2624.36,62.7
1396.41,4.171,2.953,581.63,1968.22,2838.29,148.6
1150.2,4.052,2.777,413.67,1522.89,2577.31,67.8
1136.47,4.063,2.803,387.55,1458.51,2517.25,57.6
1148.99,4.042,2.725,332.89,1433.18,2414.64,36.0
1235.46,4.098,2.757,384.75,1544.33,2569.56,64.8
1157.22,4.08,2.734,373.66,1560.58,2503.69,54.5
1330.06,4.131,2.86,504.03,1753.05,2742.44,115.5
1131.45,4.041,2.73,389.58,1406.57,2476.44,49.9
1252.49,4.107,2.806,469.57,1667.65,2764.04,98.5
1077.96,3.995,2.674,297.1,1309.43,2360.21,12.1
1143.36,4.041,2.704,356.96,1370.45,2448.97,33.3
1171.59,4.097,2.759,431.26,1541.16,2646.69,69.9
1462.7,4.212,3.008,608.95,1946.59,2943.96,159.3
1168.63,4.062,2.715,381.95,1534.85,2588.76,64.8
1309.07,4.12,2.84,514.18,1703.04,2741.03,113.2
1154.12,4.036,2.741,357.0,1469.55,2474.19,44.1
1036.26,3.979,2.749,312.37,1412.91,2413.58,22.5
1052.22,3.979,2.692,316.17,1326.37,2371.28,10.9
1165.2,4.054,2.751,372.55,1519.41,2557.56,52.6
1078.51,4.032,2.718,358.52,1389.98,2471.91,27.6
1111.4,4.037,2.67,335.44,1364.26,2437.82,30.4
1373.36,4.134,2.918,548.04,1824.82,2879.09,129.6
1053.62,3.985,2.709,322.17,1274.61,2302.12,3.7
1228.2,4.102,2.85,470.1,1633.03,2726.08,95.3
1172.18,4.063,2.85,390.77,1535.89,2548.04,65.1
1239.4,4.111,2.771,431.13,1653.72,2635.12,86.6
1201.93,4.083,2.782,460.42,1659.76,2742.48,96.1
1123.44,4.034,2.779,382.63,1549.97,2443.76,54.0
1122.01,4.047,2.743,386.74,1507.56,2547.34,50.9
1379.04,4.117,2.857,511.77,1779.71,2825.15,124.9
1411.08,4.135,2.943,592.51,1883.24,2918.25,148.2
1076.63,4.002,2.71,359.61,1472.66,2517.06,33.5
1077.16,4.007,2.76,315.81,1333.96,2346.25,17.5
1402.76,4.191,3.036,624.4,1931.84,2882.64,152.7
1115.47,4.077,2.718,368.68,1530.04,2601.97,60.1
1254.02,4.138,2.779,459.62,1609.87,2684.99,94.2
1135.5,4.068,2.747,396.37,1472.85,2612.58,61.8
1033.3,4.022,2.693,328.48,1388.69,2434.24,22.3
1296.22,4.109,2.812,464.63,1657.93,2732.41,100.6
1272.13,4.097,2.81,459.52,1642.92,2667.38,89.7
1121.32,4.075,2.718,351.07,1370.13,2449.17,35.3
1242.65,4.091,2.754,425.58,1579.91,2705.66,77.4
1419.82,4.165,2.883,567.73,1850.42,2836.14,135.7
1229.21,4.092,2.882,482.56,1628.35,2761.55,100.8
1067.69,4.02,2.697,301.8,1345.2,2351.8,17.4
1248.2,4.119,2.81,459.42,1662.46,2655.51,93.6
1320.74,4.16,2.829,503.15,1759.16,2803.61,119.8
1400.55,4.169,2.898,536.45,1807.79,2851.61,135.0
1258.58,4.12,2.877,496.55,1707.3,2784.64,107.3
1036.15,4.02,2.738,299.82,1369.89,2414.64,26.8
1359.11,4.138,2.902,521.26,1836.51,2780.62,121.0
1338.55,4.135,2.829,517.92,1750.68,2728.14,115.5
1030.08,4.022,2.656,291.21,1281.42,2434.19,5.1
1173.97,4.099,2.817,445.31,1557.44,2539.91,70.6
1178.09,4.076,2.788,392.01,1518.19,2670.85,57.3
1339.31,4.172,2.855,504.53,1760.02,2800.43,114.1
1109.46,3.983,2.76,356.88,1437.93,2486.04,37.5
1253.22,4.105,2.8,458.3,1708.57,2659.96,100.9
1441.04,4.182,2.941,625.86,1888.96,2962.15,155.3
1410.2,4.144,2.866,553.46,1860.15,2799.12,135.8
1489.39,4.165,2.995,631.12,1944.65,2939.37,156.7
1479.76,4.161,3.046,646.18,1964.58,3029.15,166.4
1014.87,3.987,2.674,296.53,1289.48,2273.92,2.8
1294.58,4.139,2.823,481.95,1710.6,2768.05,106.2
1203.35,4.093,2.856,395.74,1561.28,2585.42,70.8
1408.02,4.156,2.938,570.07,1897.08,2926.25,146.3
1050.66,4.048,2.784,333.32,1398.66,2438.16,43.6
1519.15,4.223,3.039,635.57,1993.13,3039.99,166.8
1338.94,4.089,2.828,477.95,1726.76,2763.5,104.7
1371.67,4.154,2.955,574.42,1848.75,2824.64,135.1
1025.06,4.015,2.729,292.87,1314.25,2350.12,15.5
1089.71,4.03,2.726,370.53,1376.19,2497.05,32.0
1363.74,4.167,2.931,529.58,1820.39,2817.19,129.2
1050.56,3.966,2.767,276.67,1317.84,2305.41,4.7
1400.79,4.142,2.901,546.9,1898.38,2895.12,139.1
1002.62,4.008,2.704,288.2,1311.39,2359.54,3.4
1283.07,4.094,2.846,498.87,1754.65,2743.02,112.1
1195.89,4.084,2.743,394.83,1451.81,2625.07,62.7
1307.95,4.128,2.814,492.01,1687.22,2734.17,104.3
1362.48,4.151,2.92,533.93,1777.6,2828.24,118.6
1139.65,4.053,2.71,371.25,1491.77,2588.97,58.9
1107.01,4.024,2.725,315.2,1323.09,2343.09,19.2
1001.53,3.982,2.677,316.6,1293.48,2416.95,12.8
1299.43,4.106,2.888,460.84,1742.01,2759.84,100.5
1200.31,4.101,2.806,493.09,1600.31,2686.07,89.0
1340.18,4.128,2.879,573.05,1796.38,2726.75,126.4
1281.76,4.102,2.858,446.48,1609.57,2674.66,87.1
1221.78,4.057,2.813,399.68,1542.83,2570.01,72.4
1175.91,4.08,2.796,393.11,1563.77,2535.37,68.3
1014.51,4.032,2.717,295.04,1321.38,2335.77,5.5
1163.2,4.036,2.731,396.07,1472.0,2460.76,57.7
1499.38,4.195,3.058,611.41,1982.92,2979.33,165.9
1461.28,4.141,2.947,579.26,1898.92,2956.78,148.6
1146.46,4.043,2.773,386.54,1489.41,2565.78,56.7
1240.82,4.128,2.849,455.75,1660.22,2765.04,100.3
1419.69,4.16,2.905,577.64,1915.52,2882.36,144.2
1198.46,4.098,2.809,429.38,1551.16,2637.19,75.6
991.53,4.002,2.685,286.73,1252.0,2292.89,4.0
1054.58,4.006,2.666,294.16,1361.56,2296.02,13.6
1237.73,4.077,2.807,449.15,1637.88,2621.28,87.3
1490.51,4.207,3.028,643.66,1940.8,2949.37,164.8
1312.15,4.142,2.889,504.24,1763.8,2758.61,118.2
1057.82,3.975,2.63,309.3,1307.48,2420.59,13.0
1062.76,4.011,2.74,344.3,1450.78,2444.12,33.0
1354.53,4.097,2.887,557.75,1817.41,2928.8,131.4
1406.53,4.14,2.96,583.52,1893.75,2952.07,143.2
1339.63,4.114,2.845,490.25,1709.49,2698.1,105.4
1329.2,4.105,2.844,496.37,1773.01,2797.66,109.9
1055.17,3.981,2.688,287.57,1304.04,2385.16,5.8
1441.09,4.192,2.939,584.9,1902.7,2867.84,141.0
1474.26,4.176,2.937,555.6,1853.69,2855.48,134.2
1127.26,4.031,2.718,369.4,1437.4,2470.33,44.8
1378.01,4.155,2.867,532.07,1777.7,2895.69,120.8
1132.08,4.06,2.778,333.26,1417.18,2531.84,37.3
1058.02,4.012,2.685,290.65,1288.67,2339.58,7.8
1145.15,4.039,2.742,342.29,1381.85,2520.53,35.0
1080.57,4.05,2.689,337.49,1439.58,2425.22,31.2
1149.22,4.077,2.713,393.65,1447.01,2587.46,58.1
1207.11,4.054,2.754,417.56,1605.84,2613.92,71.7
1237.59,4.094,2.79,447.8,1590.41,2660.94,86.9
1234.78,4.08,2.833,429.07,1623.92,2602.24,81.6
1170.47,4.071,2.782,380.98,1444.49,2481.23,46.7
1016.63,3.986,2.635,297.5,1248.49,2368.21,5.9
1282.14,4.103,2.824,481.76,1735.29,2732.69,103.3
1192.83,4.094,2.8,401.13,1477.79,2575.09,67.9
1138.24,4.059,2.751,378.44,1505.4,2581.43,51.5
1378.54,4.214,2.995,591.02,1901.16,2913.72,147.5
1347.81,4.13,2.912,516.94,1837.69,2826.38,127.2
1438.6,4.16,2.936,571.75,1909.04,2880.73,146.0
1271.53,4.117,2.801,461.78,1639.14,2667.12,84.7
1041.84,3.993,2.713,327.27,1393.39,2435.01,23.1
1307.08,4.163,2.847,509.67,1793.48,2797.75,118.7
1103.69,4.01,2.76,339.03,1431.06,2484.86,35.8
1157.98,4.096,2.814,409.97,1572.11,2592.63,75.6
1032.09,3.968,2.714,294.57,1315.38,2324.22,12.0
1360.54,4.164,2.935,588.05,1868.73,2869.68,140.5
1102.83,3.99,2.683,317.51,1355.1,2425.02,22.3
1426.88,4.218,2.987,618.89,1990.57,2974.67,153.6
1466.24,4.15,2.952,613.82,1892.6,2996.11,147.1
1248.83,4.072,2.858,425.3,1564.38,2660.58,79.5
1344.91,4.157,2.852,519.39,1800.76,2743.51,126.8
1270.16,4.109,2.824,495.47,1686.32,2786.51,105.7
1387.22,4.173,2.869,550.95,1907.39,2881.46,136.7
1202.79,4.067,2.782,419.58,1578.35,2584.99,74.0
1391.54,4.14,2.857,558.53,1854.63,2885.96,133.8
1200.56,4.087,2.833,458.32,1612.81,2650.23,79.2
1485.66,4.163,3.032,628.06,1982.55,2940.05,160.0
1238.08,4.101,2.799,432.23,1621.7,2654.36,83.2
1211.54,4.105,2.767,439.91,1585.51,2597.64,79.2
1364.69,4.166,2.863,567.92,1836.45,2844.54,133.7
1397.32,4.176,2.904,589.17,1825.89,2825.24,139.8
1244.2,4.068,2.843,450.37,1659.4,2712.6,94.7
1093.02,4.02,2.702,355.86,1453.41,2458.63,31.4
1224.64,4.084,2.856,466.66,1623.21,2682.29,80.1
1488.63,4.222,3.071,654.46,1971.98,3018.15,164.6
1409.74,4.137,2.895,564.12,1871.2,2804.2,128.3
1393.06,4.115,2.907,560.15,1836.5,2885.81,138.1
1055.18,3.978,2.677,318.66,1311.19,2363.1,6.5
1228.3,4.076,2.847,425.26,1592.14,2605.01,80.1
1304.74,4.083,2.835,498.99,1725.39,2794.39,110.3
1403.49,4.184,2.958,567.73,1880.93,2870.61,141.3
1035.29,3.97,2.698,289.24,1329.08,2331.29,9.3
1425.53,4.178,2.963,584.23,1880.1,2891.88,145.1
1237.64,4.084,2.798,444.62,1634.38,2624.03,93.7
1062.5,4.063,2.72,331.59,1466.52,2384.67,34.3
1168.71,4.052,2.758,365.79,1497.53,2558.99,54.6
1158.88,4.041,2.731,391.79,1438.76,2485.51,48.6
1271.67,4.113,2.855,479.7,1616.04,2630.66,90.7
1041.62,3.982,2.675,336.82,1373.13,2293.69,9.7
1101.62,4.036,2.704,329.0,1459.05,2378.82,27.8
1415.02,4.151,2.962,567.76,1866.04,2840.63,138.3
1091.11,4.007,2.75,333.78,1349.17,2332.69,23.4
1093.4,4.038,2.786,334.05,1446.28,2505.85,40.4
1188.22,4.064,2.737,412.54,1581.67,2643.82,77.6
1236.61,4.095,2.819,426.36,1653.96,2638.42,88.4
1370.73,4.157,2.902,559.31,1829.35,2890.07,130.1
1206.72,4.038,2.776,412.15,1585.54,2594.64,76.6
1338.12,4.178,2.92,572.73,1836.12,2854.25,134.5
1339.45,4.137,2.835,481.63,1704.06,2792.15,105.5
1056.35,3.978,2.716,316.48,1382.9,2385.59,20.1
1085.81,3.984,2.823,326.77,1377.86,2460.18,27.4
1239.0,4.099,2.8,424.27,1640.82,2644.06,74.9
1130.39,4.089,2.79,400.03,1615.04,2569.68,68.1
1347.84,4.159,2.916,554.08,1792.41,2812.99,126.7
1267.93,4.084,2.838,471.61,1672.24,2658.72,99.1
1176.52,4.109,2.744,409.8,1542.9,2471.4,66.6
1083.34,4.012,2.675,335.37,1374.19,2406.82,29.9
1148.19,4.043,2.736,335.92,1457.33,2484.67,39.3
1291.84,4.116,2.823,492.38,1714.77,2660.98,98.3
1225.41,4.111,2.728,406.85,1607.96,2631.59,72.6
1246.44,4.101,2.861,461.64,1628.92,2650.97,88.0
1052.65,4.035,2.727,344.64,1386.77,2477.42,29.8
1266.99,4.128,2.903,483.5,1683.85,2726.22,113.0
1380.36,4.145,2.874,581.66,1866.56,2896.36,145.1
1134.73,3.999,2.788,369.72,1425.28,2447.66,44.6
1234.72,4.094,2.791,436.61,1585.03,2576.61,84.1
1481.0,4.167,3.073,636.9,1966.35,2972.64,165.9
1150.41,4.068,2.769,388.96,1496.47,2498.42,57.3
1335.03,4.118,2.851,473.94,1692.8,2720.7,101.6
1033.06,4.013,2.72,315.07,1379.87,2401.06,16.2
1313.41,4.097,2.828,484.43,1736.56,2672.32,103.4
1053.45,4.031,2.687,306.59,1304.96,2417.08,16.1
1475.63,4.201,3.006,616.88,1981.16,2923.77,163.1
1375.53,4.117,2.836,533.19,1758.87,2776.53,121.9
1420.69,4.197,2.896,520.85,1841.8,2827.98,134.2
1334.14,4.134,2.854,526.37,1813.56,2805.85,120.0
1302.06,4.088,2.791,477.77,1675.06,2742.15,100.7
1223.09,4.07,2.808,413.79,1558.74,2645.72,77.0
1421.93,4.14,2.945,566.03,1892.26,2874.84,146.1
1480.92,4.218,3.022,636.63,2006.07,2991.52,162.7
1220.35,4.117,2.829,439.98,1683.83,2692.29,85.3
1454.12,4.2,2.985,621.08,1928.41,2929.04,158.4
1264.38,4.124,2.805,447.55,1688.91,2652.66,99.6
1279.24,4.129,2.829,465.34,1660.44,2671.01,92.0
1213.79,4.081,2.707,441.71,1548.99,2673.66,77.8
1071.89,4.043,2.73,343.33,1375.46,2532.84,36.4
1000.23,3.976,2.711,271.77,1291.45,2241.64,1.6
1038.48,4.039,2.772,362.28,1430.62,2495.6,41.8
1230.37,4.107,2.795,443.34,1589.36,2679.99,87.1
1182.07,4.009,2.708,414.48,1559.2,2636.26,65.2
1209.91,4.072,2.714,425.79,1589.17,2630.6,76.8
1538.63,4.199,3.062,609.01,1985.28,2994.07,166.7
1181.8,4.063,2.757,356.19,1484.79,2543.63,60.2
1228.34,4.077,2.855,416.13,1538.8,2588.26,77.4
1030.72,4.031,2.673,329.27,1350.26,2390.35,23.6
1027.11,3.987,2.707,290.2,1312.39,2371.96,9.1
1365.22,4.129,2.954,559.04,1806.47,2799.02,132.0
1252.97,4.134,2.836,460.38,1642.8,2754.86,97.4
1349.64,4.171,2.85,576.49,1805.49,2846.46,129.6
1033.53,4.011,2.802,324.57,1380.31,2361.58,26.3
1241.29,4.109,2.877,474.78,1718.99,2718.01,97.6
1145.68,4.061,2.736,345.27,1454.78,2470.5,43.9
1108.97,4.04,2.762,345.24,1388.62,2542.37,39.5
1008.8,4.004,2.714,294.79,1226.18,2268.99,2.9
1070.32,4.028,2.734,320.84,1292.45,2405.89,23.0
1177.92,4.049,2.715,336.01,1499.1,2496.69,53.3
1064.89,4.026,2.722,325.02,1325.42,2429.89,20.8
1505.55,4.178,3.095,652.66,2003.92,3028.17,167.6
1127.28,4.064,2.772,388.49,1523.87,2475.03,53.2
1054.99,4.017,2.727,338.02,1383.76,2417.72,23.0
1108.75,4.026,2.714,345.16,1405.95,2525.28,34.6
1328.39,4.089,2.808,512.71,1743.61,2752.91,100.3
1078.56,4.007,2.653,305.67,1307.79,2429.48,11.8
1438.52,4.172,2.97,554.09,1866.72,2920.01,146.8
1482.2,4.175,3.012,635.81,1980.08,2918.76,163.5
1155.8,4.011,2.701,374.25,1468.71,2423.78,42.7
1233.95,4.052,2.823,405.38,1510.93,2602.48,77.1
968.39,3.991,2.674,286.27,1327.16,2310.98,4.7
1281.35,4.131,2.827,515.45,1678.41,2822.61,109.3
1205.44,4.115,2.769,404.82,1501.12,2680.34,71.0
1086.45,4.047,2.741,361.36,1451.31,2531.22,46.6
1080.83,4.002,2.746,356.57,1386.18,2486.89,36.0
1296.96,4.124,2.831,483.25,1749.48,2727.61,111.5
1191.66,4.103,2.815,413.92,1575.0,2622.6,71.3
1084.31,4.015,2.741,321.87,1408.75,2386.73,31.4
1325.17,4.157,2.854,512.39,1799.79,2742.4,117.5
1290.48,4.113,2.823,471.75,1662.15,2762.93,96.5
1415.28,4.183,2.932,602.9,1901.97,2915.03,146.1
1055.42,4.053,2.714,322.4,1307.31,2430.82,20.9
1349.08,4.119,2.954,547.47,1864.3,2754.43,133.8
1350.01,4.15,2.851,528.15,1736.42,2758.21,114.8
1047.21,4.013,2.717,326.22,1347.21,2379.91,20.4
1308.17,4.117,2.851,489.58,1757.04,2834.4,118.4
1215.35,4.081,2.807,435.58,1579.39,2657.16,75.6
1450.05,4.222,3.011,626.0,1946.21,2997.52,160.7
1062.08,4.047,2.757,324.41,1308.73,2423.47,24.9
1315.23,4.085,2.828,515.94,1765.93,2811.95,109.6
1173.91,4.056,2.796,399.16,1520.5,2547.26,65.6
1533.59,4.21,3.052,643.76,1955.22,2958.79,162.7
1156.27,4.06,2.749,403.77,1497.6,2614.13,56.8
1494.24,4.192,3.016,633.7,1986.34,2977.99,163.6
1396.69,4.148,2.976,612.39,1908.96,2983.76,153.4
1109.75,4.033,2.74,375.44,1493.83,2486.19,46.7
1365.13,4.132,2.922,570.39,1905.24,2870.13,136.8
1473.66,4.166,3.093,661.32,2045.65,3039.23,169.3
1133.78,4.019,2.74,343.66,1457.19,2545.66,43.7
1233.65,4.064,2.786,411.7,1561.67,2612.66,74.8
1256.43,4.085,2.822,432.55,1620.87,2617.23,88.9
1136.6,4.036,2.741,398.31,1467.82,2484.23,50.8
1007.19,4.015,2.68,263.28,1263.78,2319.17,3.6
1136.91,4.019,2.708,368.83,1439.66,2489.69,38.2
1188.21,4.079,2.749,375.86,1463.08,2481.39,48.6
1214.37,4.074,2.805,410.6,1583.36,2639.1,76.0
1111.3,4.036,2.716,314.76,1384.44,2449.74,29.9
1438.41,4.183,2.93,592.75,1915.63,2894.42,148.6
1359.44,4.12,2.873,519.4,1782.51,2722.42,120.1
1022.45,4.002,2.717,314.2,1325.13,2401.01,15.4
1300.25,4.117,2.86,467.94,1729.65,2692.81,110.9
1324.15,4.135,2.924,499.51,1732.25,2796.73,111.5
1505.79,4.188,2.994,616.93,1986.11,3056.25,162.6
997.59,3.977,2.683,304.18,1257.91,2327.48,1.5
1070.47,4.045,2.765,363.96,1432.36,2468.75,42.9
1447.25,4.192,2.968,609.72,1887.01,3011.05,157.8
1487.36,4.223,3.05,640.59,1915.11,2942.38,158.5
1309.07,4.143,2.882,522.57,1779.46,2819.15,122.8
1342.87,4.151,2.917,546.09,1807.36,2865.94,130.4
1058.07,4.019,2.707,314.15,1281.07,2352.99,16.5
1241.85,4.08,2.843,462.76,1650.16,2728.8,87.8
1128.95,4.005,2.706,352.8,1408.64,2523.81,40.1
1061.45,4.023,2.774,358.23,1351.96,2534.51,31.6
1387.79,4.182,2.927,560.28,1865.06,2892.94,137.9
1102.32,4.044,2.736,308.22,1394.25,2400.65,23.8
1193.11,4.051,2.777,456.57,1528.68,2588.74,80.2
1502.6,4.2,3.008,617.45,1972.81,2962.91,159.6
1067.48,3.986,2.698,347.25,1397.24,2451.94,32.4
1508.87,4.205,3.074,651.46,1975.2,3035.35,166.3
1487.46,4.207,3.03,678.62,1961.95,2988.56,169.0
1236.55,4.073,2.829,460.18,1660.06,2667.37,94.9
1074.98,4.047,2.712,341.45,1390.28,2365.69,29.8
1165.46,4.092,2.712,368.25,1561.29,2530.93,54.4
1201.79,4.079,2.759,409.78,1585.86,2579.3,72.7
1176.72,4.059,2.77,366.39,1488.87,2514.47,53.3
1171.74,4.079,2.723,381.06,1504.43,2503.02,48.4
1454.83,4.172,3.011,651.12,2004.95,2984.71,165.3
1048.82,4.001,2.731,333.98,1338.01,2389.8,26.9
1322.68,4.128,2.914,522.66,1815.94,2789.71,124.9
994.51,3.992,2.707,274.55,1282.47,2382.87,1.1
1312.91,4.116,2.836,469.49,1673.37,2713.41,101.8
1467.18,4.171,2.987,617.42,1903.85,2970.81,155.8
1125.5,4.045,2.755,347.01,1469.64,2500.59,49.7
1093.75,4.019,2.696,332.3,1403.19,2437.33,32.4
1348.37,4.117,2.865,481.47,1769.73,2802.47,111.1
1392.23,4.125,2.847,533.46,1713.01,2781.79,121.4
1338.33,4.12,2.888,501.11,1724.49,2821.15,117.3
1086.81,4.018,2.763,410.43,1501.81,2560.73,55.0
1130.62,4.039,2.678,374.86,1445.12,2476.66,43.6
1498.67,4.152,3.043,628.6,1969.06,2923.85,162.6
1462.84,4.199,2.97,621.54,1926.79,2978.37,157.0
1235.68,4.076,2.778,435.65,1601.13,2605.0,78.3
1424.09,4.166,2.967,567.22,1833.74,2882.68,144.0
1184.28,4.078,2.79,445.41,1653.02,2604.86,77.4
1179.75,4.075,2.805,415.52,1582.66,2538.88,72.7
1073.65,4.049,2.701,317.95,1397.65,2429.24,27.5
1229.5,4.053,2.811,425.79,1539.59,2525.19,73.1
1237.09,4.071,2.825,440.99,1633.81,2708.89,91.8
1037.28,3.998,2.704,300.27,1309.42,2365.42,4.8
1218.83,4.074,2.787,429.07,1573.7,2616.49,76.1
1420.18,4.162,2.956,544.39,1840.27,2800.64,133.0
1326.7,4.148,2.923,527.14,1732.93,2802.7,115.9
1261.02,4.102,2.784,505.67,1682.91,2602.11,108.3
1465.83,4.193,3.004,604.42,1963.28,2937.35,154.7
1077.53,3.975,2.658,297.27,1264.24,2388.15,4.0
1283.69,4.109,2.84,445.19,1693.06,2709.42,95.1
1364.01,4.131,2.856,564.02,1811.59,2828.62,134.1
1231.11,4.107,2.832,437.41,1649.57,2638.85,92.5
1131.55,4.058,2.735,384.51,1487.53,2639.06,55.7
1123.04,3.998,2.702,333.64,1363.74,2398.23,24.0
1429.43,4.149,2.949,604.64,1935.8,2914.35,151.0
1207.38,4.105,2.778,456.74,1652.27,2618.09,80.6
1428.51,4.165,2.935,583.54,1900.06,2878.05,149.4
1272.23,4.134,2.822,482.2,1690.44,2616.95,100.0
1363.94,4.121,2.86,478.48,1743.88,2752.95,114.9
1367.33,4.185,2.927,556.07,1852.15,2861.72,136.9
1346.58,4.11,2.915,499.97,1719.27,2725.01,112.4
1192.61,4.104,2.751,431.28,1520.34,2486.22,68.3
1274.81,4.102,2.816,448.68,1643.98,2677.87,87.8
1431.61,4.167,2.94,576.94,1855.32,2863.55,136.7
1180.32,4.049,2.752,385.81,1568.21,2632.94,64.1
1177.05,4.087,2.709,399.35,1545.84,2577.83,66.6
1057.57,4.026,2.65,298.76,1341.34,2310.41,17.2
1450.06,4.176,2.913,596.56,1949.36,2992.26,155.6
1012.56,3.968,2.753,296.08,1369.19,2437.29,16.4
1350.31,4.104,2.874,490.99,1727.95,2703.89,110.5
1202.79,4.055,2.806,443.68,1484.91,2621.06,70.8
1164.01,4.085,2.811,409.52,1525.27,2652.08,69.5
1275.8,4.124,2.849,492.3,1788.05,2846.24,115.8
985.89,3.996,2.77,295.18,1374.82,2422.37,12.3
1303.33,4.104,2.847,494.32,1732.56,2734.21,101.3
1360.13,4.182,2.901,539.73,1812.02,2841.32,131.5
1394.12,4.165,2.962,596.23,1857.88,2858.0,141.0
1099.78,4.031,2.744,349.1,1415.48,2411.83,29.8
1430.11,4.166,3.008,600.98,1938.63,2878.2,152.7
1329.2,4.128,2.9,493.48,1664.01,2783.19,111.9
1436.89,4.156,2.947,582.81,1909.98,2911.45,150.0
1228.81,4.099,2.809,441.57,1612.14,2632.16,83.0
1219.18,4.081,2.793,465.78,1620.26,2681.18,92.6
1434.39,4.198,2.934,633.54,1919.34,2988.47,156.3
1459.43,4.164,2.994,610.34,1930.46,2959.12,153.1
1196.11,4.104,2.822,420.07,1580.58,2544.13,76.7
1163.2,4.087,2.689,386.95,1492.61,2604.65,47.4
1245.93,4.073,2.757,418.37,1600.76,2631.7,67.4
1201.17,4.098,2.779,393.9,1572.47,2563.2,66.5
1175.96,4.066,2.756,369.14,1486.71,2515.46,49.5
1148.48,4.019,2.808,374.35,1456.14,2498.65,46.4
1409.85,4.173,2.927,592.61,1916.66,2862.95,146.5
1050.22,4.016,2.697,288.72,1306.82,2355.6,12.8
1376.83,4.145,2.885,514.46,1738.09,2738.91,115.5
1075.47,4.031,2.714,324.22,1357.9,2475.96,30.2
1138.8,4.066,2.751,390.44,1467.08,2487.53,59.2
1013.44,4.004,2.682,281.96,1358.38,2339.25,11.4
1125.65,4.05,2.754,351.53,1469.67,2464.44,46.6
1348.61,4.127,2.896,580.23,1838.41,2912.07,130.9
1478.08,4.171,2.98,592.06,1907.31,2952.72,150.6
1115.09,4.008,2.746,366.16,1484.84,2491.72,38.4
1244.79,4.078,2.71,428.96,1650.89,2678.06,79.3
1216.27,4.078,2.747,415.24,1602.5,2640.36,80.5
1401.49,4.161,2.938,577.26,1901.5,2907.07,148.6
1338.0,4.129,2.928,534.53,1811.63,2832.2,129.9
1221.66,4.104,2.792,481.02,1600.38,2648.82,87.7
1331.67,4.125,2.874,505.63,1737.12,2802.3,114.4
1428.79,4.16,2.957,584.83,1872.85,2933.53,144.2
1035.74,3.965,2.705,297.05,1219.03,2358.13,2.6
1154.6,4.069,2.765,417.02,1486.49,2575.4,69.1
1448.38,4.204,2.94,621.2,1926.25,2913.59,154.3
1333.3,4.169,2.85,529.28,1826.3,2911.42,126.1
1268.93,4.112,2.91,442.1,1632.31,2673.15,92.7
1264.41,4.096,2.83,440.78,1698.32,2734.95,90.5
1136.97,4.075,2.822,367.61,1507.45,2540.41,59.8
1272.18,4.087,2.789,443.77,1613.8,2657.86,89.0
1373.62,4.122,2.895,447.13,1695.3,2781.41,111.8
1219.94,4.064,2.771,425.71,1568.76,2664.82,71.7
1341.26,4.158,2.878,535.08,1721.43,2819.56,121.7
1415.38,4.187,2.938,573.47,1870.41,2880.8,146.5
1075.57,4.023,2.694,308.19,1383.86,2523.27,27.1
1195.75,4.12,2.768,449.48,1547.61,2635.32,77.3
1200.53,4.085,2.781,425.73,1542.8,2587.32,70.0
1303.09,4.142,2.852,511.89,1762.57,2810.75,117.2
1074.91,4.048,2.746,348.31,1411.14,2449.01,43.2
1312.95,4.1,2.827,497.65,1746.35,2786.22,109.2
1432.66,4.157,2.977,573.55,1933.59,2874.07,149.3
1184.69,4.077,2.771,419.16,1535.35,2629.87,71.7
1418.4,4.18,3.026,591.86,1925.07,3002.55,155.0
1503.39,4.21,3.064,611.0,1990.94,2960.01,168.8
1035.51,4.0,2.707,302.15,1360.14,2399.67,18.9
1111.27,4.041,2.787,337.86,1427.14,2493.52,40.4
1516.35,4.191,2.993,654.55,1939.79,3004.02,161.6
1492.93,4.194,3.004,656.15,1935.91,2991.98,163.0
1022.53,4.012,2.687,295.16,1369.2,2392.73,17.5
990.98,3.966,2.696,286.84,1271.77,2388.71,3.5
1087.33,3.98,2.7,320.94,1363.58,2440.4,28.2
1463.37,4.18,3.097,675.74,2028.31,2971.03,169.3
1041.6,4.018,2.725,309.25,1404.07,2400.06,31.4
1252.56,4.073,2.834,451.95,1595.54,2707.82,85.9
1424.39,4.167,2.961,601.75,1877.26,2954.31,144.4
1036.3,4.017,2.676,281.66,1263.61,2345.01,4.4
1296.03,4.132,2.818,483.56,1665.05,2670.55,103.2
1132.6,4.058,2.739,382.98,1450.1,2486.84,47.8
1407.34,4.191,2.947,571.98,1887.6,2959.23,146.7
1150.02,4.032,2.761,378.82,1452.41,2535.03,48.9
1369.44,4.125,2.882,492.24,1777.56,2725.45,117.1
1312.23,4.144,2.863,486.54,1771.52,2797.0,114.9
1084.15,4.028,2.715,362.2,1406.88,2469.58,38.4
1002.49,3.99,2.677,279.37,1296.94,2383.01,6.9
1173.12,4.114,2.798,414.35,1545.23,2579.96,70.2
1144.75,4.054,2.732,353.47,1445.23,2570.04,49.9
1341.71,4.195,2.936,569.96,1857.84,2858.91,137.7
1401.59,4.122,2.933,537.23,1790.2,2744.59,136.3
1233.48,4.074,2.842,447.95,1564.68,2604.84,78.2
1245.52,4.126,2.827,496.19,1667.06,2740.92,103.5
1264.86,4.119,2.83,474.1,1673.2,2734.75,103.1
1406.92,4.123,2.859,545.52,1834.35,2861.92,140.8
1198.61,4.075,2.759,414.1,1522.08,2545.81,72.8
1146.52,4.098,2.72,361.29,1456.62,2553.76,47.6
1125.36,4.052,2.761,355.14,1447.01,2565.94,45.8
1287.25,4.115,2.873,473.14,1650.28,2645.33,91.6
1205.6,4.072,2.811,443.91,1594.89,2659.22,76.9
1184.77,4.088,2.821,428.92,1593.53,2643.17,75.4
1027.44,4.01,2.685,332.35,1315.57,2334.84,16.4
1366.03,4.164,2.845,486.25,1786.92,2822.04,122.4
1107.02,4.058,2.727,342.45,1414.94,2580.28,37.1
1114.82,4.041,2.711,336.51,1408.07,2402.28,34.3
1211.77,4.079,2.758,425.52,1548.13,2653.92,70.8
1061.93,4.005,2.744,346.65,1408.37,2474.2,39.5
1250.66,4.079,2.798,483.64,1677.99,2704.33,99.7
1151.68,4.07,2.797,391.4,1518.3,2622.96,63.8
1193.12,4.102,2.781,415.52,1596.63,2599.28,76.9
1245.6,4.13,2.818,469.76,1679.65,2687.43,91.8
1126.81,4.016,2.734,343.8,1387.59,2454.41,35.4
1111.21,3.994,2.707,333.77,1367.13,2388.81,27.3
1426.4,4.194,2.995,577.84,1977.15,2967.41,149.8
1200.04,4.065,2.741,430.41,1522.17,2632.95,74.3
1178.49,4.046,2.822,396.5,1513.07,2690.23,70.6
1033.43,3.989,2.684,319.8,1334.34,2354.2,7.0
1242.1,4.085,2.835,439.45,1680.31,2653.01,85.2
1284.63,4.133,2.83,457.88,1707.24,2682.1,94.7
1286.73,4.125,2.851,479.23,1676.49,2687.16,95.4
1284.09,4.124,2.873,522.84,1763.49,2860.03,120.5
1086.75,4.056,2.733,346.55,1389.78,2419.72,31.0
1157.8,4.046,2.776,354.71,1461.32,2510.41,43.6
1385.19,4.182,2.923,577.19,1882.51,2856.16,138.0
1498.92,4.216,3.045,624.86,1975.08,2911.7,161.1
1065.16,4.014,2.727,336.21,1309.39,2427.64,24.0
1241.26,4.107,2.785,460.44,1587.38,2595.25,85.1
1078.05,4.028,2.723,323.38,1431.43,2476.61,37.2
1013.71,4.022,2.726,306.4,1277.46,2346.07,11.2
1174.24,4.061,2.724,410.56,1443.13,2525.56,56.0
1098.16,4.04,2.742,334.79,1401.3,2414.73,25.3
1343.81,4.17,2.867,561.37,1786.32,2802.12,121.0
1223.74,4.114,2.779,442.54,1695.25,2673.32,91.2
1077.27,4.019,2.724,329.44,1404.32,2440.86,25.3
1051.97,3.992,2.668,294.06,1266.66,2330.96,2.6
1438.34,4.101,2.902,557.5,1859.9,2980.44,137.6
1082.09,4.014,2.706,316.85,1373.39,2397.36,30.8
1248.82,4.136,2.844,516.42,1653.35,2685.64,103.5
1182.32,4.081,2.752,403.77,1544.13,2533.45,57.9
1273.07,4.099,2.846,484.3,1680.71,2682.01,99.9
1175.2,4.06,2.789,380.56,1533.81,2582.58,54.3
1059.31,4.006,2.722,310.87,1340.16,2452.06,15.7
1088.22,4.052,2.79,359.32,1437.46,2456.54,38.7
1096.58,4.075,2.789,360.67,1422.53,2469.91,32.8
1236.33,4.095,2.779,407.63,1567.21,2626.52,73.3
1312.89,4.115,2.824,505.75,1733.04,2747.82,112.2
1102.47,4.045,2.737,357.36,1464.57,2524.59,45.6
981.96,4.022,2.693,271.68,1324.59,2365.73,3.0
1227.91,4.071,2.88,441.78,1653.21,2604.77,88.7
1279.84,4.105,2.829,486.94,1701.92,2683.13,103.4
1499.68,4.206,3.029,628.59,1958.81,2962.75,163.7
1253.93,4.14,2.815,477.86,1685.91,2706.46,100.6
1262.99,4.102,2.789,444.46,1577.7,2642.35,80.6
1240.54,4.099,2.794,488.67,1648.23,2671.64,97.9
1518.06,4.196,2.945,657.19,1936.96,2908.79,157.8
1448.72,4.172,2.97,585.56,1868.04,2867.67,141.0
1158.48,4.066,2.792,373.03,1520.31,2492.82,55.6
1075.4,4.039,2.728,370.96,1405.08,2529.96,41.1
1126.43,4.047,2.777,357.76,1456.8,2540.72,45.4
1230.49,4.078,2.77,435.17,1640.37,2686.11,86.2
1329.04,4.196,2.886,548.03,1774.69,2865.26,126.7
1246.85,4.099,2.814,466.42,1612.9,2643.73,86.0
1023.77,4.016,2.739,294.16,1346.9,2351.86,12.5
1332.35,4.138,2.889,535.05,1787.02,2826.59,123.3
1388.51,4.176,2.934,571.32,1790.34,2897.81,137.2
1125.45,4.026,2.738,357.01,1498.36,2531.54,49.9
1371.55,4.095,2.869,485.0,1747.16,2781.72,113.2
1189.56,4.08,2.825,396.69,1523.52,2623.2,73.1
1449.49,4.218,2.914,619.43,1887.92,2962.68,151.3
1418.28,4.192,2.972,574.25,1876.9,2937.29,143.8
1259.19,4.085,2.809,443.93,1652.15,2666.55,89.8
1344.36,4.146,2.828,522.15,1795.7,2813.72,117.9
1457.35,4.163,2.951,617.24,1882.79,2835.08,150.3
1242.61,4.103,2.845,425.01,1607.74,2589.46,84.8
1156.16,4.067,2.743,350.73,1518.2,2518.95,53.9
1367.4,4.167,2.904,564.78,1842.71,2805.56,128.4
1105.58,4.006,2.687,356.7,1417.44,2540.78,38.2
1162.32,4.047,2.722,388.39,1528.67,2571.7,66.7
1424.21,4.17,2.916,583.48,1911.33,2922.58,147.3
1356.7,4.122,2.914,515.63,1727.28,2819.52,123.4
1202.3,4.053,2.78,419.37,1555.08,2537.6,69.2
1111.22,4.042,2.767,362.67,1422.68,2478.71,37.3
1164.22,4.047,2.803,403.39,1507.62,2562.98,61.2
1135.98,4.096,2.728,371.98,1485.53,2576.07,49.0
1076.12,4.017,2.772,341.03,1429.82,2419.19,30.8
1368.36,4.141,2.874,527.27,1774.32,2848.88,126.6
1117.6,4.05,2.773,352.48,1427.34,2515.23,43.6
1220.53,4.056,2.824,427.59,1611.39,2593.94,77.8
1208.89,4.082,2.778,399.41,1499.19,2487.89,66.2
1472.19,4.203,3.047,641.81,1970.08,2989.1,167.0
1201.22,4.066,2.787,381.1,1611.52,2635.17,67.1
1050.23,4.013,2.707,319.97,1337.92,2389.89,14.5
1104.01,4.019,2.694,293.52,1330.31,2420.57,16.2
1277.18,4.143,2.822,446.32,1638.67,2694.83,100.8
1304.27,4.166,2.827,470.51,1624.51,2756.81,102.3
1199.64,4.057,2.822,411.75,1598.02,2531.85,71.8
1170.72,4.055,2.741,449.85,1540.54,2635.84,74.0
1025.65,4.005,2.683,291.95,1316.26,2293.87,10.1
1268.06,4.057,2.803,453.25,1674.57,2693.79,88.3
1229.5,4.11,2.803,450.58,1612.86,2639.53,86.3
1023.1,4.025,2.728,304.57,1365.25,2457.56,26.3
1058.54,4.02,2.669,312.12,1369.11,2391.73,18.5
1040.29,4.011,2.744,315.55,1402.14,2450.34,21.9
1061.44,4.017,2.735,314.13,1371.74,2408.85,18.1
1330.85,4.128,2.862,491.56,1748.42,2736.59,104.0
1118.01,4.036,2.724,354.4,1341.75,2502.34,34.2
1161.26,4.017,2.721,346.09,1461.38,2509.52,43.5
1074.84,4.031,2.715,341.83,1433.88,2509.21,30.3
1472.79,4.228,3.017,619.88,1980.74,2969.65,162.9
1393.61,4.174,2.963,571.59,1883.53,2891.7,145.4
1096.51,4.042,2.735,378.57,1397.56,2441.7,40.0
1133.87,4.091,2.772,356.61,1479.7,2520.33,56.4
1071.93,4.02,2.72,338.06,1465.15,2454.33,36.5
1268.24,4.112,2.814,444.42,1617.43,2625.58,84.1
972.41,3.985,2.684,280.63,1273.27,2363.08,4.3
1357.55,4.153,2.871,511.59,1703.33,2724.7,114.5
1280.42,4.116,2.762,432.4,1655.1,2639.72,89.4
1456.17,4.171,2.983,576.75,1897.39,2844.98,152.9
1057.08,4.02,2.739,318.67,1388.15,2405.94,28.8
1353.05,4.179,2.933,565.98,1901.2,2914.21,136.9
1372.44,4.119,2.882,556.01,1864.14,2836.61,134.8
1084.75,4.009,2.693,330.14,1403.22,2375.23,22.5
1189.87,4.087,2.754,386.58,1556.07,2560.46,68.4
1061.32,4.021,2.734,324.91,1414.42,2451.4,29.8
1153.01,4.047,2.763,358.91,1490.91,2544.91,44.0
1170.2,4.005,2.725,348.19,1432.04,2534.47,45.5
1259.82,4.09,2.864,466.94,1664.06,2643.82,95.0
1198.54,4.091,2.822,408.2,1540.22,2654.7,70.5
1433.03,4.174,3.01,633.56,1941.15,3004.72,161.2
1058.42,3.992,2.725,324.68,1358.94,2427.13,22.4
1497.99,4.216,2.983,610.18,1950.92,2936.59,165.6
1122.55,4.05,2.722,374.42,1423.3,2441.57,40.0
1363.35,4.131,2.866,518.02,1846.4,2813.48,131.6
1155.39,4.065,2.737,364.34,1506.81,2528.8,58.3
1064.67,4.0,2.733,324.22,1351.39,2427.07,25.2
1414.53,4.167,2.967,591.1,1913.94,2793.2,146.0
1159.13,4.059,2.781,373.37,1461.13,2478.73,53.2
1267.73,4.113,2.866,496.26,1707.45,2757.23,112.3
1268.66,4.124,2.844,467.48,1708.64,2743.1,96.7
1233.17,4.108,2.752,441.71,1629.39,2627.37,80.7
1221.74,4.1,2.768,425.32,1611.15,2663.36,84.8
1342.75,4.152,2.88,517.14,1852.14,2860.37,124.7
1041.37,3.981,2.724,296.03,1320.49,2350.78,15.8
1309.7,4.158,2.849,527.88,1767.96,2732.41,113.9
1442.27,4.176,2.926,608.78,1871.98,2884.14,152.4
1043.48,3.985,2.678,308.97,1287.01,2351.67,10.8
1022.31,4.024,2.689,348.48,1403.89,2391.69,24.8
1362.94,4.156,2.828,539.31,1826.21,2872.23,122.1
1200.75,4.093,2.857,423.85,1574.83,2626.1,74.9
1240.45,4.054,2.818,433.05,1623.69,2620.61,69.2
1043.47,4.035,2.657,308.94,1409.8,2381.12,24.1
1219.62,4.096,2.752,442.54,1608.37,2661.31,86.6
1063.78,4.028,2.69,337.75,1352.15,2396.09,22.4
1237.09,4.075,2.757,402.64,1565.94,2650.55,81.5
1322.4,4.172,2.971,534.81,1805.57,2853.11,130.1
1105.15,4.049,2.72,372.97,1460.64,2482.03,44.6
1243.54,4.115,2.813,438.66,1611.73,2637.39,82.3
1471.8,4.168,3.048,654.05,1994.71,3039.65,168.7
1365.39,4.107,2.834,486.68,1791.15,2748.68,117.0
1401.21,4.162,2.967,566.93,1882.74,2919.83,143.2
1174.94,4.107,2.804,423.35,1583.89,2612.88,71.1
1388.66,4.191,2.899,534.99,1835.45,2870.69,130.8
1073.38,3.982,2.767,307.85,1314.6,2338.85,7.8
1077.73,4.018,2.72,323.64,1388.7,2447.29,21.8
1133.14,4.037,2.718,326.1,1439.55,2433.83,35.3
1233.29,4.09,2.838,414.31,1520.38,2612.61,68.9
1391.88,4.185,2.95,592.66,1935.65,2913.92,143.9
1189.05,4.041,2.815,395.5,1518.44,2561.4,59.5
1276.67,4.129,2.856,510.77,1708.93,2804.59,111.6
1353.45,4.099,2.787,498.61,1776.17,2844.98,120.9
1278.53,4.13,2.788,510.02,1694.87,2744.42,100.1
1201.7,4.059,2.801,436.1,1540.19,2633.55,61.4
1305.08,4.088,2.814,494.16,1709.18,2694.84,98.5
1178.0,4.069,2.773,390.46,1535.06,2541.76,58.8
1058.47,4.001,2.739,301.8,1390.0,2391.49,15.2
1508.66,4.224,3.07,640.94,1997.57,2988.03,168.8
1070.67,4.0,2.688,332.35,1359.16,2394.22,22.5
1044.71,4.051,2.702,320.59,1283.13,2313.79,13.2
1468.76,4.192,2.959,585.88,1935.24,2947.63,149.5
1184.45,4.08,2.743,374.96,1502.01,2521.01,52.0
1309.02,4.106,2.814,519.87,1717.28,2758.33,110.9
1163.64,4.096,2.751,382.75,1510.0,2502.84,56.6
1188.52,4.049,2.775,407.17,1546.42,2569.86,67.2
1087.3,4.042,2.702,383.01,1461.38,2508.22,45.3
1155.7,4.089,2.738,407.22,1504.34,2504.78,59.0
1235.47,4.087,2.762,424.24,1563.78,2591.75,70.4
1329.84,4.117,2.826,513.0,1740.85,2790.96,122.8
1296.48,4.121,2.815,432.41,1620.54,2662.36,87.4
1497.74,4.195,3.009,613.35,1965.43,2953.96,160.5
1043.78,3.992,2.68,288.04,1285.75,2298.41,8.1
1253.53,4.065,2.768,448.4,1638.26,2694.72,86.0
1256.41,4.122,2.846,474.06,1747.57,2617.14,99.7
1448.89,4.18,3.0,611.53,1903.51,2953.66,156.5
1072.75,4.005,2.7,294.06,1256.75,2398.66,9.3
1258.65,4.079,2.832,458.22,1713.95,2705.1,97.9
1445.71,4.161,2.96,577.9,1949.89,2844.3,145.3
1084.22,4.051,2.738,392.41,1453.32,2516.82,41.9
1401.52,4.212,2.927,605.13,1904.61,2850.42,149.1
1072.02,3.991,2.689,289.77,1272.44,2323.68,4.2
1354.55,4.173,2.875,511.43,1811.61,2862.07,124.8
1449.19,4.202,2.991,604.85,1947.65,2949.53,158.7
1350.14,4.133,2.885,503.1,1764.84,2766.14,112.1
1239.97,4.063,2.755,442.51,1529.19,2666.82,75.2
1057.99,3.981,2.702,300.15,1318.7,2293.46,8.6
1441.23,4.196,2.946,617.15,1913.06,2947.0,156.5
1216.55,4.079,2.772,449.93,1631.4,2638.89,80.5
1036.3,3.985,2.74,277.67,1264.02,2312.9,5.9
1350.13,4.132,2.884,537.79,1782.47,2762.59,117.6
1216.55,4.089,2.808,431.69,1593.82,2686.56,82.4
1072.2,4.035,2.664,337.12,1348.97,2332.58,22.0
1113.19,4.026,2.727,372.23,1448.65,2459.4,37.2
1075.17,4.021,2.638,288.69,1298.03,2339.04,11.9
1293.27,4.12,2.832,471.68,1633.32,2716.67,98.1
1260.59,4.088,2.809,501.82,1715.56,2720.29,106.1
1235.46,4.103,2.826,441.84,1608.69,2669.56,86.5
1376.32,4.108,2.928,565.31,1818.17,2872.1,139.1
1437.38,4.153,2.91,582.03,1903.23,2905.87,146.5
1318.12,4.129,2.855,459.59,1717.36,2732.79,105.0
1024.49,3.994,2.753,303.58,1291.16,2336.82,3.2
1328.85,4.101,2.866,503.72,1782.85,2799.44,118.5
1200.63,4.056,2.811,380.38,1505.73,2605.92,71.6
1275.31,4.057,2.765,484.08,1649.07,2695.47,96.6
1295.94,4.1,2.869,507.81,1741.67,2800.16,110.7
1136.94,4.076,2.75,371.64,1548.7,2520.61,60.2
1402.56,4.172,2.973,628.88,1942.96,3029.59,156.0
1103.67,4.023,2.734,332.6,1403.56,2378.26,23.6
1335.78,4.132,2.856,509.4,1729.66,2755.73,114.5
1027.64,3.993,2.639,280.14,1263.7,2254.4,1.7
1489.6,4.205,3.032,614.1,1930.43,2936.05,157.3
1031.56,4.011,2.668,319.34,1351.56,2434.3,20.0
1012.19,4.029,2.682,299.25,1288.97,2348.93,17.0
1169.13,4.011,2.767,402.4,1504.89,2600.89,57.3
1185.5,4.091,2.777,407.68,1533.04,2566.47,64.1
1063.24,4.01,2.747,345.16,1404.79,2410.31,37.2
1288.77,4.092,2.838,501.94,1663.21,2682.98,99.9
1200.67,4.07,2.826,418.97,1591.5,2638.95,75.9
1010.43,4.02,2.709,316.94,1319.47,2325.84,6.8
1145.11,4.04,2.724,385.56,1500.5,2601.64,55.0
1334.94,4.147,2.842,577.73,1858.51,2842.09,138.0
1317.92,4.116,2.875,511.14,1762.4,2782.94,117.6
1333.29,4.148,2.927,502.8,1790.21,2786.01,123.5
1350.97,4.152,2.836,527.22,1790.19,2829.88,119.0
1145.55,4.09,2.726,360.48,1538.74,2471.71,53.6
1073.55,4.06,2.719,303.29,1390.21,2308.06,17.8
1068.46,4.061,2.762,366.84,1430.79,2484.14,47.0
1386.43,4.172,2.964,565.82,1807.12,2875.8,141.6
1502.92,4.172,3.092,640.59,2000.71,2918.77,166.7
1227.33,4.133,2.813,444.79,1620.57,2671.72,84.5
1041.86,3.998,2.661,264.76,1283.84,2359.28,2.6
1029.45,4.015,2.69,328.55,1384.04,2403.21,24.7
1172.82,4.066,2.744,372.66,1490.53,2511.64,55.4
1260.56,4.099,2.863,457.29,1632.9,2770.4,98.8
1028.97,3.96,2.688,275.32,1294.73,2329.73,13.7
1493.1,4.2,3.031,600.98,1923.61,2982.26,160.4
1203.29,4.094,2.725,396.81,1548.08,2548.67,62.7
1477.19,4.193,2.987,611.22,1988.86,2947.19,155.2
1431.05,4.154,2.884,561.57,1817.5,2880.94,132.9
1398.54,4.149,2.911,569.11,1890.73,2845.03,128.7
1270.68,4.121,2.833,504.41,1645.22,2658.55,103.5
1304.2,4.125,2.872,506.76,1701.65,2781.16,106.9
1297.32,4.123,2.839,513.99,1730.66,2675.53,108.8
1352.36,4.123,2.848,495.29,1641.75,2772.46,107.3
1291.87,4.138,2.848,466.37,1709.0,2713.12,94.6
1487.63,4.207,3.049,666.84,1968.66,2979.26,167.7
1376.71,4.146,2.888,537.12,1796.32,2834.97,124.8
1347.39,4.167,2.928,555.87,1842.34,2802.37,132.3
1435.65,4.187,2.95,610.46,1853.76,2858.98,148.4
1083.66,4.055,2.687,343.46,1497.07,2489.81,37.4
1008.77,3.994,2.688,305.84,1338.81,2366.67,15.2
1249.38,4.082,2.745,417.4,1601.82,2706.89,82.6
1267.56,4.082,2.805,442.26,1601.22,2653.72,87.9
1417.44,4.18,2.943,569.39,1874.61,2841.76,141.1
1206.51,4.098,2.796,419.71,1536.7,2726.41,76.0
1241.04,4.085,2.871,482.53,1680.01,2649.71,97.5
1222.14,4.109,2.855,438.86,1685.86,2683.01,90.1
1008.02,4.027,2.703,317.17,1339.42,2354.11,7.5
1288.99,4.115,2.772,456.44,1691.69,2765.31,105.0
1432.31,4.17,2.949,582.82,1859.25,2868.41,140.9
1108.5,4.039,2.698,341.94,1400.68,2418.02,27.6
1243.16,4.089,2.863,489.69,1728.48,2716.62,101.4
1266.69,4.118,2.846,495.47,1738.48,2794.13,101.3
1066.85,4.051,2.742,328.55,1437.86,2468.03,28.7
1004.27,4.005,2.728,338.28,1333.43,2372.19,21.9
1502.94,4.212,3.113,630.51,2007.07,2965.12,166.6
1181.38,4.074,2.794,397.17,1506.83,2581.79,67.5
1109.44,4.025,2.699,382.35,1418.3,2439.74,39.4
1121.56,4.025,2.756,336.55,1358.6,2373.88,30.0
1323.58,4.12,2.849,522.12,1712.47,2745.15,113.8
1281.17,4.101,2.882,492.56,1711.38,2696.4,104.0
1323.44,4.12,2.9,509.22,1708.5,2819.07,109.8
1079.2,4.011,2.724,279.0,1346.21,2386.17,15.9
1448.29,4.174,2.927,607.83,1881.38,2866.82,152.0
1202.69,4.067,2.764,404.97,1559.69,2571.71,66.8
1146.95,4.061,2.798,393.69,1478.87,2550.62,54.0
1217.88,4.098,2.857,418.49,1588.53,2662.58,79.1
1188.65,4.05,2.779,422.91,1506.73,2592.52,66.9
1405.74,4.166,2.939,571.03,1925.26,2927.35,146.9
1446.32,4.146,2.955,611.21,1949.35,2945.73,158.0
1180.55,4.051,2.72,352.14,1501.05,2520.93,52.3
1474.96,4.175,2.955,573.07,1856.67,3038.22,147.0
1420.42,4.166,2.928,554.31,1852.62,2826.0,133.1
1428.29,4.189,2.947,639.21,1947.57,2902.02,158.3
1084.84,4.054,2.766,357.65,1429.94,2470.3,42.5
1245.96,4.113,2.873,453.43,1721.6,2706.46,98.5
1136.49,4.035,2.767,334.71,1477.01,2444.42,47.4
1333.07,4.141,2.976,582.27,1878.18,2899.25,140.3
1004.24,3.987,2.699,275.8,1223.82,2303.7,1.9
1304.9,4.094,2.839,460.24,1703.87,2610.05,96.5
1186.91,4.06,2.775,403.85,1523.3,2549.58,58.3
1142.09,4.049,2.801,380.16,1535.42,2506.83,55.5
1298.99,4.134,2.87,494.42,1712.48,2797.5,110.0
1432.2,4.17,2.925,586.32,1864.06,2857.54,144.9
1315.19,4.127,2.855,507.25,1752.38,2711.02,104.0
1405.61,4.178,2.955,588.44,1915.5,2912.91,145.2
1122.83,4.043,2.74,330.77,1414.99,2485.65,45.7
1233.33,4.097,2.844,438.93,1638.96,2634.11,88.8
1181.01,4.095,2.797,421.94,1619.49,2587.4,77.1
1016.01,4.043,2.711,300.36,1292.26,2380.27,3.0
1258.37,4.088,2.84,446.45,1649.09,2675.76,95.1
1286.76,4.13,2.838,507.67,1722.5,2720.16,112.8
1299.32,4.091,2.807,477.16,1693.18,2710.87,101.0
1368.92,4.145,2.866,550.75,1828.94,2813.34,125.4
1290.34,4.097,2.827,455.61,1646.33,2729.98,97.6
1024.73,4.003,2.749,305.45,1259.4,2317.34,12.3
1015.01,4.019,2.71,340.41,1344.53,2469.65,20.7
1297.13,4.106,2.849,493.61,1708.1,2702.38,101.8
1116.72,4.013,2.775,375.51,1485.2,2576.44,47.5
1026.99,4.036,2.693,302.0,1301.61,2385.38,14.5
1172.94,4.098,2.776,421.06,1581.94,2633.89,73.6
1257.66,4.104,2.856,462.46,1644.62,2728.51,94.7
1197.01,4.042,2.779,397.05,1524.6,2526.81,56.6
1335.95,4.143,2.865,536.94,1782.48,2754.1,122.8
1282.0,4.133,2.841,489.04,1754.57,2784.86,109.8
1175.73,4.076,2.765,411.74,1507.41,2632.9,57.2
1370.89,4.166,2.905,561.21,1827.27,2832.29,128.6
1258.76,4.148,2.893,487.39,1719.78,2761.78,110.6
1322.6,4.089,2.867,490.82,1703.45,2765.19,108.7
1317.31,4.101,2.795,461.44,1654.59,2636.45,94.5
956.39,4.013,2.666,299.58,1305.26,2379.16,2.9
1305.32,4.118,2.882,507.24,1844.29,2742.39,118.7
1108.1,4.094,2.778,390.15,1573.62,2634.97,64.6
1466.03,4.224,2.976,637.13,2001.05,2970.95,160.3
1424.77,4.186,2.955,577.95,1856.82,2926.2,139.2
1283.7,4.127,2.767,447.55,1672.05,2646.71,100.3
1157.98,4.035,2.753,369.04,1383.15,2527.26,43.6
1122.68,4.039,2.685,321.77,1397.99,2467.31,35.4
1205.45,4.035,2.791,378.58,1469.31,2541.2,58.5
1255.74,4.075,2.793,430.06,1630.55,2688.74,81.5
1132.7,4.039,2.776,366.35,1473.8,2552.59,51.0
1246.93,4.1,2.801,439.77,1595.57,2675.91,88.0
1063.64,4.018,2.763,316.52,1406.18,2347.61,28.9
1481.71,4.201,2.982,647.5,1992.16,2971.83,166.2
1062.58,4.031,2.736,290.7,1316.96,2432.27,19.2
1459.88,4.172,2.974,611.21,1992.61,2928.12,158.5
1485.43,4.185,2.99,622.89,1910.47,2952.7,155.4
1242.09,4.093,2.828,459.32,1660.62,2701.9,89.8
1327.62,4.146,2.842,510.1,1786.04,2861.74,123.5
1185.68,4.096,2.82,392.12,1627.87,2624.42,74.7
1318.67,4.141,2.861,476.75,1746.91,2709.97,107.5
1127.9,4.076,2.768,355.49,1477.89,2600.82,58.6
1140.04,4.062,2.766,376.44,1537.84,2515.27,51.9
1309.55,4.084,2.836,466.28,1643.22,2732.26,98.7
1244.43,4.074,2.833,437.62,1591.24,2631.86,85.2
1275.14,4.096,2.818,481.32,1730.89,2660.59,98.9
1137.65,4.058,2.776,383.42,1472.33,2465.21,49.4
1149.37,4.042,2.789,400.66,1538.77,2625.89,63.0
1029.59,4.016,2.7,304.54,1347.56,2378.49,15.2
1033.11,4.007,2.753,288.27,1281.5,2388.2,9.8
1130.53,4.005,2.757,354.32,1506.56,2575.45,43.8
1070.73,3.985,2.709,308.21,1394.26,2411.12,13.5
1061.61,4.034,2.726,327.56,1292.13,2469.23,18.5
1431.13,4.175,2.918,546.58,1842.63,2829.47,138.4
1072.65,3.982,2.731,278.1,1325.3,2350.44,7.6
1336.84,4.108,2.858,504.33,1737.3,2730.93,112.4
1162.86,3.999,2.772,334.07,1447.06,2463.06,47.1
1404.13,4.203,2.92,596.86,1917.64,2887.38,148.3
1202.05,4.093,2.75,454.43,1633.34,2618.7,83.0
1160.02,4.093,2.768,411.89,1537.09,2504.37,52.6
1213.05,4.095,2.802,451.74,1585.1,2674.14,88.5
1174.8,4.077,2.77,415.11,1509.75,2592.05,65.6
1288.74,4.127,2.757,468.23,1648.43,2741.23,96.4
1099.13,4.048,2.762,341.14,1427.31,2423.0,20.4
1491.95,4.209,3.08,642.27,2042.95,3076.12,169.5
1186.21,4.08,2.827,422.31,1579.21,2692.98,72.9
1174.5,4.064,2.725,399.79,1513.69,2536.72,59.9
1316.45,4.119,2.881,530.73,1792.02,2811.53,121.0
1169.37,4.06,2.783,384.47,1562.48,2567.8,62.5
1408.01,4.166,2.935,555.47,1863.98,2844.75,141.8
1215.37,4.114,2.802,442.85,1599.7,2664.5,77.8
1350.35,4.133,2.84,532.46,1775.67,2840.81,122.6
1039.97,4.035,2.719,315.89,1308.79,2423.87,19.2
1396.95,4.166,2.913,594.97,1827.68,2931.8,144.0
1337.87,4.17,2.869,547.95,1777.15,2793.9,125.3
1064.89,4.049,2.734,351.75,1410.23,2517.55,36.8
1085.34,4.034,2.708,335.54,1389.26,2471.27,25.6
1174.28,4.077,2.75,372.18,1501.87,2449.06,54.5
1506.46,4.212,3.07,647.07,1939.65,2966.11,166.0
1118.68,4.066,2.739,337.13,1452.76,2515.2,44.4
1196.68,4.129,2.784,428.49,1576.43,2743.77,78.1
1047.53,4.03,2.69,303.74,1291.57,2354.95,6.1
1205.14,4.083,2.746,396.7,1553.23,2602.99,68.1
1278.37,4.102,2.835,472.69,1714.61,2696.86,97.6
1517.36,4.198,3.032,633.2,1949.78,2964.67,162.1
1245.48,4.061,2.822,436.82,1686.82,2731.7,88.3
1394.19,4.179,2.925,586.98,1821.81,2880.25,139.4
1251.0,4.084,2.84,466.26,1632.21,2750.4,93.5
994.28,4.022,2.679,270.42,1303.29,2343.04,7.9
1167.87,4.097,2.759,380.99,1457.85,2550.83,54.2
1272.39,4.082,2.873,493.96,1639.68,2637.71,98.3
1485.09,4.189,2.999,627.48,1963.83,2943.1,161.7
1468.21,4.149,2.963,577.44,1851.56,2891.08,146.2
1102.91,4.004,2.756,343.44,1404.05,2474.44,39.6
1050.61,4.035,2.713,346.61,1424.7,2466.47,38.2
1112.83,4.046,2.752,324.91,1465.28,2452.04,35.0
1460.96,4.199,2.967,636.02,1934.17,2996.95,156.9
1400.35,4.172,2.954,598.27,1890.27,2880.81,145.1
1387.04,4.12,2.885,567.6,1792.85,2871.67,132.0
1206.72,4.076,2.787,383.38,1516.18,2588.19,67.4
1216.48,4.067,2.813,447.57,1558.77,2649.33,86.2
1213.34,4.06,2.801,447.31,1569.19,2720.37,79.5
1160.64,4.024,2.751,345.36,1473.05,2517.89,43.8
1222.41,4.118,2.794,444.8,1610.76,2657.37,86.3
1030.79,4.009,2.658,276.17,1303.89,2369.81,6.2
1005.47,4.025,2.718,334.48,1373.75,2435.41,23.3
1400.04,4.159,2.994,595.92,1934.39,2918.44,150.8
1368.83,4.14,2.912,540.44,1859.65,2790.55,128.0
1231.89,4.052,2.8,399.49,1587.26,2591.47,72.5
1212.29,4.126,2.798,473.55,1629.62,2546.79,88.4
1178.38,4.112,2.778,398.89,1555.45,2546.21,63.5
1349.8,4.157,2.865,549.22,1810.8,2848.6,126.2
1405.85,4.17,2.895,561.08,1767.21,2863.79,133.5
1340.55,4.147,2.91,532.99,1782.62,2826.95,130.0
1360.47,4.11,2.828,505.31,1781.32,2829.04,123.1
1085.91,4.017,2.784,341.26,1398.91,2498.92,35.6
1167.36,4.052,2.724,403.88,1505.31,2554.77,58.1
1225.23,4.082,2.856,403.57,1529.86,2628.01,80.4
1152.22,4.048,2.737,414.11,1529.21,2535.44,56.9
1378.55,4.15,2.87,555.68,1810.82,2796.49,128.6
1158.95,4.043,2.75,387.26,1539.45,2576.22,56.7
1070.48,4.063,2.704,322.15,1372.16,2499.27,24.4
1181.1,4.047,2.762,420.99,1558.14,2540.17,68.4
1490.65,4.214,3.03,622.5,1953.29,2964.52,166.6
1117.14,4.033,2.739,357.46,1394.98,2486.96,39.2
1268.57,4.128,2.816,490.78,1710.09,2722.48,104.5
1197.23,4.092,2.814,446.91,1576.32,2638.62,74.2
1019.32,4.009,2.744,298.69,1277.02,2337.02,13.0
1231.17,4.07,2.746,440.3,1643.83,2567.93,83.5
1324.32,4.131,2.93,520.66,1774.28,2833.54,119.7
1263.7,4.102,2.835,441.13,1618.75,2698.43,87.7
1446.02,4.175,2.96,615.0,1875.13,2946.39,148.4
1116.5,4.031,2.735,356.44,1497.43,2595.22,49.8
1051.94,4.035,2.71,285.8,1315.57,2362.49,15.6
1480.52,4.137,3.023,624.91,1957.87,3030.54,159.3
1175.93,4.065,2.853,390.06,1532.29,2637.45,64.9
1257.25,4.093,2.897,476.29,1663.98,2698.62,98.4
1358.86,4.16,2.866,568.1,1801.33,2810.66,134.8
1176.92,4.079,2.754,384.91,1538.47,2501.24,55.8
1368.94,4.113,2.882,527.67,1753.09,2832.82,122.0
1067.41,4.067,2.756,292.12,1343.64,2372.19,23.9
1159.78,4.056,2.75,380.22,1516.54,2527.55,50.2
1002.42,4.029,2.695,328.78,1372.71,2411.78,25.5
1429.59,4.132,2.922,594.82,1864.43,2880.79,138.1
1106.25,4.037,2.724,366.87,1474.34,2509.06,38.6
1350.56,4.16,2.91,505.58,1828.86,2822.54,122.2
1460.28,4.192,3.073,640.18,1939.52,2995.79,160.4
1286.41,4.104,2.844,434.76,1679.03,2754.38,90.2
1231.0,4.103,2.848,471.31,1605.27,2609.14,92.3
1256.16,4.06,2.834,451.76,1543.58,2643.49,78.9
1166.19,4.032,2.775,411.25,1501.87,2539.74,56.1
1241.86,4.114,2.789,429.26,1604.3,2642.71,81.4
1280.38,4.135,2.831,493.15,1718.67,2646.32,102.9
1459.41,4.218,3.084,658.73,2005.37,2999.02,167.6
1488.49,4.171,3.006,628.85,1972.45,2936.96,159.5
1431.58,4.168,2.917,563.43,1941.67,2933.43,146.7
1472.51,4.201,3.002,602.57,1973.15,3026.52,151.3
1217.71,4.064,2.776,440.93,1627.55,2592.97,80.1
1305.71,4.151,2.825,503.81,1738.89,2780.05,112.1
1476.42,4.166,2.94,589.98,1912.65,2856.27,152.3
1234.97,4.056,2.787,402.99,1547.35,2592.44,67.4
1478.8,4.191,3.048,646.1,1953.06,3011.66,163.5
1179.04,4.056,2.792,419.85,1591.71,2621.24,71.3
1308.01,4.079,2.823,488.88,1729.19,2781.69,102.6
1336.73,4.141,2.853,521.01,1759.46,2827.9,121.0
1487.32,4.2,3.031,633.94,1956.66,2896.13,161.7
1113.35,4.067,2.738,325.17,1390.97,2562.24,42.3
1401.09,4.159,2.902,538.88,1802.98,2766.64,127.1
1230.64,4.139,2.81,445.97,1640.58,2746.71,89.0
1142.47,4.075,2.756,364.85,1427.37,2530.23,46.4
1365.8,4.168,2.917,534.57,1812.8,2861.32,132.2
1256.47,4.116,2.896,468.92,1627.65,2762.99,94.3
1307.69,4.154,2.872,534.06,1694.92,2791.2,112.7
1173.38,4.014,2.749,383.46,1542.89,2578.48,55.6
1251.95,4.082,2.808,437.93,1563.71,2653.82,82.3
1309.85,4.083,2.816,525.78,1713.36,2713.18,105.3
1190.06,4.089,2.753,395.94,1585.55,2552.83,69.4
1103.09,4.018,2.768,349.65,1454.92,2540.53,34.5
1500.94,4.252,3.028,656.23,1938.35,3034.6,163.5
1266.81,4.088,2.845,442.39,1671.0,2661.45,87.4
1288.35,4.147,2.838,547.33,1801.37,2792.77,125.0
1188.83,4.069,2.754,414.79,1577.82,2662.98,70.5
1164.05,4.056,2.777,376.95,1573.85,2599.01,61.0
1210.55,4.051,2.757,408.47,1576.2,2639.38,69.8
1193.1,4.051,2.74,411.17,1531.46,2650.47,70.2
1277.53,4.061,2.789,450.81,1594.73,2736.8,93.0
1232.24,4.116,2.811,435.99,1675.07,2766.62,92.8
1243.15,4.087,2.82,436.82,1634.53,2690.81,85.0
1094.84,4.058,2.767,300.43,1345.22,2361.1,23.8
1199.26,4.07,2.775,450.73,1627.04,2642.65,84.8
1149.8,4.056,2.694,341.46,1351.65,2456.89,29.6
1098.46,4.049,2.67,301.16,1374.01,2421.61,22.3
1462.43,4.211,3.01,620.73,1907.55,2986.06,158.6
1268.97,4.122,2.844,463.22,1737.1,2731.53,103.2
1312.86,4.122,2.83,499.21,1804.08,2708.9,112.5
1193.4,4.101,2.756,399.04,1562.73,2604.4,68.9
1460.36,4.165,2.972,616.19,1941.14,2865.34,154.6
1343.8,4.13,2.85,471.88,1742.74,2684.15,108.8
1362.19,4.151,2.87,563.81,1831.34,2862.95,131.0
1189.92,4.05,2.777,416.05,1497.64,2533.11,63.3
1445.27,4.197,2.976,629.62,2011.31,2955.52,163.2
1391.0,4.177,2.927,550.44,1875.35,2896.63,139.7
1428.77,4.151,2.937,553.56,1904.14,2877.68,145.3
1105.57,4.036,2.736,350.59,1424.68,2455.35,30.1
1112.7,4.003,2.784,394.98,1491.21,2552.65,46.8
1127.07,4.03,2.74,370.63,1509.47,2480.86,49.3
1168.02,4.039,2.747,347.76,1475.85,2482.35,46.8
1449.19,4.177,2.884,569.16,1862.67,2926.06,145.6
1034.89,4.015,2.753,310.78,1312.79,2328.23,6.4
991.87,4.009,2.647,308.16,1328.9,2400.08,13.9
1195.62,4.06,2.746,351.63,1438.06,2527.25,47.3
1099.74,4.03,2.654,377.18,1456.85,2444.03,34.8
1106.4,4.048,2.713,368.39,1430.74,2531.65,40.2
1376.27,4.165,2.966,569.34,1851.62,2813.32,135.9
1278.29,4.099,2.861,459.09,1648.34,2725.87,96.2
1028.81,3.985,2.718,304.37,1281.43,2243.77,2.0
1228.0,4.093,2.782,431.92,1601.57,2614.75,73.6
1171.0,4.113,2.832,409.59,1619.76,2598.99,69.9
1055.74,4.039,2.719,333.0,1311.21,2351.81,20.3
1376.51,4.11,2.886,526.92,1754.08,2839.56,115.3
1344.71,4.115,2.954,525.74,1678.82,2752.02,119.7
1344.52,4.131,2.915,512.03,1773.9,2795.17,122.8
1329.23,4.145,2.883,516.99,1795.97,2861.06,124.1
1029.5,3.992,2.702,260.44,1284.2,2333.64,1.0
1499.97,4.215,3.053,648.91,2013.34,2952.8,162.2
1419.86,4.187,2.941,546.05,1850.28,2848.47,138.6
1440.13,4.18,2.996,607.29,1972.52,2934.81,153.8
1032.14,3.99,2.729,264.66,1296.97,2319.32,3.6
1504.85,4.197,3.07,645.3,1933.38,2959.12,158.8
1422.41,4.182,2.892,548.65,1859.46,2843.53,137.9
1390.73,4.177,2.954,582.61,1878.45,2923.65,142.5
991.27,4.002,2.721,287.09,1347.11,2361.02,16.8
1365.56,4.133,2.877,549.59,1779.25,2761.25,125.9
1497.5,4.169,2.998,648.02,1947.56,3085.09,163.2
1299.75,4.137,2.915,512.46,1789.26,2819.9,115.7
1272.34,4.123,2.799,469.28,1707.27,2679.55,97.4
1462.99,4.203,2.961,637.48,1932.92,2927.21,160.8
1213.29,4.107,2.775,414.36,1579.33,2647.68,75.9
1273.24,4.146,2.785,497.54,1708.16,2700.12,102.3
1258.88,4.063,2.776,439.9,1631.76,2684.29,81.5
1466.2,4.194,2.961,595.99,1953.55,2974.54,158.7
1025.81,4.016,2.706,333.33,1364.27,2386.51,13.9
1261.5,4.094,2.852,447.21,1622.84,2667.05,85.7
1299.69,4.118,2.851,510.48,1807.85,2844.0,117.1
1418.23,4.185,2.938,561.04,1916.75,2849.16,134.8
1303.52,4.101,2.856,464.22,1686.91,2720.55,99.5
1484.06,4.137,2.909,606.67,1940.72,2907.08,154.6
1463.61,4.188,2.984,635.52,1926.76,2984.28,160.2
1030.53,4.0,2.689,312.56,1316.66,2332.56,11.9
1193.67,4.112,2.792,418.56,1559.84,2641.7,69.0
1024.16,4.006,2.709,281.68,1315.67,2392.8,5.0
1141.57,4.054,2.772,371.51,1496.86,2477.38,56.7
1242.13,4.099,2.792,463.45,1673.47,2724.7,91.7
1441.18,4.177,2.958,621.35,1919.65,2888.96,154.9
1386.11,4.212,2.893,570.79,1911.96,2877.29,144.1
1086.21,4.031,2.716,317.27,1376.59,2408.12,22.5
1053.51,3.983,2.696,316.43,1352.07,2368.09,16.7
1274.14,4.109,2.851,475.94,1675.5,2704.9,100.6
1225.88,4.102,2.838,473.22,1645.11,2712.82,90.9
1100.48,4.025,2.736,344.12,1447.86,2544.42,46.0
1492.52,4.143,2.978,582.99,1948.25,2926.29,153.0
1443.79,4.197,2.982,633.58,1903.02,2949.92,157.7
1206.95,4.059,2.747,418.61,1533.44,2618.27,69.0
1443.18,4.202,2.939,602.13,1951.37,2882.46,151.5
1113.6,4.072,2.708,397.89,1547.04,2581.98,65.9
1401.93,4.136,2.876,542.78,1835.39,2810.6,125.5
1243.53,4.042,2.783,438.14,1631.94,2653.74,81.4
1047.99,4.041,2.68,323.72,1388.81,2359.09,21.7
1459.08,4.191,3.014,616.38,1956.74,2965.01,157.8
1187.26,4.077,2.811,435.5,1571.63,2639.06,77.7
1401.56,4.127,2.904,548.55,1799.22,2897.13,125.1
1152.52,4.1,2.792,410.72,1492.11,2517.45,63.1
1011.34,3.974,2.691,296.28,1286.73,2429.64,4.2
1039.7,4.005,2.708,312.67,1329.65,2468.05,18.0
1238.2,4.106,2.832,449.33,1565.81,2707.48,84.9
1367.1,4.164,2.89,534.68,1776.48,2767.4,117.6
1205.05,4.057,2.794,383.89,1516.57,2586.77,57.6
1325.71,4.122,2.871,514.88,1805.67,2722.28,118.5
1346.76,4.135,2.844,527.64,1733.45,2712.03,119.1
1342.09,4.156,2.882,533.44,1806.54,2774.07,120.0
1209.87,4.117,2.789,439.81,1549.4,2614.75,84.2
1513.16,4.155,2.999,618.36,1929.64,2862.85,155.6
1266.87,4.096,2.814,427.5,1675.87,2716.21,83.7
1218.89,4.057,2.795,425.94,1587.75,2596.5,77.1
1139.57,4.051,2.719,365.83,1390.92,2475.47,34.7
1178.31,4.064,2.786,386.32,1485.28,2641.8,53.0
1035.98,3.982,2.724,286.29,1332.66,2348.06,8.2
1312.21,4.154,2.833,486.76,1713.4,2697.8,108.1
1159.37,4.05,2.705,339.36,1458.51,2564.34,43.0
1122.77,4.059,2.761,400.4,1496.77,2521.03,52.4
1416.8,4.149,2.938,534.83,1840.74,2876.7,131.3
1151.26,4.059,2.723,345.76,1532.56,2433.55,56.3
1156.88,4.034,2.755,334.89,1501.76,2497.31,41.9
1086.81,4.012,2.699,334.0,1394.91,2434.19,29.6
1385.53,4.178,2.874,540.68,1837.0,2830.83,132.0
1069.33,4.008,2.743,323.29,1330.02,2449.21,22.9
1202.53,4.075,2.814,432.47,1619.46,2600.53,77.7
1234.63,4.094,2.805,437.22,1670.2,2652.25,86.7
1365.99,4.163,2.893,501.93,1782.43,2790.02,117.2
1246.08,4.146,2.87,508.02,1680.09,2783.72,108.0
1365.16,4.153,2.876,570.96,1842.31,2860.12,138.0
1016.78,4.025,2.699,256.54,1310.34,2347.85,8.6
1115.99,4.055,2.796,350.45,1454.26,2515.1,51.1
1173.38,4.033,2.764,341.3,1532.97,2503.96,48.3
1108.54,4.012,2.64,323.84,1388.94,2368.61,25.7
1154.48,4.079,2.72,374.18,1502.86,2547.19,49.9
1133.02,4.098,2.787,375.33,1517.68,2563.7,53.4
1282.02,4.107,2.798,442.65,1643.56,2608.49,89.2
1279.68,4.118,2.894,521.63,1708.16,2751.64,113.2
1235.21,4.068,2.837,406.73,1563.06,2631.46,65.4
1330.97,4.126,2.874,514.97,1846.05,2811.95,122.6
1154.41,4.049,2.745,373.97,1496.39,2535.53,57.8
1129.44,4.038,2.722,360.06,1458.68,2473.02,50.1
1231.26,4.103,2.843,454.03,1679.38,2736.91,92.5
1074.5,3.999,2.674,291.3,1322.6,2312.19,5.0
1069.04,4.005,2.692,312.9,1366.47,2404.83,14.5
1229.27,4.074,2.752,402.36,1561.32,2680.21,71.6
1437.49,4.203,2.988,603.75,1951.38,2965.64,160.4
1353.67,4.137,2.861,535.38,1708.4,2865.99,122.9
1065.8,4.006,2.646,321.55,1339.2,2401.56,15.9
1422.0,4.164,2.913,607.33,1864.6,2934.82,144.0
1325.76,4.175,2.909,539.95,1729.12,2806.43,124.8
1319.58,4.109,2.883,474.74,1762.04,2698.67,104.2
1404.29,4.174,2.922,579.71,1868.96,2858.11,139.6
1168.51,4.061,2.782,407.61,1502.2,2579.84,69.3
1063.29,4.044,2.744,329.27,1439.42,2482.39,38.4
1259.01,4.109,2.87,447.72,1688.88,2695.36,87.5
1323.1,4.127,2.792,466.34,1695.89,2629.75,93.8
1231.3,4.096,2.782,479.68,1681.13,2691.07,92.0
1274.11,4.087,2.826,469.26,1634.66,2715.37,96.5
1499.06,4.174,3.018,614.46,1943.84,2966.79,161.3
1413.91,4.199,2.97,577.71,1898.28,2891.03,153.5
1419.16,4.216,2.913,575.96,1904.52,2931.07,149.0
1369.67,4.175,2.943,548.0,1870.66,2878.63,136.4
1492.98,4.163,2.998,649.32,1969.2,2994.15,160.4
1090.23,4.028,2.725,309.27,1317.41,2380.94,17.6
1132.9,4.028,2.793,361.99,1452.69,2512.84,45.8
1214.59,4.088,2.763,458.76,1652.11,2677.86,84.7
1404.28,4.172,2.887,590.81,1897.0,2896.46,144.1
1224.76,4.104,2.827,442.0,1640.09,2608.74,86.4
1338.55,4.149,2.832,557.52,1780.79,2736.53,127.4
1071.55,4.008,2.705,313.85,1376.68,2384.16,24.5
1137.65,4.065,2.726,363.51,1415.37,2424.05,43.7
1366.75,4.133,2.897,514.84,1770.15,2826.2,124.7
1084.88,4.051,2.703,335.79,1344.97,2392.94,28.8
1169.35,4.037,2.782,407.06,1570.26,2532.34,60.4
1126.77,4.051,2.714,376.32,1511.1,2571.45,45.8
1134.81,4.04,2.73,404.82,1487.23,2541.78,60.1
1346.32,4.122,2.878,567.46,1754.11,2847.59,120.7
1160.93,4.058,2.775,393.38,1520.5,2571.21,63.2
1231.32,4.138,2.833,450.95,1701.01,2638.61,94.8
1066.96,4.038,2.753,319.39,1363.83,2389.06,17.9
1377.8,4.177,2.956,550.87,1891.57,2773.4,137.0
1182.16,4.069,2.786,381.09,1582.08,2579.81,63.5
1332.85,4.13,2.879,496.54,1747.45,2722.01,110.6
1327.41,4.168,2.891,560.76,1799.09,2810.98,123.6
1106.8,4.049,2.768,356.07,1460.86,2437.49,36.4
1390.78,4.176,2.971,604.01,1943.26,2968.08,150.5
1333.65,4.15,2.828,462.64,1741.34,2739.17,105.1
1169.98,4.097,2.765,409.14,1587.48,2598.06,73.5
1079.78,4.034,2.761,358.76,1432.57,2425.76,31.8
1501.2,4.179,2.995,619.77,1946.2,2968.78,160.2
1360.81,4.138,2.953,576.15,1795.39,2816.93,128.6
1073.85,4.028,2.699,351.95,1408.71,2370.1,36.2
1179.5,4.071,2.802,384.94,1576.98,2527.63,58.1
1412.84,4.177,2.907,561.33,1822.35,2869.45,137.8
1319.95,4.108,2.884,518.07,1796.23,2761.3,118.6
1359.19,4.112,2.861,525.88,1879.89,2849.19,130.4
1198.97,4.064,2.736,437.48,1594.04,2623.31,75.6
1341.36,4.133,2.925,534.06,1773.93,2717.9,122.1
1136.84,4.096,2.763,399.94,1559.89,2553.77,66.3
1100.66,4.03,2.763,344.57,1406.3,2517.7,36.7
1348.23,4.128,2.83,506.27,1693.94,2770.02,107.9
1464.13,4.203,3.066,669.49,2021.71,3008.66,165.9
1134.75,4.036,2.744,401.15,1528.3,2570.19,53.5
1189.67,4.117,2.761,432.72,1586.73,2622.54,78.9
1339.95,4.119,2.884,498.05,1737.18,2754.23,114.9
1288.32,4.135,2.849,436.36,1660.93,2720.58,92.5
1443.18,4.165,2.956,582.27,1876.44,2937.0,143.5
1338.98,4.144,2.894,534.24,1792.9,2885.94,129.7
1052.95,3.981,2.647,302.85,1272.08,2337.56,10.9
1534.95,4.204,3.052,653.63,1955.02,3025.19,169.7
1378.02,4.193,2.873,552.88,1774.39,2825.58,128.2
1436.71,4.18,2.94,571.69,1863.75,2934.73,147.0
1301.23,4.133,2.89,488.06,1741.28,2757.55,111.1
1426.12,4.157,2.94,581.26,1865.01,2900.19,145.7
1093.81,4.027,2.648,320.12,1330.64,2430.92,20.0
1174.47,4.067,2.689,393.6,1478.26,2542.97,59.8
1400.34,4.173,2.934,633.37,1867.47,2900.13,149.1
1089.61,4.043,2.716,309.35,1376.66,2500.85,35.1
1078.91,3.971,2.714,322.9,1328.7,2392.77,14.2
1392.23,4.154,2.866,572.85,1868.6,2815.15,134.2
1412.38,4.142,2.891,563.3,1918.33,2933.46,142.2
1070.35,4.026,2.736,324.17,1389.51,2490.71,28.5
1449.28,4.155,2.982,611.55,1919.48,2911.81,145.4
1372.76,4.121,2.81,506.14,1737.83,2772.62,117.1
1279.35,4.073,2.791,442.33,1655.95,2736.8,88.9
1442.65,4.187,2.963,576.59,1843.13,2945.27,141.3
1190.52,4.065,2.813,422.84,1579.51,2568.81,71.9
1085.19,4.019,2.702,355.83,1384.69,2442.71,33.8
1133.83,4.081,2.786,385.34,1449.73,2511.81,49.1
1241.48,4.108,2.811,457.66,1626.51,2727.81,86.4
1289.03,4.061,2.837,426.95,1695.62,2715.57,90.8
1422.54,4.187,2.897,563.69,1876.17,2853.64,137.1
1399.29,4.189,2.92,568.3,1817.89,2856.6,134.7
1242.14,4.144,2.798,484.64,1651.89,2709.44,99.3
1338.03,4.168,2.89,543.25,1807.27,2819.07,133.0
1102.74,4.009,2.72,324.84,1427.08,2472.57,33.4
1059.09,4.001,2.702,281.81,1318.87,2375.8,9.5
1428.04,4.145,3.025,600.47,1921.95,2936.82,148.6
1095.44,3.99,2.78,320.58,1313.88,2383.47,13.8
1093.69,4.021,2.73,359.55,1455.53,2445.01,42.7
1305.39,4.124,2.916,502.85,1775.8,2765.86,118.5
1178.28,4.08,2.749,414.42,1597.46,2600.16,70.2
1413.93,4.165,2.967,580.38,1951.83,2950.96,149.1
1156.8,4.044,2.733,362.96,1508.15,2534.02,51.4
1011.05,3.988,2.676,281.94,1324.99,2283.19,3.0
1106.15,4.084,2.835,362.92,1482.31,2443.65,51.8
1298.57,4.155,2.82,456.16,1660.14,2710.05,98.7
1135.27,4.061,2.754,423.4,1534.83,2591.46,64.5
1228.21,4.11,2.788,428.57,1645.66,2713.97,91.4
1391.07,4.157,2.932,585.91,1898.67,2985.28,149.1
1456.45,4.197,2.935,607.3,1931.9,2984.75,155.2
1133.96,4.037,2.753,382.03,1453.68,2526.0,45.9
1267.73,4.073,2.803,434.77,1583.38,2611.62,79.1
1284.84,4.146,2.833,457.99,1656.08,2749.69,93.8
1507.56,4.162,3.007,615.76,1984.53,2921.65,161.4
1506.44,4.151,3.068,666.57,1972.97,3042.85,169.8
1091.35,4.055,2.719,341.74,1478.05,2556.29,40.8
1355.2,4.136,2.889,534.87,1823.81,2868.82,123.9
1195.05,4.057,2.773,398.33,1539.82,2560.92,64.9
1037.68,4.048,2.67,293.63,1213.12,2264.15,2.4
1008.73,4.008,2.68,310.32,1220.02,2300.73,2.6
1231.29,4.086,2.843,440.37,1599.34,2633.91,78.8
1209.06,4.079,2.864,437.86,1636.31,2639.67,83.5
999.83,4.005,2.685,315.58,1347.31,2349.12,4.8
1303.38,4.1,2.847,539.24,1749.27,2713.02,117.1
1142.47,4.042,2.752,389.81,1462.84,2551.84,50.7
1237.84,4.107,2.86,470.47,1631.31,2674.32,95.6
1134.35,4.058,2.753,363.42,1501.05,2524.7,51.9
1108.69,4.023,2.734,297.13,1391.19,2416.27,29.2
1168.09,4.062,2.762,414.11,1543.57,2626.06,69.8
1101.79,4.058,2.703,364.45,1436.23,2456.16,40.3
1256.74,4.07,2.841,436.8,1646.74,2613.69,91.4
1105.96,4.027,2.736,348.6,1441.62,2478.9,34.6
1229.61,4.087,2.83,440.44,1617.64,2600.74,86.9
1101.61,4.044,2.67,337.31,1384.26,2421.9,27.6
1337.86,4.122,2.918,499.94,1775.06,2818.26,114.4
1394.58,4.157,2.903,531.87,1803.63,2854.23,128.4
1060.02,4.021,2.656,314.71,1330.39,2398.78,19.7
1209.71,4.052,2.828,414.73,1562.76,2639.7,80.1
1028.57,4.005,2.691,318.55,1294.94,2329.44,13.0
1293.97,4.081,2.839,481.09,1676.54,2741.58,102.1
1119.18,4.053,2.732,345.93,1486.55,2520.02,45.7
1237.22,4.087,2.813,444.96,1622.25,2685.85,90.2
1235.28,4.123,2.812,459.3,1630.55,2670.91,88.5
1440.72,4.181,2.936,611.28,1910.48,2942.25,157.2
1266.94,4.09,2.849,472.84,1661.57,2723.54,93.8
1243.42,4.137,2.837,460.06,1693.32,2690.35,99.5
1198.81,4.058,2.794,404.82,1564.6,2538.68,68.9
1488.42,4.207,3.031,625.78,2013.14,3001.14,161.4
1363.8,4.163,2.909,585.8,1828.66,2794.31,132.3
1186.04,4.044,2.761,358.99,1481.08,2484.68,49.2
1414.54,4.141,2.893,590.16,1862.98,2909.95,143.7
1166.66,4.106,2.764,426.85,1641.01,2626.36,74.1
1398.71,4.174,2.932,600.33,1893.5,2875.83,141.0
1404.21,4.148,2.932,592.04,1890.21,2934.67,140.1
1106.7,4.036,2.74,332.35,1438.46,2488.86,32.9
1332.16,4.158,2.916,505.5,1794.48,2790.96,119.5
1115.05,4.054,2.749,350.38,1510.03,2495.38,50.1
1116.05,4.058,2.765,377.4,1475.07,2533.07,51.3
1126.56,4.074,2.755,388.69,1547.86,2529.21,51.1
1337.32,4.173,2.876,548.29,1743.9,2859.37,123.6
1084.95,4.037,2.731,348.15,1425.6,2469.26,39.8
998.87,3.965,2.664,285.11,1331.81,2366.21,1.2
1362.38,4.114,2.876,548.33,1777.43,2751.53,121.9
1129.06,4.013,2.718,322.41,1413.61,2452.14,29.9
1078.48,3.994,2.705,276.76,1334.5,2365.38,18.7
1149.35,4.007,2.687,371.8,1452.52,2482.56,41.1
1205.46,4.108,2.772,384.11,1527.74,2568.96,65.2
1247.24,4.101,2.775,430.94,1642.07,2598.03,81.4
1026.4,3.99,2.695,303.48,1317.4,2324.63,8.5
1487.0,4.193,2.996,629.64,1924.61,2961.22,165.0
1335.81,4.105,2.881,543.48,1758.77,2875.19,122.0
1149.57,4.082,2.751,422.42,1469.4,2518.32,55.6
1154.71,4.019,2.74,368.75,1537.68,2460.8,54.9
1231.18,4.095,2.802,427.5,1550.14,2594.34,76.8
1310.97,4.085,2.859,491.69,1708.44,2673.75,106.8
1073.21,4.014,2.717,331.03,1440.24,2379.79,25.7
1096.89,4.056,2.745,330.25,1443.25,2352.39,32.9
1433.16,4.138,2.933,577.58,1865.89,2878.54,146.2
1141.67,4.042,2.756,351.08,1425.55,2509.76,44.3
1143.26,4.083,2.774,394.69,1509.34,2561.42,65.3
1401.81,4.182,2.922,585.78,1906.77,2897.12,148.2
1346.78,4.131,2.836,468.5,1728.9,2871.46,113.1
1161.98,4.072,2.8,389.87,1518.54,2527.99,58.7
1319.02,4.122,2.915,509.73,1768.31,2792.07,116.5
1018.16,4.034,2.713,278.87,1293.63,2341.8,4.3
1349.92,4.113,2.87,536.64,1802.26,2828.9,125.3
1245.7,4.116,2.847,439.23,1617.59,2625.6,83.3
1369.75,4.165,2.94,561.56,1833.16,2902.38,138.4
1475.21,4.203,3.022,629.49,1921.38,3016.28,162.3
1464.76,4.2,3.043,607.71,1944.09,2951.6,157.5
1459.41,4.192,2.95,591.58,1906.28,2984.22,154.7
1249.49,4.082,2.835,477.91,1662.45,2688.54,87.6
1184.86,4.061,2.745,387.33,1487.09,2571.16,61.9
1206.89,4.059,2.78,435.37,1588.5,2593.67,79.6
1309.26,4.129,2.948,555.67,1768.29,2782.62,117.6
1497.1,4.182,2.974,591.8,1948.14,2960.06,150.4
1095.8,4.047,2.788,351.81,1406.39,2446.44,36.0
1449.8,4.191,2.998,647.97,1942.13,2946.87,156.2
1415.46,4.126,2.935,543.63,1876.34,2830.06,138.8
1528.02,4.184,3.021,660.34,2006.43,3000.3,166.4
1420.02,4.162,2.986,599.7,1918.46,2936.22,149.8
1110.57,4.023,2.75,360.55,1522.73,2604.43,48.3
1029.15,3.997,2.712,315.05,1337.73,2404.02,18.9
1102.67,4.015,2.703,310.74,1405.79,2410.96,20.0
1114.65,4.08,2.749,395.45,1497.02,2512.09,50.2
1293.63,4.1,2.844,486.7,1714.96,2732.61,104.8
1368.29,4.137,2.921,574.25,1859.3,2853.6,136.9
1407.8,4.167,2.967,596.76,1950.16,2985.09,153.0
1291.82,4.128,2.8,495.03,1693.08,2721.93,106.4
995.64,4.017,2.705,280.01,1287.34,2374.24,2.0
1077.08,4.028,2.724,317.2,1396.76,2444.68,32.5
1107.76,3.983,2.609,332.12,1393.54,2357.1,17.9
1184.05,4.042,2.723,401.07,1507.33,2544.2,62.4
1261.96,4.1,2.794,456.1,1685.29,2631.98,85.7
1054.98,4.02,2.735,285.37,1294.48,2331.88,8.3
1164.08,4.1,2.785,408.59,1474.73,2508.33,59.9
1080.3,4.005,2.705,343.32,1373.06,2413.52,31.3
1317.14,4.129,2.849,502.0,1706.36,2659.24,110.4
1225.05,4.068,2.831,446.55,1648.39,2638.81,79.5
1221.54,4.077,2.788,437.39,1580.66,2633.14,84.7
1206.71,4.061,2.755,437.54,1582.18,2601.06,73.3
1457.7,4.184,3.04,620.05,2009.86,2936.78,162.6
1102.43,4.018,2.768,347.82,1506.61,2521.45,37.3
1237.72,4.149,2.795,436.1,1633.12,2594.66,88.3
1324.98,4.136,2.902,518.17,1801.47,2856.4,125.4
1207.0,4.127,2.824,458.11,1630.63,2634.31,95.1
1436.91,4.172,2.972,615.47,1933.53,2921.44,158.0
1225.31,4.115,2.809,409.13,1602.75,2591.05,64.9
1212.81,4.095,2.778,421.25,1624.37,2712.17,79.4
1072.34,4.026,2.728,318.03,1374.4,2414.3,16.0
1238.6,4.107,2.844,480.14,1723.22,2629.27,103.9
1114.04,4.071,2.746,363.41,1506.28,2530.13,49.7
1049.33,4.031,2.705,339.99,1444.5,2398.5,28.1
1254.67,4.097,2.792,452.32,1642.94,2784.75,93.0
1314.28,4.081,2.81,483.31,1669.9,2692.98,91.0
1059.2,4.002,2.688,312.05,1308.76,2412.88,13.8
1379.48,4.131,2.876,499.55,1708.77,2758.34,119.0
1292.78,4.139,2.811,488.87,1722.61,2705.23,106.4
1129.66,4.026,2.724,329.62,1409.61,2447.97,32.9
1275.14,4.051,2.811,408.35,1600.11,2608.0,80.3
1345.8,4.155,2.861,544.87,1767.17,2821.45,122.7
1238.85,4.128,2.839,471.08,1649.79,2660.71,90.5
1155.41,4.04,2.804,396.01,1562.29,2587.14,67.8
1146.94,4.095,2.724,392.72,1556.9,2577.82,55.5
1294.46,4.147,2.82,498.63,1720.87,2734.75,104.2
1516.74,4.175,2.958,622.2,1970.36,2947.38,159.7
1291.12,4.109,2.876,523.77,1727.67,2746.83,114.5
1048.72,4.028,2.707,309.66,1300.11,2352.96,13.6
1173.77,4.06,2.749,447.01,1566.66,2660.44,78.9
1428.73,4.164,2.944,583.41,1906.68,2919.4,151.5
1063.19,3.985,2.716,313.18,1343.74,2348.75,17.0
1506.55,4.198,3.06,647.93,1997.81,2976.39,168.1
1486.22,4.219,3.043,609.51,1935.91,2998.15,161.4
1058.62,4.015,2.669,290.35,1263.87,2363.56,14.2
1477.33,4.206,2.993,596.08,1935.75,2851.39,158.7
1174.49,4.06,2.74,396.46,1554.82,2602.67,62.4
1388.17,4.17,2.941,574.38,1869.0,2883.5,143.8
1152.79,4.054,2.78,395.49,1563.63,2635.41,71.7
1196.03,4.081,2.799,441.03,1534.06,2602.43,75.5
1301.06,4.109,2.838,500.73,1726.11,2768.86,108.2
1408.24,4.15,2.927,540.4,1839.32,2868.15,131.9
1027.94,3.994,2.673,296.64,1284.44,2317.39,6.7
1278.88,4.109,2.806,475.29,1721.09,2668.5,101.2
1104.19,4.072,2.734,315.19,1440.29,2402.63,32.6
1158.69,4.099,2.822,394.08,1578.08,2563.06,59.5
1186.63,4.092,2.721,415.25,1488.22,2550.2,59.8
1272.61,4.125,2.765,454.01,1610.68,2637.02,80.3
1214.81,4.089,2.77,387.55,1470.68,2564.08,57.5
1063.22,4.013,2.744,308.19,1368.72,2382.68,19.1
1085.36,4.019,2.728,334.55,1390.92,2402.93,25.6
1069.78,4.003,2.676,297.49,1243.49,2313.68,6.7
1219.95,4.085,2.812,431.18,1611.11,2653.57,80.5
1491.47,4.17,3.027,657.18,1958.64,3036.63,162.3
1035.9,4.021,2.691,311.24,1320.62,2381.06,20.5
1462.17,4.157,3.029,639.95,1949.52,2980.89,160.9
1384.22,4.147,2.886,536.47,1857.97,2869.99,124.9
1288.11,4.104,2.799,498.23,1741.99,2724.86,108.7
1306.81,4.124,2.85,474.28,1705.72,2827.39,110.1
1365.34,4.168,2.911,589.81,1856.66,2843.74,140.7
1110.75,4.006,2.749,327.15,1292.23,2417.53,19.1
1271.9,4.064,2.77,448.6,1595.4,2617.49,86.3
1341.21,4.113,2.858,535.14,1819.53,2813.48,118.8
1293.32,4.123,2.842,482.67,1715.02,2691.24,100.2
1417.84,4.154,3.004,556.41,1884.74,2792.92,141.7
1080.82,4.018,2.761,289.97,1338.8,2428.16,13.2
1320.25,4.136,2.869,516.14,1806.74,2796.38,117.7
1272.88,4.099,2.829,431.2,1658.62,2660.19,91.3
1207.69,4.077,2.793,418.1,1529.52,2567.89,65.1
1193.23,4.049,2.734,384.83,1507.87,2543.45,58.5
1241.17,4.129,2.846,491.57,1704.64,2726.3,105.9
1424.51,4.169,3.004,586.35,1907.45,2909.47,151.6
1210.69,4.146,2.811,452.34,1672.51,2650.55,84.9
1407.36,4.141,2.986,570.29,1833.37,2959.17,140.4
1141.07,4.068,2.767,404.3,1539.16,2501.53,69.0
1007.58,4.006,2.706,334.44,1292.51,2311.81,18.3
1096.03,3.977,2.698,321.08,1350.26,2383.19,11.4
1053.05,4.016,2.659,309.79,1323.45,2255.15,9.7
1184.24,4.062,2.808,404.73,1590.87,2557.89,65.2
1170.55,4.014,2.754,379.3,1489.3,2517.7,58.0
1350.95,4.155,2.888,523.7,1760.73,2805.11,122.3
1385.19,4.134,2.873,533.16,1768.27,2798.58,126.5
1021.6,4.0,2.749,304.29,1326.52,2352.26,9.6
1114.17,4.051,2.773,348.85,1417.36,2440.18,38.4
1138.69,4.041,2.75,366.18,1473.55,2456.58,47.4
1235.07,4.098,2.786,484.75,1646.16,2680.27,93.5
1108.39,4.071,2.74,342.93,1418.8,2440.76,25.4
1060.84,3.976,2.748,310.89,1406.44,2438.5,23.6
1494.0,4.163,2.974,628.94,1958.94,2968.53,160.5
1395.53,4.137,2.913,552.1,1881.1,2916.59,136.9
1132.77,4.065,2.729,345.8,1396.21,2447.81,31.5
1167.5,4.063,2.815,439.67,1556.07,2628.59,69.7
1142.76,4.07,2.764,387.9,1456.49,2550.86,61.1
1363.0,4.147,2.94,570.04,1854.73,2874.84,134.7
1246.3,4.11,2.788,471.98,1632.44,2743.98,87.2
1107.94,4.018,2.683,318.75,1390.78,2416.36,22.6
1398.08,4.151,2.944,544.03,1821.76,2868.91,125.9
1131.26,4.1,2.74,433.09,1528.11,2589.57,68.1
1134.19,4.055,2.723,348.58,1450.92,2449.13,45.4
1098.74,4.055,2.797,384.45,1521.09,2581.11,64.5
1256.81,4.101,2.791,424.56,1654.09,2678.56,85.1
1192.1,4.111,2.749,400.34,1559.82,2587.0,59.0
1117.63,4.053,2.735,340.7,1466.12,2457.99,41.9
1191.86,4.077,2.715,416.32,1611.29,2740.9,68.3
1026.38,3.968,2.725,309.9,1307.61,2380.43,4.2
1356.24,4.167,2.908,540.52,1796.3,2894.17,131.6
1098.54,4.044,2.7,322.35,1351.94,2473.1,29.9
1028.79,4.007,2.645,306.49,1280.64,2319.97,8.4
1337.55,4.13,2.816,503.07,1723.16,2746.18,111.5
1373.77,4.209,2.856,515.6,1806.3,2867.4,131.8
1376.27,4.178,2.929,590.78,1858.44,2798.36,138.5
1196.49,4.119,2.813,449.95,1614.27,2635.33,84.4
1056.03,4.035,2.75,338.69,1419.3,2440.68,35.7
1390.15,4.143,2.91,529.58,1872.26,2844.07,125.6
1326.42,4.15,2.893,531.17,1797.24,2754.51,119.3
1129.03,4.04,2.788,356.62,1453.26,2568.59,42.6
1490.87,4.179,3.008,607.39,1957.08,3062.58,153.7
1045.47,4.022,2.738,316.12,1324.38,2410.99,18.6
1474.58,4.186,3.053,629.79,1961.04,3037.84,167.1
1419.46,4.175,2.967,582.27,1919.64,2923.81,146.4
1332.51,4.136,2.857,513.1,1762.14,2764.57,117.3
1512.96,4.207,2.991,610.82,1956.15,2920.34,159.6
1388.71,4.13,2.934,533.93,1753.55,2823.36,123.1
1111.68,3.991,2.712,347.04,1392.65,2423.92,33.2
1246.55,4.077,2.773,448.52,1570.53,2660.19,75.7
1041.44,4.014,2.691,292.89,1312.16,2346.13,13.1
1193.12,4.092,2.761,418.23,1609.8,2593.12,66.9
1352.08,4.132,2.876,559.06,1865.92,2788.51,126.3
1151.88,4.083,2.784,418.01,1577.32,2545.12,66.3
1188.38,4.083,2.77,377.25,1506.51,2602.19,56.8
1298.18,4.131,2.865,475.06,1676.15,2704.83,101.6
1429.7,4.158,3.018,615.64,1870.25,2895.92,148.4
1036.01,3.988,2.686,294.68,1320.93,2330.16,9.0
1146.03,4.08,2.774,402.97,1580.7,2561.39,66.1
1057.87,4.057,2.666,322.62,1408.28,2425.17,27.7
1344.02,4.137,2.833,530.52,1770.77,2710.3,118.5
1046.88,4.01,2.705,277.34,1369.53,2427.08,18.9
1314.51,4.103,2.875,494.59,1744.43,2786.25,113.4
1135.72,4.044,2.766,355.46,1464.49,2549.94,49.4
1082.76,4.018,2.749,366.22,1382.23,2508.35,34.6
1440.24,4.187,3.034,624.64,1940.73,2962.04,159.2
983.97,3.965,2.742,286.29,1300.57,2340.96,4.1
1204.57,4.076,2.783,418.62,1567.18,2640.58,75.0
1040.99,3.976,2.668,269.46,1259.21,2286.21,4.7
1189.01,4.111,2.823,458.42,1615.98,2633.29,82.7
1237.93,4.079,2.836,439.15,1634.24,2698.57,85.7
1161.38,4.047,2.764,390.74,1486.5,2573.18,55.4
1046.49,4.024,2.71,312.23,1366.63,2500.07,23.3
1215.03,4.061,2.759,399.41,1460.14,2572.33,64.6
1314.12,4.179,2.862,495.91,1772.78,2824.21,114.6
1378.55,4.173,2.928,550.85,1841.66,2848.31,133.2
1248.94,4.102,2.797,470.97,1689.09,2635.48,90.7
1237.86,4.122,2.812,479.18,1683.33,2726.61,100.7
1125.78,3.986,2.749,348.53,1435.82,2448.91,34.9
1114.96,4.076,2.726,371.47,1508.98,2498.78,49.6
1077.96,4.035,2.727,355.5,1388.16,2388.91,28.4
1136.84,4.042,2.745,346.01,1457.6,2479.84,43.1
1147.68,4.05,2.736,348.44,1434.73,2440.3,39.0
1220.46,4.113,2.794,454.0,1590.47,2751.23,88.8
1257.5,4.1,2.879,452.36,1681.48,2737.41,96.1
1503.77,4.196,3.015,626.9,1929.02,2915.37,160.7
1109.97,4.053,2.714,341.8,1384.61,2430.45,34.1
1324.96,4.134,2.863,499.34,1743.6,2738.94,109.4
1373.35,4.157,2.978,571.03,1898.2,2866.18,139.1
1257.98,4.114,2.829,456.3,1691.51,2665.97,95.7
1120.24,4.072,2.79,335.71,1468.67,2489.57,44.1
1106.33,4.062,2.711,365.25,1466.56,2539.65,45.4
990.81,3.976,2.67,281.72,1331.22,2335.75,7.6
1134.24,4.067,2.692,375.09,1536.77,2480.08,52.6
1395.05,4.156,2.951,527.69,1787.24,2744.17,126.8
1037.53,4.024,2.646,275.25,1294.32,2277.59,9.0
1143.06,4.038,2.74,354.16,1448.54,2481.53,38.1
1345.71,4.131,2.928,533.8,1724.67,2803.75,120.4
1362.1,4.127,2.937,571.23,1830.24,2842.76,133.3
1248.51,4.072,2.807,421.2,1600.07,2605.26,77.9
1342.33,4.161,2.912,520.6,1753.45,2776.14,119.0
1208.89,4.076,2.757,409.39,1486.72,2593.52,66.6
1056.32,4.023,2.737,345.74,1427.63,2406.84,28.0
1215.57,4.1,2.776,381.55,1533.48,2591.97,68.3
1303.95,4.134,2.828,451.8,1665.85,2702.73,99.0
1478.18,4.174,3.012,647.22,1999.51,2968.18,161.2
1024.58,4.03,2.737,278.24,1236.16,2282.77,12.6
1240.45,4.064,2.857,460.51,1675.05,2696.09,86.7
1172.94,4.069,2.754,404.22,1569.44,2554.62,56.6
1247.91,4.104,2.778,459.13,1603.69,2645.34,86.9
1041.5,4.019,2.667,275.79,1280.38,2327.76,5.1
1175.74,4.064,2.816,365.6,1506.18,2553.93,53.9
1384.81,4.158,2.969,569.5,1868.91,2871.14,139.6
1235.47,4.104,2.791,490.28,1693.04,2719.42,94.6
1213.38,4.139,2.844,452.37,1603.78,2629.87,77.1
1129.8,4.052,2.73,374.43,1497.28,2551.64,49.3
1163.31,4.065,2.774,350.12,1584.24,2484.17,51.4
1155.73,4.031,2.754,405.05,1492.98,2584.96,65.7
1434.96,4.149,2.997,573.95,1913.6,2815.81,142.2
1515.44,4.204,3.008,635.39,2018.88,2938.82,164.5
1208.66,4.051,2.759,397.14,1547.37,2563.14,75.1
1188.88,4.084,2.765,409.8,1524.11,2580.45,67.5
1396.17,4.153,3.017,559.22,1896.76,2881.1,144.1
1189.53,4.06,2.795,379.89,1534.43,2584.94,73.1
1253.2,4.092,2.793,466.65,1643.66,2640.46,94.3
1149.88,4.07,2.714,381.2,1441.79,2411.2,40.0
1358.82,4.153,2.838,525.93,1783.21,2778.61,126.7
1220.52,4.084,2.834,448.72,1640.7,2715.19,90.9
1401.62,4.176,2.882,579.21,1827.16,2870.03,137.7
1400.86,4.171,2.94,571.32,1803.48,2812.43,132.9
1106.19,4.028,2.758,348.99,1437.81,2463.38,37.3
1382.83,4.16,2.877,516.47,1779.81,2815.43,121.9
1409.89,4.178,2.952,581.88,1850.07,2866.87,136.2
1139.29,4.081,2.794,371.57,1535.84,2533.33,59.5
1074.68,4.014,2.729,326.47,1400.21,2417.45,30.2
1023.54,3.968,2.665,293.75,1270.94,2307.52,1.4
1172.81,4.052,2.806,402.81,1562.66,2673.9,77.2
1176.83,4.052,2.78,397.98,1532.64,2582.98,60.6
1220.79,4.1,2.839,481.45,1724.03,2747.45,94.8
1120.7,4.025,2.73,364.18,1431.63,2453.96,32.8
1445.13,4.17,2.955,581.58,1846.55,2864.06,146.3
1138.27,4.08,2.753,354.36,1392.37,2547.63,44.6
1094.93,4.032,2.778,361.72,1409.46,2461.72,39.3
1232.98,4.091,2.764,427.77,1564.35,2601.12,82.2
1224.63,4.059,2.778,438.99,1585.0,2619.26,85.3
1081.09,4.081,2.736,352.27,1352.45,2494.92,37.3
1123.46,4.022,2.725,371.09,1469.87,2510.78,46.9
1104.68,4.013,2.73,304.8,1357.97,2408.02,29.7
1348.66,4.155,2.848,510.75,1749.91,2777.64,122.4
1410.84,4.157,2.873,521.95,1803.82,2950.3,131.1
1239.06,4.121,2.859,405.4,1577.98,2651.2,79.1
1361.76,4.155,2.872,509.69,1773.82,2796.74,121.7
1316.44,4.143,2.853,532.03,1756.03,2836.96,125.4
1066.69,4.041,2.713,322.02,1400.97,2340.03,24.4
1454.42,4.216,3.055,602.3,1982.07,2938.23,164.3
1397.07,4.149,2.961,556.86,1874.69,2844.57,139.8
1084.91,4.053,2.688,321.35,1403.26,2512.97,35.6
1084.87,4.026,2.704,335.45,1436.17,2368.85,32.5
1095.01,4.015,2.721,310.3,1377.56,2369.95,22.2
1085.74,4.023,2.716,342.81,1377.2,2417.88,24.4
1388.23,4.14,2.845,538.29,1837.17,2808.85,127.4
1183.4,4.081,2.756,423.94,1552.4,2598.95,80.4
1382.81,4.174,2.876,550.87,1839.24,2839.83,133.3
1386.22,4.116,2.839,529.94,1785.71,2890.98,127.1
1327.17,4.096,2.827,503.38,1678.77,2764.12,103.2
1292.29,4.148,2.905,510.29,1784.99,2718.95,117.0
1015.42,3.994,2.671,296.11,1332.5,2339.8,4.1
1175.73,4.076,2.79,390.41,1528.83,2461.31,53.7
1301.43,4.132,2.852,486.21,1725.23,2762.89,108.8
997.82,3.967,2.684,259.72,1275.7,2367.54,2.6
991.38,3.999,2.644,286.15,1338.23,2291.58,6.6
1394.52,4.18,2.976,593.63,1856.31,2913.28,145.0
1287.57,4.139,2.871,488.95,1810.18,2844.18,116.6
1130.5,4.037,2.698,367.2,1446.8,2413.57,45.8
1354.22,4.129,2.881,528.55,1760.71,2790.24,117.3
1354.89,4.145,2.894,579.66,1824.62,2863.32,134.9
1154.06,4.029,2.758,387.08,1488.23,2524.39,52.8
1052.5,3.97,2.702,298.61,1275.71,2306.13,7.1
1462.4,4.194,3.029,622.35,1936.68,2965.49,158.6
1124.82,4.046,2.732,371.59,1518.68,2538.29,59.3
1070.08,4.025,2.727,300.28,1346.81,2404.82,19.0
1232.72,4.082,2.846,415.09,1543.82,2624.38,84.1
1369.81,4.125,2.977,549.85,1896.72,2842.44,130.9
1096.06,4.029,2.767,356.1,1475.67,2577.83,38.5
1133.04,4.089,2.758,366.51,1426.28,2441.86,46.5
1131.74,4.04,2.749,360.41,1424.08,2369.84,42.0
1555.08,4.211,3.109,657.58,1988.37,2999.54,168.6
1101.98,4.036,2.721,322.02,1431.55,2442.59,34.4
1312.8,4.083,2.855,473.09,1693.41,2701.71,98.3
1467.26,4.213,3.053,619.91,1909.09,2906.97,157.4
1074.99,4.017,2.715,319.46,1447.52,2437.13,25.8
1487.35,4.168,2.969,604.81,1965.43,3036.92,165.1
1440.07,4.179,2.98,610.78,2013.36,2935.03,161.1
1443.63,4.172,2.969,590.64,1892.64,2959.41,150.5
1056.83,4.051,2.709,349.51,1455.06,2478.06,37.3
1282.76,4.11,2.84,495.16,1733.52,2766.16,108.2
1372.48,4.202,2.889,574.48,1791.13,2842.8,129.6
1521.99,4.178,3.068,657.76,2006.75,2972.43,167.6
1127.59,4.041,2.698,336.34,1405.52,2470.9,31.5
1366.52,4.112,2.883,549.58,1848.33,2817.14,130.5
1166.06,4.059,2.806,406.63,1486.31,2589.3,58.3
1114.37,4.035,2.711,354.85,1394.24,2486.55,30.7
1167.25,4.057,2.808,420.91,1592.25,2597.61,72.2
1397.26,4.187,2.913,585.37,1786.82,2816.02,135.2
1200.42,4.097,2.797,417.85,1564.44,2634.13,79.6
1251.99,4.097,2.841,457.44,1652.76,2728.81,91.8
1485.8,4.207,3.015,695.27,2001.63,2976.69,169.2
1200.93,4.063,2.793,418.79,1549.28,2595.9,68.4
1308.68,4.145,2.861,485.3,1732.45,2727.46,105.0
1196.6,4.088,2.796,398.06,1525.19,2552.42,62.7
1195.8,4.081,2.767,408.64,1578.35,2652.43,67.4
1340.05,4.149,2.872,544.08,1777.63,2828.24,118.6
1511.64,4.157,2.924,633.9,1918.26,2925.65,159.5
1220.55,4.134,2.801,458.49,1659.92,2606.08,92.7
1416.08,4.15,2.907,523.6,1820.1,2859.73,130.9
1045.98,4.03,2.75,298.53,1318.28,2349.77,16.1
1119.42,4.05,2.789,347.11,1375.51,2474.65,36.7
1230.91,4.116,2.798,442.88,1590.52,2650.93,85.9
1007.31,3.974,2.717,306.17,1267.0,2388.81,4.4
1135.59,4.026,2.739,355.92,1481.49,2485.9,43.7
1272.52,4.144,2.765,463.0,1627.21,2679.05,88.4
1034.66,3.964,2.708,266.25,1325.77,2421.88,3.5
1115.12,4.025,2.801,355.28,1427.14,2547.52,45.7
1335.11,4.099,2.801,459.6,1613.34,2597.06,87.9
1303.81,4.112,2.803,502.26,1660.64,2696.87,97.9
1481.92,4.174,2.99,614.3,1933.69,2927.07,157.5
1301.22,4.138,2.85,511.5,1737.8,2780.35,110.1
1181.74,4.096,2.862,433.62,1582.06,2578.53,71.1
1454.13,4.185,3.021,632.77,1983.65,2890.28,158.2
1409.43,4.15,2.912,566.84,1768.91,2856.68,133.6
1075.53,4.033,2.644,337.42,1474.11,2495.52,34.8
1043.96,4.009,2.711,344.48,1334.57,2405.2,23.1
1339.06,4.098,2.92,491.33,1756.17,2769.14,115.2
1275.26,4.114,2.828,447.23,1696.65,2695.61,95.6
1365.68,4.171,2.935,585.63,1857.78,2825.15,134.5
1330.88,4.142,2.901,541.96,1833.81,2811.67,125.9
1335.81,4.076,2.833,472.64,1746.26,2731.64,106.7
1501.26,4.186,3.103,622.26,2001.91,3014.7,167.7
1220.27,4.121,2.824,434.27,1671.2,2729.03,91.2
1030.86,3.986,2.69,346.94,1317.31,2429.22,20.1
1396.49,4.178,2.93,572.73,1846.48,2864.94,141.0
1141.36,4.035,2.786,351.31,1419.82,2417.22,43.6
1393.26,4.153,2.861,576.88,1758.05,2838.03,132.4
1504.26,4.177,3.023,634.25,1938.5,2996.06,162.8
1299.1,4.114,2.875,514.58,1737.74,2831.15,118.8
1290.82,4.144,2.791,495.87,1666.33,2714.32,101.7
1254.63,4.104,2.82,438.69,1615.89,2608.73,78.8
1207.25,4.08,2.779,405.23,1504.61,2519.11,62.6
1177.65,4.083,2.794,388.3,1544.91,2592.26,60.7
1364.2,4.134,2.885,482.13,1676.94,2689.98,108.5
1379.92,4.167,2.892,526.5,1789.96,2865.0,128.0
1353.03,4.12,2.849,513.73,1743.46,2756.57,115.7
1100.72,4.06,2.688,342.35,1447.88,2409.5,34.5
1215.59,4.12,2.787,449.09,1621.88,2710.4,84.5
1364.1,4.164,2.912,552.07,1848.74,2807.27,134.8
1230.86,4.085,2.772,454.43,1573.95,2584.8,81.4
1250.56,4.079,2.836,437.65,1676.44,2762.51,91.7
1330.91,4.157,2.875,556.15,1822.75,2866.76,131.3
1292.5,4.163,2.807,491.7,1689.77,2784.25,112.8
1186.88,4.053,2.765,408.05,1580.44,2606.52,70.2
1460.09,4.199,2.972,589.2,1927.83,2900.88,152.3
1083.76,4.016,2.684,325.72,1377.55,2412.24,28.5
1495.67,4.191,3.046,631.89,1986.16,3066.27,169.2
1040.94,3.993,2.694,303.11,1326.2,2399.63,21.1
1023.41,3.979,2.675,302.78,1323.86,2308.03,3.5
1471.94,4.19,2.972,579.8,1936.75,2977.87,151.4
1123.87,4.058,2.76,366.62,1412.52,2457.42,42.4
1315.73,4.148,2.871,545.59,1794.89,2833.46,124.3
1365.0,4.151,2.889,577.57,1833.39,2925.52,138.1
1436.8,4.148,2.949,586.74,1852.92,2895.76,146.2
1489.66,4.199,3.078,629.76,2040.12,2907.0,168.6
1140.0,4.045,2.801,349.55,1467.68,2555.43,50.7
1327.99,4.144,2.912,507.21,1753.59,2852.55,121.0
1076.75,4.009,2.674,299.49,1320.28,2401.82,20.5
1186.13,4.07,2.778,414.94,1550.37,2587.11,69.8
1411.46,4.171,2.953,561.15,1819.18,2894.86,144.3
1154.15,4.075,2.746,394.23,1525.33,2573.2,63.1
1305.8,4.139,2.825,478.67,1726.97,2706.58,100.9
1234.32,4.09,2.829,440.87,1654.92,2731.62,86.1
1325.55,4.137,2.862,495.25,1745.49,2765.69,110.2
1454.94,4.23,3.032,656.77,2051.07,2982.1,165.4
1082.76,4.014,2.679,307.29,1323.78,2392.6,10.4
1306.18,4.134,2.787,482.1,1650.77,2692.0,98.0
1376.53,4.159,2.938,583.31,1919.31,2896.11,146.9
1208.99,4.077,2.8,449.04,1614.99,2666.17,82.4
1060.74,4.004,2.66,310.89,1332.48,2374.96,14.3
1234.61,4.107,2.828,469.64,1677.18,2729.73,95.7
1155.81,4.082,2.774,379.44,1492.98,2533.21,57.1
1091.57,4.009,2.7,332.47,1438.77,2443.92,27.2
1412.08,4.167,2.952,614.47,1834.75,2928.56,144.5
1261.98,4.122,2.823,461.02,1664.48,2714.09,89.2
1445.41,4.19,2.984,645.42,1952.23,2874.79,158.7
1337.52,4.159,2.906,536.19,1864.54,2878.84,137.2
1358.94,4.141,2.861,519.04,1754.53,2823.44,118.1
1043.24,3.97,2.662,297.9,1327.99,2289.37,1.8
1266.12,4.058,2.798,423.97,1599.11,2653.05,73.3
1044.03,4.001,2.705,349.67,1388.56,2464.02,34.4
1469.12,4.186,2.953,603.96,1964.5,2921.34,154.9
1040.1,4.046,2.74,353.06,1405.05,2457.43,30.5
1182.19,4.066,2.744,346.11,1455.23,2547.71,49.3
1258.38,4.122,2.815,447.97,1585.77,2583.93,88.3
1104.35,4.075,2.694,364.63,1480.06,2564.36,45.5
1124.09,4.038,2.717,337.21,1398.42,2385.89,36.5
1272.93,4.115,2.889,481.56,1712.32,2681.66,102.2
1060.62,4.039,2.652,279.87,1382.09,2440.45,16.0
1045.56,3.989,2.752,281.04,1293.37,2400.0,10.8
1221.16,4.045,2.781,417.95,1573.48,2554.57,63.9
1394.08,4.135,2.866,532.79,1752.14,2849.68,122.8
1249.85,4.098,2.818,458.65,1708.62,2709.5,94.8
1227.65,4.08,2.823,431.12,1623.67,2616.06,72.5
1279.05,4.092,2.76,489.26,1699.1,2587.7,96.6
1139.1,4.075,2.814,423.72,1541.49,2526.86,62.8
1446.92,4.175,3.004,592.76,1977.17,2941.37,159.2
1097.47,4.027,2.729,320.3,1305.44,2266.7,10.3
1333.28,4.108,2.812,492.73,1711.54,2807.3,114.8
1464.64,4.175,2.957,605.72,1893.72,2922.88,151.6
1387.19,4.152,2.847,572.77,1917.92,2918.16,136.9
1079.89,4.034,2.763,361.93,1367.55,2426.06,32.1
1143.4,4.072,2.724,380.38,1508.38,2464.94,51.0
1340.18,4.146,2.85,531.86,1780.57,2766.49,122.2
1013.84,4.006,2.647,295.43,1324.4,2392.57,15.2
1371.66,4.175,2.934,541.66,1905.98,2914.97,138.2
1365.5,4.158,2.883,515.47,1788.07,2808.34,122.5
1343.84,4.149,2.863,553.88,1821.28,2854.3,124.3
1058.46,4.02,2.716,313.14,1417.78,2390.6,17.9
1353.08,4.154,2.857,552.88,1778.16,2831.79,122.3
1335.46,4.1,2.814,501.94,1770.35,2849.45,115.9
1435.61,4.158,2.919,586.86,1890.93,2905.74,141.4
1006.16,4.007,2.745,298.3,1297.04,2322.77,8.0
1040.38,3.99,2.721,310.03,1309.25,2350.47,4.9
1196.78,4.063,2.787,395.8,1567.51,2577.15,64.0
1102.93,4.03,2.726,325.15,1402.01,2408.76,26.1
1231.22,4.116,2.815,483.93,1670.24,2666.29,95.4
1460.32,4.192,3.003,581.35,1849.46,3032.44,156.0
1229.39,4.057,2.795,403.35,1503.36,2574.98,67.2
1412.02,4.139,2.935,556.17,1935.51,2799.88,143.8
1029.01,4.007,2.693,283.82,1250.78,2299.32,1.0
1106.22,4.012,2.675,326.74,1426.95,2405.53,29.5
1003.45,3.981,2.679,301.68,1262.53,2334.74,6.1
1203.15,4.042,2.726,390.99,1473.21,2483.04,56.5
1461.4,4.204,2.939,604.36,1949.31,2914.92,154.5
1069.43,4.016,2.722,297.26,1390.23,2398.79,17.4
1248.86,4.125,2.803,485.12,1721.41,2677.2,103.5
1234.61,4.099,2.817,446.12,1600.19,2672.87,77.3
1478.27,4.186,3.029,607.4,1911.43,2959.36,159.6
1107.76,4.037,2.711,296.66,1296.95,2412.53,21.7
1097.75,4.012,2.715,318.83,1408.65,2449.32,36.8
1004.04,3.976,2.724,269.38,1303.37,2353.01,6.0
1189.36,4.059,2.806,420.21,1575.39,2644.8,74.3
1121.97,4.058,2.785,346.36,1533.35,2518.82,48.0
1400.03,4.183,2.919,586.24,1853.27,2955.87,148.0
1321.93,4.108,2.833,490.3,1691.67,2735.41,103.2
1327.46,4.115,2.837,454.98,1757.64,2769.51,104.8
1248.64,4.128,2.824,470.59,1667.0,2697.29,90.9
1044.5,3.997,2.725,331.61,1307.36,2302.0,16.5
1166.28,4.09,2.797,452.21,1518.41,2586.3,76.2
1517.12,4.186,3.131,671.88,1987.83,2966.64,169.9
1450.6,4.188,2.921,613.11,1842.72,2854.84,142.2
1424.91,4.19,2.934,605.6,1904.23,2883.63,152.0
1399.9,4.135,2.906,583.88,1932.56,2923.86,140.1
1069.84,4.008,2.685,309.7,1317.31,2453.3,18.4
1155.39,3.997,2.723,361.26,1412.81,2409.93,39.4
1023.07,4.01,2.68,287.12,1308.73,2358.3,1.5
1151.02,4.096,2.749,350.89,1493.72,2550.33,52.3
1065.8,3.97,2.717,292.54,1396.39,2485.42,19.4
1189.29,4.061,2.786,461.31,1629.33,2637.24,80.9
1290.08,4.136,2.897,513.96,1733.44,2717.01,115.4
1410.3,4.173,2.896,615.17,1918.49,2851.72,148.8
1388.93,4.139,2.826,532.31,1811.51,2872.71,127.6
1457.3,4.152,3.028,608.77,1899.54,2923.78,159.6
1025.42,4.009,2.726,297.98,1379.74,2389.01,10.1
1008.04,4.012,2.727,299.34,1255.48,2331.52,3.1
1314.74,4.186,2.879,526.25,1739.2,2803.63,112.8
1182.31,4.078,2.752,373.99,1460.87,2455.06,49.9
1119.99,4.018,2.735,369.4,1453.67,2495.72,43.8
1138.9,4.06,2.714,382.76,1509.83,2576.33,56.9
1131.64,4.059,2.752,386.68,1478.81,2531.53,46.6
1287.44,4.084,2.768,470.29,1618.37,2704.95,87.4
1196.79,4.099,2.865,410.74,1613.84,2551.03,75.4
1214.52,4.112,2.781,454.34,1612.99,2662.48,87.6
1311.46,4.156,2.862,494.94,1734.91,2774.75,114.7
1187.68,4.088,2.822,416.24,1492.06,2641.28,66.4
1140.0,4.049,2.732,352.98,1455.55,2601.32,43.5
1110.89,4.013,2.712,320.38,1435.94,2492.25,29.1
1140.92,4.038,2.689,360.56,1509.64,2593.15,60.1
1335.96,4.15,2.851,554.01,1855.4,2840.86,126.4
1359.45,4.141,2.913,546.79,1780.94,2834.43,128.9
1338.13,4.124,2.912,511.34,1705.82,2822.46,113.7
1083.67,4.063,2.712,365.88,1478.39,2488.0,40.6
1266.08,4.141,2.841,465.5,1683.37,2699.43,100.4
1257.8,4.086,2.911,456.54,1646.49,2704.08,97.4
1253.97,4.088,2.82,446.56,1620.91,2620.17,82.8
1275.61,4.097,2.852,479.89,1670.59,2618.19,93.9
1256.65,4.1,2.783,449.03,1646.81,2584.7,84.1
1303.5,4.064,2.874,492.38,1661.97,2704.74,96.6
1338.39,4.111,2.859,535.51,1742.07,2723.06,121.9
1032.06,4.012,2.684,323.05,1343.91,2350.94,19.5
1334.3,4.163,2.938,553.32,1807.73,2847.01,127.7
1026.85,4.021,2.697,319.71,1403.59,2384.59,24.0
1032.41,4.019,2.701,284.27,1278.09,2319.42,12.3
1476.96,4.199,3.085,639.35,1970.09,2938.86,166.0
1495.59,4.217,2.987,641.13,1975.38,3018.15,162.7
1041.76,4.034,2.693,288.24,1365.59,2397.64,11.2
1198.57,4.069,2.774,402.53,1563.53,2587.03,75.9
1091.44,4.048,2.718,327.59,1379.59,2467.76,32.5
1204.97,4.103,2.805,458.74,1633.76,2653.04,83.0
1432.18,4.215,2.97,582.19,1800.91,2916.23,141.3
1452.71,4.174,3.058,625.66,1944.64,3017.12,161.7
1275.93,4.121,2.855,480.22,1740.11,2680.65,108.2
1189.54,4.044,2.746,396.79,1530.79,2577.1,60.8
1303.23,4.098,2.86,485.54,1705.69,2730.21,103.0
1106.88,4.064,2.758,385.48,1441.61,2576.0,53.7
1471.19,4.185,2.977,646.92,1891.9,2869.2,154.8
1409.73,4.184,2.92,599.49,1940.19,2859.55,148.1
1257.11,4.118,2.777,455.21,1663.79,2701.94,95.3
1160.46,4.054,2.76,362.11,1493.21,2529.73,55.9
1156.24,4.048,2.721,364.12,1454.15,2533.77,50.6
1041.44,3.979,2.678,286.63,1301.85,2281.04,6.6
1397.61,4.148,2.967,581.08,1843.67,2921.29,138.9
1203.6,4.084,2.792,416.88,1614.41,2632.47,77.1
1166.24,4.063,2.794,368.12,1468.39,2548.19,55.9
1221.15,4.104,2.809,441.64,1628.61,2633.3,80.6
1445.55,4.174,2.942,560.6,1909.86,2829.57,139.4
1082.7,4.048,2.697,328.48,1380.73,2376.03,22.1
1398.28,4.151,2.979,573.87,1853.15,2967.8,145.9
1431.12,4.174,2.977,596.85,1945.33,2932.52,152.7
1471.39,4.171,2.997,617.07,1943.93,2963.65,161.0
1221.78,4.1,2.789,413.75,1535.3,2623.73,68.2
1143.04,4.027,2.713,345.92,1429.19,2437.19,37.7
1168.3,4.092,2.764,381.04,1526.7,2590.73,64.1
1136.14,4.09,2.761,366.01,1491.53,2552.29,57.3
1063.45,4.036,2.709,330.64,1417.69,2430.1,30.8
1297.16,4.124,2.888,463.04,1705.98,2711.91,103.6
1284.35,4.092,2.789,429.34,1550.17,2669.44,81.5
1439.2,4.166,3.011,593.89,1927.01,2929.89,147.3
989.93,3.989,2.696,275.38,1336.4,2315.45,6.4
1291.15,4.123,2.847,511.22,1747.54,2775.05,109.8
1355.22,4.187,2.884,567.24,1838.16,2792.4,129.9
1348.44,4.129,2.91,561.3,1809.07,2807.32,129.4
1427.11,4.18,2.987,608.95,1876.03,2936.84,150.7
1362.3,4.158,2.809,538.87,1798.2,2824.44,124.2
1476.77,4.179,2.989,620.94,1990.46,2907.09,157.8
1186.66,4.069,2.703,391.06,1513.46,2560.2,57.2
1252.68,4.066,2.838,436.14,1676.54,2653.48,86.0
973.63,4.021,2.72,287.71,1339.83,2376.35,3.4
993.19,4.015,2.69,288.34,1282.76,2345.96,2.2
1113.9,4.039,2.746,364.95,1427.03,2438.71,41.6
1061.74,3.995,2.666,288.96,1333.32,2398.61,18.0
1148.28,4.061,2.728,364.92,1451.02,2466.77,45.0
1091.45,4.005,2.707,351.58,1368.5,2445.06,30.9
1029.59,3.977,2.68,283.07,1314.76,2358.97,5.8
1455.47,4.18,3.002,607.49,1958.46,2957.22,154.7
1013.75,4.023,2.727,258.51,1229.16,2291.63,2.4
1358.91,4.158,2.906,536.42,1851.68,2794.64,125.4
1107.86,4.01,2.71,305.75,1364.96,2427.23,26.7
1449.03,4.148,2.955,602.13,1923.15,2922.03,155.2
1439.72,4.178,2.968,601.13,1926.31,2909.5,151.9
1313.55,4.133,2.866,493.33,1711.76,2720.3,111.5
1356.19,4.13,2.857,507.22,1732.78,2790.52,114.6
991.27,4.028,2.668,291.27,1257.85,2302.07,1.9
1535.89,4.194,3.068,642.5,1988.17,2976.59,167.4
1402.9,4.129,2.977,597.44,1888.16,2917.67,149.4
1425.38,4.17,2.927,574.83,1930.16,2827.6,152.3
1335.73,4.138,2.847,502.18,1701.4,2702.68,112.4
1190.67,4.071,2.789,356.27,1527.12,2617.62,59.3
1405.86,4.174,2.995,596.3,1883.92,2864.56,152.0
1113.41,4.045,2.754,399.52,1506.86,2555.24,50.3
1275.62,4.069,2.838,481.35,1694.27,2736.64,96.1
1116.22,4.014,2.716,291.08,1281.29,2389.85,17.9
1487.64,4.177,3.013,606.59,1964.78,3005.98,156.8
1068.67,4.026,2.684,322.01,1294.79,2450.71,24.8
1050.68,4.048,2.745,358.11,1395.3,2481.77,39.0
1268.46,4.133,2.799,478.34,1697.54,2713.61,95.3
1380.48,4.132,2.932,571.4,1802.97,2876.31,130.1
1287.35,4.095,2.814,474.62,1758.23,2755.46,105.7
1093.07,4.028,2.75,356.07,1456.67,2512.84,40.2
1021.19,3.977,2.661,258.01,1267.01,2389.55,1.2
1344.21,4.133,2.919,550.23,1796.78,2883.61,129.0
1538.49,4.226,3.063,650.62,2033.58,2977.38,167.5
1433.62,4.163,2.927,566.45,1839.47,2835.4,137.9
1235.35,4.127,2.855,439.46,1539.93,2633.72,78.8
1448.73,4.18,2.951,593.77,1897.65,3016.83,153.7
1178.57,4.053,2.811,392.08,1563.48,2550.79,70.3
1249.61,4.085,2.851,438.94,1618.85,2667.01,89.7
1267.98,4.111,2.829,441.29,1679.61,2637.85,81.6
1234.62,4.062,2.773,444.83,1567.32,2589.41,76.6
1382.36,4.164,2.897,538.69,1808.85,2850.51,132.0
1274.13,4.094,2.798,443.63,1614.19,2653.91,90.0
1165.75,4.039,2.75,381.93,1520.55,2533.24,54.5
1135.74,4.073,2.719,412.79,1445.02,2489.4,44.6
1056.58,3.987,2.684,287.99,1328.58,2350.85,7.4
1291.75,4.096,2.877,489.52,1719.5,2676.52,99.6
1134.84,4.038,2.728,349.44,1444.84,2456.93,39.9
1082.04,4.012,2.722,318.76,1387.34,2416.4,26.0
1308.0,4.172,2.835,482.46,1700.85,2761.64,111.5
1314.64,4.155,2.866,508.7,1711.74,2781.96,116.1
1348.46,4.136,2.919,554.76,1765.34,2853.66,128.1
1199.62,4.087,2.824,432.3,1629.13,2617.21,86.1
1418.37,4.137,3.008,603.86,1987.17,2916.46,152.1
1440.92,4.189,2.96,608.34,1933.6,2919.02,159.2
1381.66,4.145,2.896,558.81,1882.65,2826.46,137.4
1344.16,4.126,2.838,472.54,1739.14,2764.58,108.4
1142.29,4.015,2.801,410.68,1486.05,2529.82,52.3
1496.45,4.196,3.055,646.79,1979.43,2966.57,167.1
1139.78,4.082,2.706,361.35,1451.55,2483.09,47.3
1141.14,4.035,2.764,362.92,1401.74,2406.7,35.2
1195.92,4.068,2.795,421.87,1600.97,2661.73,75.7
1034.3,4.003,2.726,307.0,1342.64,2356.66,10.6
1485.26,4.194,3.087,663.6,1970.54,2920.51,166.4
1309.85,4.158,2.806,499.16,1675.56,2721.38,100.4
1299.44,4.101,2.873,447.98,1648.23,2666.78,95.1
1327.22,4.104,2.856,503.37,1768.32,2740.19,111.8
1267.4,4.095,2.795,462.11,1648.6,2696.22,85.0
1034.2,4.002,2.698,276.88,1344.69,2336.15,6.4
1289.06,4.13,2.807,482.35,1681.87,2801.26,104.5
1375.85,4.156,2.879,522.9,1764.72,2925.56,122.0
1210.5,4.117,2.777,421.8,1614.32,2657.49,71.4
1349.46,4.137,2.868,556.18,1853.81,2791.2,129.0
1137.02,4.025,2.718,368.43,1402.18,2531.49,39.4
1104.36,4.0,2.77,350.62,1401.13,2448.53,38.4
1075.4,4.038,2.717,315.27,1394.69,2451.55,28.3
1199.76,4.051,2.743,393.49,1570.21,2627.74,63.9
1413.39,4.186,2.952,566.1,1854.92,2850.06,144.1
1415.06,4.154,2.952,563.56,1870.11,2886.65,140.9
1199.01,4.106,2.776,413.15,1573.29,2584.41,65.7
1262.2,4.086,2.798,455.79,1683.11,2684.19,100.6
1358.41,4.162,2.805,520.91,1784.43,2736.06,122.8
1152.07,4.06,2.713,369.04,1484.33,2513.44,41.8
1062.64,4.037,2.755,343.2,1379.13,2379.46,29.4
1495.58,4.172,3.06,625.22,2016.34,3006.83,165.3
1275.27,4.131,2.821,474.75,1705.6,2730.69,105.4
1515.09,4.199,3.037,665.13,1952.97,3040.79,166.9
1186.99,4.025,2.785,392.84,1525.55,2504.2,58.1
1330.72,4.169,2.871,509.81,1754.94,2793.48,119.8
1165.39,4.031,2.764,349.18,1393.75,2556.17,38.6
1154.85,4.075,2.742,378.37,1514.44,2469.78,45.1
1261.46,4.097,2.826,434.99,1645.55,2732.33,87.5
1169.69,4.078,2.75,367.44,1486.57,2505.91,55.0
1110.92,4.009,2.7,336.08,1382.28,2442.12,29.3
1103.04,4.05,2.78,342.33,1502.58,2465.15,45.4
1036.12,4.002,2.649,284.04,1350.99,2368.99,7.0
1349.88,4.132,2.858,516.04,1758.13,2746.93,120.0
1224.21,4.077,2.803,401.31,1626.62,2631.9,84.2
1066.94,3.95,2.733,312.14,1330.77,2366.68,16.9
1118.87,4.01,2.698,343.2,1417.11,2409.87,30.0
1048.23,4.027,2.713,342.57,1336.73,2451.21,18.3
1292.16,4.091,2.801,495.28,1648.47,2704.14,104.5
1034.79,3.987,2.72,295.49,1310.83,2391.8,16.9
1321.59,4.12,2.95,536.12,1843.08,2905.72,128.5
1044.55,4.0,2.633,317.79,1271.17,2348.1,4.5
1121.3,4.025,2.72,365.09,1470.88,2390.81,43.1
1440.5,4.202,2.989,616.65,1926.58,3005.94,151.5
1322.93,4.156,2.969,519.67,1763.64,2851.7,122.4
1041.86,4.01,2.72,301.49,1322.92,2424.37,13.3
1429.11,4.169,2.903,569.87,1843.58,2930.94,139.8
1234.68,4.079,2.802,455.31,1607.94,2650.21,84.3
1416.21,4.153,2.902,575.45,1828.32,2835.86,144.1
1292.77,4.131,2.863,490.81,1694.27,2766.38,102.5
1297.75,4.152,2.898,513.49,1740.28,2713.93,116.2
1511.96,4.213,3.109,628.82,1997.23,2938.32,168.9
1083.04,4.03,2.728,352.82,1451.38,2478.54,40.3
1275.74,4.114,2.823,507.29,1733.41,2784.19,106.4
1192.72,4.069,2.842,429.79,1578.8,2604.71,78.8
1028.38,4.015,2.737,290.25,1285.96,2326.32,7.7
1013.83,3.955,2.66,309.55,1284.24,2436.26,3.4
1065.74,3.972,2.701,324.08,1391.39,2440.67,21.1
1289.32,4.087,2.879,479.82,1717.93,2777.75,110.7
1296.01,4.067,2.821,464.65,1652.61,2763.41,96.9
1284.95,4.134,2.825,467.83,1630.1,2719.05,94.5
1025.33,4.014,2.65,296.58,1315.49,2300.88,6.4
1211.29,4.065,2.766,440.58,1593.53,2589.76,80.3
1443.48,4.182,2.984,613.5,1911.4,2942.1,157.3
1181.58,4.104,2.759,404.43,1527.17,2578.4,68.2
1264.71,4.132,2.813,491.31,1735.58,2827.63,106.6
1355.72,4.196,2.897,565.42,1835.38,2844.33,132.8
1403.39,4.153,2.882,544.95,1814.09,2921.65,133.5
1254.92,4.087,2.815,450.03,1655.55,2686.9,88.8
1462.38,4.149,2.974,590.41,1921.44,2935.54,146.0
1178.96,4.073,2.769,397.39,1566.35,2467.59,67.1
1429.2,4.195,2.949,607.0,1920.13,3018.21,151.2
1107.7,4.043,2.772,360.6,1491.33,2453.91,41.6
1127.68,4.043,2.772,337.18,1508.41,2555.34,48.4
1021.84,4.027,2.722,299.56,1316.23,2296.52,10.0
1394.85,4.168,2.838,581.36,1873.26,2926.11,135.5
1199.19,4.076,2.771,436.83,1584.44,2540.2,71.5
1100.26,4.024,2.72,362.08,1417.35,2437.3,39.7
1145.46,4.035,2.713,371.74,1483.21,2460.11,40.2
1492.6,4.189,3.002,603.35,1974.3,2916.65,153.3
1437.72,4.15,2.915,584.9,1908.01,2872.57,141.9
1278.1,4.082,2.782,466.31,1682.11,2709.99,94.5
1314.33,4.11,2.852,497.72,1737.39,2694.38,105.1
1272.06,4.089,2.8,462.4,1595.83,2654.45,81.2
1205.58,4.1,2.75,420.6,1579.74,2654.33,67.2
1438.29,4.159,3.01,606.73,1895.82,2899.13,155.7
1078.27,4.022,2.73,343.83,1353.09,2403.49,22.2
1214.77,4.073,2.801,418.59,1490.66,2637.63,71.7
1139.94,4.059,2.78,399.28,1525.64,2485.4,59.2
1230.0,4.126,2.84,439.82,1653.93,2605.63,85.2
1245.18,4.088,2.791,439.8,1643.37,2651.53,78.3
1201.6,4.081,2.776,456.96,1631.58,2657.81,88.7
1043.25,4.038,2.711,341.37,1379.48,2426.04,24.6
1239.98,4.115,2.762,441.32,1633.44,2684.16,87.7
1127.71,4.022,2.709,370.32,1496.78,2418.7,42.0
1059.57,4.006,2.776,301.31,1412.64,2516.52,32.2
1039.98,4.013,2.668,293.15,1377.78,2363.21,12.0
1399.5,4.15,2.864,526.18,1855.47,2834.39,129.9
1205.07,4.071,2.808,423.09,1594.89,2602.11,73.2
1324.06,4.143,2.874,506.19,1700.08,2766.69,106.9
1337.51,4.131,2.835,531.82,1759.28,2843.46,124.0
1307.12,4.141,2.874,532.84,1758.45,2663.44,115.8
1245.04,4.113,2.783,421.73,1606.05,2670.86,80.5
1194.05,4.065,2.787,383.24,1509.29,2532.29,66.6
1149.63,4.033,2.765,411.01,1568.23,2553.84,64.5
1287.34,4.117,2.811,514.55,1732.19,2710.49,109.2
1274.62,4.098,2.792,443.72,1638.24,2632.85,84.6
1393.64,4.189,2.958,610.22,1934.63,2881.91,144.5
1453.97,4.163,3.012,601.58,1879.91,2904.69,148.8
1075.63,4.061,2.736,339.63,1330.82,2370.97,29.8
1072.87,3.994,2.705,316.84,1352.45,2415.07,24.0
1309.85,4.126,2.814,473.68,1771.45,2765.42,107.5
1092.58,4.049,2.75,371.08,1483.55,2521.12,51.9
987.73,4.022,2.68,313.05,1285.8,2313.59,4.1
1440.37,4.147,2.971,602.91,1898.39,2885.47,151.2
1093.93,4.047,2.735,345.28,1431.64,2367.16,39.3
1485.45,4.18,3.005,604.42,1928.04,2971.02,158.0
1306.88,4.172,2.87,535.91,1769.43,2816.67,122.2
1384.79,4.134,2.95,529.49,1849.51,2820.22,129.9
1066.53,4.042,2.749,348.54,1492.11,2390.8,35.0
1106.44,4.023,2.717,346.53,1411.58,2471.81,40.6
1221.74,4.104,2.844,447.94,1623.67,2649.85,89.1
1135.81,4.02,2.69,343.77,1377.62,2492.04,30.1
1113.51,4.047,2.73,362.22,1533.96,2572.45,52.6
1151.21,4.019,2.736,381.87,1520.19,2506.4,55.3
1039.73,4.033,2.761,307.43,1378.16,2459.64,28.0
1142.54,4.012,2.727,342.64,1401.86,2416.06,35.7
1394.37,4.134,2.891,564.61,1884.54,2905.6,134.3
1089.57,3.995,2.728,344.51,1392.25,2442.67,29.3
1065.15,3.976,2.709,309.11,1296.84,2426.44,5.8
1305.64,4.133,2.896,502.7,1653.96,2718.22,107.4
1492.0,4.204,2.991,632.92,2005.19,3033.27,165.9
1162.0,4.074,2.8,357.87,1504.05,2603.55,57.0
1079.62,3.995,2.65,332.92,1361.39,2384.43,21.1
1260.16,4.115,2.857,462.33,1678.58,2651.42,97.4
1442.55,4.168,3.009,586.13,1955.7,2965.6,154.2
1402.22,4.174,2.945,583.34,1767.29,2812.05,133.5
1305.44,4.13,2.863,489.26,1677.84,2727.55,106.2
1148.5,4.044,2.726,386.98,1551.72,2501.43,54.2
1223.41,4.125,2.843,462.92,1617.92,2763.1,92.6
1091.52,4.02,2.674,309.8,1316.89,2386.82,16.4
1310.65,4.105,2.838,506.55,1793.02,2793.84,115.7
1375.69,4.109,2.87,522.18,1791.43,2811.44,123.5
1484.78,4.166,3.012,667.44,1974.59,2945.12,164.1
1094.49,4.079,2.752,339.95,1502.66,2521.27,45.0
1055.55,3.975,2.67,282.81,1274.17,2373.61,4.1
1266.62,4.143,2.832,447.53,1641.33,2664.47,93.2
1374.9,4.117,2.835,531.29,1799.05,2802.52,120.4
1380.76,4.133,2.912,551.72,1843.86,2898.02,134.6
1115.18,4.049,2.721,333.3,1439.95,2405.95,33.7
1083.36,4.064,2.776,371.87,1436.54,2491.8,45.2
1231.62,4.109,2.845,477.68,1639.45,2700.05,87.6
1126.6,4.074,2.757,372.36,1501.64,2503.76,56.9
1413.54,4.155,2.887,564.52,1880.61,2909.18,146.4
1237.18,4.107,2.756,435.46,1567.0,2619.42,81.1
1375.08,4.163,2.949,574.35,1833.38,2833.98,136.1
1299.14,4.105,2.828,470.85,1666.81,2685.31,99.1
1354.74,4.155,2.956,560.19,1863.58,2790.59,131.7
1181.5,4.082,2.79,377.29,1522.3,2456.96,57.2
1439.96,4.173,2.938,611.16,1883.5,2845.78,141.5
1158.48,4.005,2.752,375.6,1459.3,2523.44,47.4
1251.89,4.123,2.787,453.8,1631.03,2650.54,93.3
1053.26,4.052,2.715,335.82,1429.66,2448.46,37.2
1240.78,4.083,2.813,439.22,1649.28,2586.97,81.4
1149.64,4.06,2.749,390.79,1469.38,2541.74,54.8
1105.17,4.049,2.76,344.23,1472.92,2571.21,46.1
1467.57,4.154,3.056,635.11,1960.73,2999.75,164.4
1118.96,4.017,2.716,341.62,1386.01,2420.21,28.1
1355.26,4.148,2.897,561.64,1832.07,2870.38,134.1
1502.8,4.194,3.021,652.11,2001.17,3036.25,167.3
1030.28,3.985,2.716,312.07,1287.68,2377.74,4.4
1328.58,4.15,2.896,473.75,1755.35,2838.77,119.1
1139.62,4.028,2.809,362.69,1402.46,2502.23,43.7
1073.99,4.018,2.701,260.2,1312.58,2422.63,7.8
1184.41,4.088,2.778,408.77,1573.15,2578.99,69.1
1457.73,4.214,3.009,640.13,1951.61,3013.24,159.1
1037.1,4.028,2.681,285.52,1284.82,2360.71,3.0
1304.12,4.149,2.808,462.83,1732.9,2692.13,100.4
1235.5,4.072,2.811,456.93,1674.01,2590.46,85.7
1422.26,4.18,2.967,595.48,1934.34,2921.11,148.6
995.62,3.994,2.721,310.75,1344.98,2315.35,15.2
1309.05,4.199,2.88,545.74,1760.33,2790.49,116.2
1299.3,4.145,2.898,490.21,1724.75,2741.96,115.9
1339.25,4.159,2.878,498.89,1690.99,2805.44,114.1
1461.66,4.197,3.009,629.48,1996.36,2907.08,160.3
1395.67,4.11,2.888,590.02,1867.26,2954.96,140.1
1033.56,3.984,2.703,281.49,1408.71,2363.12,8.1
1202.35,4.076,2.795,427.4,1586.03,2570.23,80.6
1228.34,4.067,2.746,406.71,1564.14,2620.74,68.3
1181.59,4.063,2.772,375.74,1520.18,2466.54,53.4
1255.13,4.095,2.81,436.95,1569.8,2649.28,77.3
1200.18,4.019,2.789,402.24,1533.49,2547.87,65.9
1204.92,4.077,2.806,429.5,1569.97,2703.63,74.1
1528.71,4.186,3.044,622.47,1971.65,2982.89,166.5
1035.96,4.037,2.698,311.43,1350.0,2296.83,16.0
1434.86,4.196,3.038,615.38,1941.36,2939.14,156.9
1213.45,4.088,2.807,449.52,1549.03,2605.57,82.2
1312.2,4.126,2.77,528.44,1717.95,2800.71,106.4
1387.5,4.131,2.857,589.1,1880.45,2896.01,141.3
1168.23,4.08,2.806,384.33,1523.6,2547.57,61.9
1164.71,4.073,2.733,428.58,1623.84,2628.48,73.7
1206.95,4.061,2.766,411.0,1569.98,2632.18,70.2
1140.78,4.096,2.737,394.66,1535.6,2605.85,64.3
1435.16,4.19,2.978,608.39,1969.54,2859.26,157.4
1436.31,4.151,2.941,565.5,1936.27,2937.08,141.1
1090.99,4.002,2.69,298.05,1347.39,2323.7,19.4
1070.47,4.021,2.686,295.52,1382.71,2439.7,19.3
1210.44,4.086,2.81,428.01,1627.78,2586.05,73.3
1043.88,4.012,2.787,306.84,1337.82,2376.2,17.7
1277.46,4.096,2.861,491.57,1676.04,2727.96,105.6
1067.06,4.0,2.69,312.48,1388.23,2423.79,25.3
1211.04,4.085,2.841,460.94,1680.98,2724.37,89.3
1026.04,3.989,2.741,275.63,1275.45,2381.3,2.2
1153.28,4.057,2.791,360.08,1526.9,2542.82,54.5
1302.95,4.129,2.819,535.18,1728.41,2812.25,115.4
1269.54,4.09,2.819,441.35,1605.45,2638.81,82.8
1502.96,4.233,3.025,635.38,1980.32,2970.99,166.3
1447.58,4.191,2.955,590.81,1898.57,2948.04,148.7
1159.29,4.09,2.758,389.02,1498.06,2605.34,61.7
1035.18,4.01,2.719,304.28,1299.23,2330.99,8.7
1430.55,4.169,2.927,558.16,1821.97,2959.13,143.9
1454.4,4.19,3.02,582.91,1952.04,2991.83,155.0
1441.48,4.167,2.925,572.38,1863.05,2806.13,139.7
1064.35,4.034,2.708,294.68,1398.94,2375.55,22.6
1486.21,4.18,3.098,620.44,1995.69,2973.16,169.6
1141.88,4.06,2.755,374.77,1399.73,2481.75,44.7
1318.93,4.146,2.901,533.08,1798.83,2767.44,123.4
1471.93,4.145,2.971,611.28,1908.92,2930.44,154.5
1083.38,4.042,2.779,337.14,1469.95,2489.46,40.8
1464.91,4.155,3.005,629.52,1922.61,3005.99,154.5
1132.63,4.045,2.757,392.89,1549.51,2573.51,53.3
1498.66,4.192,3.061,618.83,1954.82,3078.69,166.0
1158.81,4.02,2.742,366.92,1476.79,2459.7,48.5
1477.76,4.189,3.028,622.68,1981.78,2973.16,162.1
1008.52,4.004,2.723,298.5,1304.73,2354.28,10.0
1320.38,4.154,2.885,540.84,1738.1,2795.72,120.9
1235.42,4.093,2.793,450.15,1641.61,2657.41,90.9
1179.98,4.096,2.766,450.76,1553.86,2625.98,81.8
1138.73,4.036,2.745,324.12,1408.54,2457.04,38.8
1343.65,4.13,2.854,513.81,1770.0,2827.57,120.2
1067.92,3.998,2.76,333.86,1437.13,2464.29,33.2
1300.2,4.104,2.779,455.49,1671.08,2667.4,94.4
1106.12,4.059,2.783,359.88,1437.87,2530.39,43.8
1481.4,4.172,3.015,632.17,1951.55,2907.3,162.5
1007.73,3.993,2.667,295.6,1281.6,2376.0,5.8
1049.72,4.032,2.717,355.94,1440.79,2476.98,34.8
1084.71,4.064,2.734,367.03,1397.91,2445.11,42.0
1185.84,4.078,2.798,390.81,1537.37,2609.48,71.0
1137.05,4.046,2.702,355.24,1391.16,2436.85,40.3
1242.5,4.094,2.777,431.71,1635.7,2671.09,84.0
1432.9,4.164,2.943,605.27,1946.92,2848.55,148.4
1294.0,4.117,2.878,545.08,1797.4,2821.4,121.3
1308.97,4.107,2.854,486.45,1701.88,2628.76,99.0
1058.73,4.018,2.714,337.96,1322.52,2402.26,16.0
1331.93,4.139,2.86,529.66,1781.33,2742.01,118.3
1114.12,4.056,2.73,347.39,1367.96,2442.93,29.1
1414.37,4.174,2.914,544.33,1818.76,2892.41,133.9
1151.1,4.068,2.735,358.12,1446.66,2443.01,43.3
1192.28,4.038,2.788,424.73,1566.17,2498.22,71.5
1142.43,4.096,2.703,395.82,1571.56,2500.88,60.2
1446.71,4.176,2.973,573.36,1917.05,2882.36,146.1
1034.73,4.026,2.731,306.55,1366.97,2359.51,22.4
1318.81,4.127,2.873,441.25,1723.31,2628.26,96.6
1076.12,4.021,2.693,330.62,1446.08,2374.12,25.0
1313.97,4.117,2.893,507.26,1775.35,2844.06,120.1
1416.41,4.209,2.916,617.34,1938.0,2992.74,154.0
1174.8,4.067,2.737,431.42,1540.26,2556.4,74.4
1235.78,4.073,2.797,443.03,1620.74,2670.89,83.5
1459.34,4.18,2.971,623.09,1923.38,2967.2,157.7
1217.31,4.092,2.846,467.02,1582.97,2633.83,89.0
1223.12,4.093,2.84,456.78,1645.12,2741.76,83.4
1242.21,4.11,2.87,439.75,1684.49,2704.98,98.7
1347.2,4.162,2.888,527.04,1737.07,2789.42,117.5
1059.23,4.023,2.729,321.9,1295.44,2322.62,19.1
1392.23,4.145,2.887,575.33,1844.07,2900.16,139.8
1174.96,4.068,2.832,427.97,1557.84,2541.12,74.6
1038.74,3.999,2.74,299.82,1323.84,2379.13,13.2
1372.72,4.148,2.868,520.2,1783.58,2830.84,133.9
1187.68,4.06,2.788,391.42,1549.34,2547.97,64.7
1062.05,3.99,2.692,285.26,1365.14,2362.63,18.0
1323.99,4.129,2.906,469.77,1682.98,2804.7,108.1
1421.45,4.166,2.928,612.36,1856.52,2955.0,149.7
1391.21,4.158,2.964,591.48,1943.64,2956.26,151.0
1501.05,4.201,3.021,634.76,1962.63,2968.19,162.8
1403.41,4.189,2.948,590.98,1917.04,2871.57,147.6
990.01,3.987,2.752,304.87,1283.99,2302.23,1.4
1180.18,4.106,2.826,402.75,1536.14,2550.47,65.3
1407.87,4.206,2.875,560.84,1891.43,2888.44,139.3
1161.51,4.078,2.786,419.06,1554.12,2581.2,62.9
1274.51,4.107,2.839,474.59,1709.86,2727.98,102.7
1280.59,4.123,2.866,490.17,1715.42,2768.38,103.5
1209.63,4.043,2.777,403.9,1515.02,2556.81,62.7
1446.81,4.163,2.948,588.37,1942.68,2953.35,153.9
1215.38,4.063,2.778,459.03,1673.31,2610.47,86.0
1197.14,4.076,2.786,451.61,1629.74,2712.43,79.5
1492.33,4.175,3.076,631.85,1941.9,3037.29,169.6
1240.83,4.107,2.812,442.11,1633.24,2622.8,84.4
1103.06,4.013,2.709,356.16,1414.66,2478.59,31.1
1247.46,4.104,2.863,424.45,1667.8,2701.33,87.7
1376.85,4.176,2.938,577.31,1894.09,2805.0,138.6
1367.55,4.177,2.931,533.53,1843.7,2887.54,132.3
1402.7,4.149,2.906,552.37,1800.53,2812.61,134.3
1313.51,4.145,2.846,520.85,1773.77,2824.22,120.7
1112.44,4.051,2.77,342.16,1426.86,2564.4,44.0
1438.7,4.197,2.917,574.82,1858.58,2919.67,146.7
1462.71,4.193,2.905,601.06,1959.48,3049.03,152.0
1092.94,4.058,2.746,361.57,1395.47,2485.94,33.8
1060.23,3.985,2.692,328.78,1425.82,2406.54,23.0
1453.24,4.182,3.025,614.27,1969.48,2977.0,165.9
1440.28,4.193,2.971,598.17,1876.9,2925.46,147.7
1473.69,4.189,2.937,602.67,1935.47,2924.88,152.0
1501.1,4.174,2.913,589.55,1909.79,2853.53,150.8
1267.99,4.095,2.857,452.86,1662.91,2671.84,92.5
1309.31,4.142,2.853,506.95,1715.19,2725.85,110.2
1237.14,4.065,2.859,437.22,1641.07,2721.99,93.2
990.58,4.018,2.717,288.8,1298.41,2328.86,9.7
1366.08,4.149,2.911,522.11,1773.96,2842.49,127.0
1299.36,4.087,2.814,434.0,1657.21,2667.21,86.4
1343.02,4.137,2.86,504.94,1738.51,2746.58,110.5
1267.21,4.088,2.843,445.74,1630.88,2634.7,85.9
1240.2,4.094,2.83,451.12,1638.45,2656.73,84.1
1097.1,4.026,2.707,300.24,1404.85,2441.27,30.0
1074.4,4.064,2.764,363.68,1535.56,2479.17,48.1
1101.64,4.028,2.703,328.5,1398.15,2419.53,27.8
1083.93,3.994,2.72,316.81,1348.87,2442.78,34.1
1467.28,4.167,3.049,627.33,1964.16,3000.77,165.4
1072.04,4.002,2.701,328.05,1353.49,2427.05,26.9
1121.85,4.057,2.751,369.48,1475.11,2512.42,46.5
1264.57,4.126,2.847,483.09,1677.87,2723.87,100.8
1292.65,4.152,2.832,455.83,1719.69,2718.64,104.1
1066.53,4.003,2.742,319.17,1361.53,2405.64,27.0
1389.59,4.183,2.899,536.37,1847.39,2908.95,135.1
1345.38,4.116,2.937,555.66,1819.32,2820.81,133.7
1111.26,4.041,2.743,347.98,1428.82,2549.07,41.1
1112.04,4.056,2.757,361.59,1481.32,2584.47,49.8
1449.31,4.192,2.97,669.39,1965.42,2930.81,159.5
1407.72,4.157,2.921,557.06,1908.66,2903.28,140.5
1296.78,4.139,2.879,519.65,1803.47,2815.22,118.9
1029.77,3.984,2.735,314.58,1362.05,2409.13,14.9
1213.25,4.096,2.775,420.18,1578.72,2620.71,71.7
1231.66,4.113,2.857,474.7,1652.76,2660.18,95.5
1139.29,4.038,2.705,344.16,1423.45,2507.42,32.7
1243.3,4.079,2.803,420.43,1622.98,2691.01,76.8
1275.36,4.11,2.824,482.04,1733.77,2705.87,102.6
1137.27,4.07,2.808,373.9,1502.06,2512.85,56.3
1385.36,4.186,2.948,542.84,1821.6,2768.63,133.0
1375.89,4.139,2.944,559.38,1900.8,2909.76,143.0
1105.19,4.03,2.744,394.3,1425.87,2530.27,55.7
1399.62,4.172,2.889,594.94,1923.58,2842.18,142.7
1055.86,4.006,2.72,304.81,1384.89,2399.63,18.5
1412.97,4.169,2.94,576.82,1866.56,2855.32,142.6
1064.6,4.023,2.746,352.25,1371.27,2443.52,26.8
1082.47,4.021,2.661,324.43,1396.5,2351.9,15.0
1270.86,4.119,2.857,511.04,1696.91,2722.52,109.5
1196.05,4.066,2.813,437.91,1596.3,2643.36,80.8
1460.91,4.165,2.948,599.09,1981.24,2921.86,154.4
1144.33,4.064,2.774,388.07,1494.55,2508.59,62.4
1108.76,4.026,2.73,374.0,1478.35,2562.36,49.5
1241.46,4.095,2.783,450.89,1617.74,2644.02,85.6
1190.53,4.088,2.78,413.6,1654.5,2663.36,78.1
1161.42,4.056,2.758,408.15,1497.25,2565.27,59.2
1317.29,4.14,2.909,539.38,1725.8,2714.81,118.2
1347.49,4.118,2.888,556.99,1823.05,2855.94,129.4
1366.28,4.15,2.916,607.1,1870.31,2883.55,145.2
1488.25,4.171,3.056,647.18,1996.8,2972.15,165.4
1098.43,4.065,2.777,367.94,1472.29,2589.72,46.1
1342.13,4.187,2.905,528.05,1748.1,2824.57,122.0
1174.98,4.056,2.82,401.7,1603.91,2581.56,67.6
1321.06,4.128,2.871,511.53,1735.79,2761.86,115.4
1222.71,4.077,2.806,419.71,1591.95,2720.74,81.4
1501.33,4.203,3.046,645.89,2012.48,2995.36,168.9
1334.8,4.131,2.927,514.97,1841.76,2855.07,124.2
1504.47,4.196,3.007,616.38,1924.52,2981.05,162.0
1362.94,4.179,2.923,595.23,1859.0,2893.07,142.1
1440.35,4.155,2.96,624.04,1953.55,2974.12,153.6
1419.01,4.167,2.941,555.5,1840.07,2882.34,138.6
1230.32,4.051,2.799,442.33,1599.71,2630.37,78.6
1098.64,4.039,2.749,350.23,1436.58,2512.61,43.6
1156.46,4.062,2.763,388.28,1546.62,2525.58,63.6
999.8,3.991,2.685,310.68,1255.15,2356.37,4.4
1264.65,4.094,2.811,436.44,1651.23,2679.77,89.6
1221.97,4.087,2.852,419.08,1642.59,2642.19,86.4
1256.67,4.096,2.761,443.34,1663.07,2689.98,89.8
1492.02,4.199,3.047,629.11,1964.07,2957.08,165.6
1509.92,4.187,3.01,604.49,1974.85,2905.12,155.0
1091.63,4.027,2.667,305.16,1324.31,2477.55,28.3
1155.72,4.057,2.77,403.01,1510.86,2602.96,63.3
1165.2,4.101,2.816,445.25,1643.14,2640.16,72.6
1165.25,4.097,2.747,399.43,1525.74,2615.65,61.9
1386.64,4.132,2.923,558.01,1878.93,2889.54,135.9
1194.43,4.104,2.787,462.89,1647.45,2613.27,89.6
1255.47,4.101,2.831,471.97,1728.89,2746.27,97.7
1426.28,4.188,2.98,585.41,1880.86,2882.73,145.2
1380.27,4.159,2.969,563.23,1857.53,2845.85,137.2
1095.46,4.02,2.723,325.36,1393.56,2435.95,23.3
1306.25,4.15,2.841,520.24,1827.55,2844.07,121.7
1224.05,4.076,2.78,396.43,1522.66,2634.47,74.6
1164.99,4.086,2.699,400.66,1494.26,2514.04,50.8
1060.98,4.012,2.689,306.12,1286.71,2393.44,9.5
1192.72,4.112,2.833,428.88,1613.52,2659.65,83.3
1177.66,4.061,2.728,398.44,1505.21,2577.48,61.1
1106.17,4.041,2.737,342.01,1381.56,2451.65,43.5
1300.11,4.152,2.847,524.35,1798.93,2739.47,118.4
1363.91,4.166,2.956,560.33,1783.91,2828.59,131.0
1097.29,4.017,2.753,372.31,1442.07,2447.58,42.4
1059.85,4.004,2.723,306.54,1308.7,2411.22,9.4
1429.37,4.178,2.948,579.87,1859.51,2837.09,144.4
992.01,3.991,2.712,302.31,1304.98,2302.82,2.7
1446.76,4.194,3.029,613.22,1940.24,2887.52,159.4
1291.56,4.121,2.849,496.62,1696.04,2761.06,107.1
1152.63,4.013,2.744,370.96,1454.04,2513.48,55.4
1145.82,4.016,2.714,360.8,1417.57,2555.1,42.7
1037.71,4.013,2.742,309.09,1297.87,2345.8,2.5
1117.09,4.036,2.764,365.45,1377.77,2469.46,40.8
1067.07,4.024,2.65,337.57,1421.39,2425.76,24.3
1248.97,4.119,2.836,502.87,1701.56,2752.34,104.5
1118.16,4.009,2.736,331.39,1364.55,2466.54,29.1
1240.76,4.092,2.867,441.48,1662.95,2718.01,90.3
1321.14,4.121,2.803,449.89,1677.39,2704.27,100.7
1148.57,4.062,2.767,357.78,1507.78,2488.67,51.4
1081.61,4.042,2.682,295.7,1270.51,2362.91,6.9
1047.02,3.989,2.659,264.07,1274.14,2417.97,7.3
991.64,4.03,2.733,294.16,1314.5,2392.84,5.5
1342.97,4.128,2.86,544.08,1836.38,2897.37,125.9
1148.47,4.067,2.788,357.16,1500.88,2601.09,54.7
1366.61,4.161,2.866,573.59,1850.44,2814.33,135.6
1195.95,4.079,2.774,413.22,1550.34,2611.05,74.0
1181.29,4.086,2.812,402.55,1575.11,2622.33,77.6
1244.41,4.086,2.833,423.37,1613.97,2672.01,87.7
1350.69,4.158,2.892,525.21,1819.76,2810.58,121.5
1107.56,4.031,2.778,367.31,1505.74,2550.17,47.2
1115.27,4.023,2.704,318.71,1375.77,2336.68,21.5
1266.98,4.122,2.867,480.36,1725.36,2728.51,95.0
1136.35,4.087,2.772,384.54,1519.84,2565.97,56.3
1169.73,4.103,2.814,414.64,1618.53,2643.89,75.8
1312.36,4.138,2.866,494.89,1725.2,2734.44,110.3
1228.67,4.082,2.821,458.12,1615.41,2679.02,84.5
1316.96,4.105,2.816,472.49,1707.39,2719.68,105.8
1255.98,4.082,2.793,462.75,1628.31,2699.21,93.0
1328.83,4.121,2.873,540.02,1787.72,2815.19,126.0
1382.85,4.139,2.892,538.52,1785.47,2768.84,120.3
1265.55,4.088,2.801,458.31,1631.16,2615.86,91.3
1320.81,4.157,2.857,497.99,1772.15,2814.41,115.7
1434.1,4.162,2.951,596.34,1880.11,2894.27,148.6
1217.48,4.083,2.831,430.52,1552.15,2604.38,74.1
1160.72,4.072,2.802,414.98,1562.23,2617.84,70.8
1375.44,4.123,2.856,563.47,1758.05,2788.61,130.2
1267.26,4.135,2.838,455.21,1716.77,2739.32,99.5
1058.37,4.02,2.693,301.8,1347.45,2382.52,13.0
1421.6,4.194,2.958,601.65,1941.03,2872.79,151.8
1014.12,4.01,2.694,304.33,1321.87,2319.71,6.2
1404.75,4.132,2.927,553.97,1803.96,2865.29,127.5
1399.4,4.135,2.873,545.13,1822.54,2882.39,129.2
1391.35,4.199,3.017,623.26,1975.27,3004.33,162.1
1067.67,4.033,2.707,302.16,1271.5,2329.77,10.1
1283.8,4.124,2.831,463.17,1700.92,2701.4,101.9
1185.83,4.1,2.769,410.83,1561.28,2564.98,73.3
1133.26,4.05,2.74,393.38,1559.26,2574.01,56.9
1029.96,4.032,2.694,315.05,1333.41,2334.26,16.3
1251.65,4.1,2.849,457.35,1666.08,2770.75,96.1
1199.74,4.096,2.791,424.7,1572.65,2642.08,82.0
1025.75,4.006,2.706,301.92,1336.97,2381.88,18.7
1267.46,4.137,2.808,475.33,1642.93,2715.73,104.5
1365.8,4.163,2.874,538.4,1855.33,2792.63,125.7
1374.35,4.122,2.908,566.3,1839.12,2839.41,130.7
1461.26,4.207,2.923,627.23,1915.73,2897.98,154.0
1193.24,4.124,2.814,397.91,1574.64,2636.83,70.2
1441.05,4.183,2.993,633.61,1934.73,3001.22,162.1
1437.93,4.169,3.001,594.15,1890.66,2916.18,147.3
1117.86,4.078,2.766,376.71,1446.75,2555.69,51.1
1098.92,4.026,2.666,315.58,1339.72,2396.23,27.9
1177.96,4.082,2.798,409.7,1600.91,2570.47,74.6
1174.16,4.113,2.771,414.28,1550.98,2611.14,68.9
1266.08,4.084,2.84,466.45,1627.52,2704.51,98.3
1295.78,4.097,2.882,476.49,1660.17,2718.07,99.6
1368.41,4.156,2.915,525.93,1847.75,2786.99,127.7
1243.31,4.065,2.804,440.32,1609.81,2667.45,87.2
1106.87,4.006,2.667,293.98,1367.54,2348.54,18.7
1375.78,4.163,2.971,590.8,1868.57,2945.87,146.1
1123.0,4.075,2.772,372.68,1496.57,2528.73,53.4
1456.86,4.208,3.065,640.88,1993.41,3036.25,165.1
1020.93,3.982,2.708,312.33,1337.81,2409.64,20.9
1458.62,4.177,3.024,634.53,1963.54,2941.18,162.9
1071.17,3.996,2.699,337.03,1348.87,2416.08,16.4
1099.06,4.035,2.741,344.6,1417.65,2432.64,40.0
1027.34,3.979,2.651,304.57,1303.74,2343.52,8.9
1297.59,4.147,2.885,512.95,1746.68,2791.09,120.2
1397.47,4.155,2.952,581.41,1887.69,2806.2,144.7
1194.94,4.094,2.774,427.46,1609.32,2672.54,74.4
1476.17,4.185,3.008,621.91,1909.67,2972.42,157.9
1240.49,4.095,2.862,488.13,1668.89,2662.78,100.8
1290.91,4.151,2.891,507.43,1657.94,2759.63,107.5
1441.92,4.196,2.907,591.26,1896.19,2848.9,143.9
1131.98,4.059,2.774,387.43,1432.23,2534.47,51.2
1116.37,4.06,2.808,395.97,1535.53,2523.78,60.9
1479.66,4.159,2.963,596.72,1944.3,2938.1,154.1
1463.32,4.201,3.012,617.46,1950.64,2947.98,153.3
1508.52,4.212,3.015,633.53,1992.76,2994.01,166.0
1401.83,4.163,2.973,616.25,1878.74,2919.75,153.4
1107.02,4.004,2.662,301.82,1360.09,2382.34,22.5
1383.76,4.172,2.871,566.67,1870.2,2867.95,140.2
1182.33,4.053,2.736,401.5,1575.76,2638.41,70.3
1477.25,4.186,3.103,651.67,2009.96,3012.76,168.4
1248.35,4.069,2.777,425.33,1591.59,2670.55,80.8
1259.8,4.087,2.801,463.74,1660.17,2693.91,94.6
1264.54,4.087,2.829,452.82,1642.96,2719.72,90.5
1156.29,4.077,2.738,397.26,1459.64,2598.25,55.4
1044.97,3.972,2.739,312.38,1299.94,2319.84,13.7
1418.37,4.187,3.023,607.46,1917.1,2885.92,152.4
1437.15,4.164,2.85,563.39,1823.21,2907.73,136.7
1037.76,4.04,2.733,312.77,1328.38,2486.02,24.6
1388.41,4.159,2.843,539.08,1783.19,2802.53,132.3
1309.6,4.114,2.807,495.62,1737.04,2689.56,106.8
1223.6,4.06,2.797,390.41,1569.92,2567.13,70.1
1158.7,4.064,2.715,359.2,1454.97,2473.85,43.9
1419.05,4.181,2.953,589.07,1881.94,2909.68,146.3
1351.37,4.128,2.875,499.7,1753.85,2825.53,119.3
1305.42,4.124,2.773,460.84,1598.49,2683.64,93.6
1290.37,4.11,2.862,485.26,1722.02,2802.14,104.0
1027.33,4.01,2.715,341.15,1327.45,2382.96,16.4
1215.85,4.078,2.802,434.72,1624.23,2613.6,81.1
1064.95,4.042,2.71,353.9,1380.94,2414.92,33.7
1113.24,4.015,2.744,352.04,1468.55,2445.54,36.2
1344.77,4.123,2.821,509.22,1748.02,2775.66,112.8
1447.57,4.168,2.947,622.44,1927.64,2933.93,155.0
1151.7,4.081,2.791,388.1,1524.87,2578.09,69.2
1129.21,4.042,2.763,343.81,1423.65,2449.92,36.1
1267.36,4.105,2.841,504.63,1751.6,2728.0,110.6
1390.05,4.181,2.966,577.99,1833.28,2920.58,148.2
1358.68,4.118,2.899,539.74,1803.3,2907.14,127.5
1433.67,4.216,2.963,592.78,1895.09,2897.3,147.8
1266.37,4.093,2.798,454.98,1664.39,2698.45,91.7
1363.35,4.169,2.89,528.6,1759.69,2810.46,128.1
1118.58,4.024,2.716,313.13,1396.63,2485.43,24.7
1168.14,4.069,2.812,385.94,1538.35,2533.58,59.9
1211.45,4.049,2.744,410.6,1568.62,2567.92,66.8
1263.17,4.115,2.769,449.6,1612.69,2602.65,87.4
1428.1,4.186,3.08,620.9,1978.67,2876.29,158.0
1426.15,4.183,2.963,590.31,1878.51,2904.94,148.8
1125.31,4.018,2.732,310.18,1305.48,2391.42,23.7
1075.94,4.03,2.744,329.74,1404.15,2459.25,30.2
1153.95,4.048,2.792,381.43,1521.0,2583.78,61.4
1144.65,4.049,2.779,326.23,1512.6,2525.84,50.1
1282.9,4.111,2.867,486.97,1677.0,2755.79,104.9
1426.1,4.166,3.005,602.35,1914.37,2957.85,153.6
1466.77,4.195,3.025,651.37,1957.61,2990.65,163.6
1350.04,4.135,2.889,512.65,1760.79,2739.93,111.5
1407.42,4.171,2.991,585.31,1842.77,2856.11,142.6
1217.06,4.099,2.821,438.31,1680.81,2665.41,89.8
1066.12,4.043,2.747,360.62,1397.02,2447.02,36.2
1305.18,4.106,2.798,455.23,1628.95,2682.61,89.7
1259.33,4.109,2.82,459.08,1665.58,2735.99,94.8
1370.93,4.15,2.901,526.29,1772.5,2810.19,126.5
1089.68,4.061,2.724,339.11,1438.76,2477.84,38.2
1183.76,4.044,2.775,393.7,1538.24,2648.87,63.2
1210.24,4.061,2.781,380.69,1508.75,2580.23,62.5
1460.96,4.198,3.062,632.1,1977.03,2992.26,163.1
1222.62,4.052,2.766,421.38,1593.48,2687.18,76.0
1331.54,4.177,2.908,553.54,1829.57,2823.9,128.6
1415.01,4.153,2.876,539.23,1842.25,2854.87,127.9
1135.83,4.066,2.769,336.15,1471.01,2466.84,45.9
1262.89,4.133,2.855,466.12,1691.12,2692.96,97.6
1433.85,4.186,3.016,585.59,1885.13,2913.08,152.1
1213.32,4.046,2.788,426.09,1560.5,2660.85,81.3
1457.83,4.191,3.008,610.92,1940.8,3045.45,160.7
1045.4,4.04,2.758,378.59,1433.11,2435.49,37.2
1044.54,3.985,2.722,299.97,1340.82,2418.17,13.5
1436.25,4.142,2.889,612.04,1840.27,2959.47,151.7
1428.19,4.177,2.918,577.66,1886.51,2904.67,144.3
1482.75,4.173,3.082,643.2,2028.01,3005.79,168.7
1308.14,4.174,2.86,505.4,1823.62,2809.1,115.8
1464.43,4.192,3.02,610.86,1994.11,2957.45,159.3
1364.51,4.191,2.959,563.26,1851.13,2864.02,140.8
1417.8,4.168,2.931,586.48,1862.68,2937.9,143.7
1225.31,4.125,2.847,468.83,1689.34,2700.07,97.2
1210.27,4.072,2.819,422.3,1564.56,2584.85,65.6
1480.56,4.206,3.025,617.05,1982.93,2914.94,158.9
1182.4,4.041,2.766,415.53,1593.57,2610.17,74.0
1273.45,4.121,2.814,458.97,1615.74,2627.97,92.1
1214.98,4.098,2.794,433.72,1543.89,2628.13,76.4
1244.49,4.106,2.8,469.84,1715.2,2645.55,96.5
1173.25,4.081,2.832,453.54,1598.17,2569.07,80.5
1044.14,3.995,2.678,336.26,1281.88,2298.2,9.1
1414.75,4.181,2.955,609.45,1874.86,2937.15,150.1
1238.75,4.108,2.824,429.66,1568.12,2582.4,76.1
1282.04,4.104,2.822,447.24,1736.89,2713.81,100.5
1056.71,3.986,2.707,344.95,1364.73,2391.26,24.5
1063.13,4.042,2.698,303.54,1303.19,2343.92,1.6
1134.54,4.056,2.729,380.0,1454.99,2416.94,42.5
1249.0,4.131,2.922,534.58,1772.85,2795.45,120.1
1045.22,4.036,2.681,298.1,1285.88,2373.78,17.8
1414.69,4.2,2.907,594.47,1954.55,2966.73,154.6
1086.84,4.046,2.759,331.06,1401.38,2491.57,37.3
1098.67,4.024,2.721,345.36,1366.85,2374.65,35.6
1101.15,4.042,2.702,326.5,1345.36,2491.92,31.7
1028.98,4.016,2.702,300.94,1306.13,2375.15,3.4
1402.43,4.118,2.915,541.58,1849.2,2861.79,131.4
1446.71,4.178,2.931,589.21,1834.9,2858.44,148.9
1308.67,4.125,2.879,490.9,1691.92,2756.49,104.8
1100.22,4.036,2.754,331.91,1416.24,2477.39,32.8
1170.1,4.052,2.81,356.24,1476.84,2501.51,49.2
1218.52,4.114,2.787,408.11,1591.6,2680.2,81.4
1467.17,4.186,3.016,643.19,1962.01,3036.02,162.3
1073.4,4.043,2.749,343.82,1474.33,2473.18,42.8
1380.83,4.15,2.876,527.86,1807.94,2780.3,124.6
1207.1,4.079,2.803,416.7,1600.29,2609.54,75.3
1216.92,4.026,2.768,343.06,1467.84,2543.83,51.3
1206.71,4.091,2.81,432.43,1554.49,2628.36,78.0
1047.98,4.011,2.692,325.3,1333.68,2333.32,13.0
1403.38,4.151,2.908,575.8,1869.34,2908.36,136.0
1091.71,4.039,2.724,350.7,1422.8,2479.36,42.1
1360.14,4.079,2.861,546.89,1797.15,2835.96,123.6
1045.46,4.03,2.7,277.39,1324.4,2395.53,12.6
1467.26,4.209,3.058,642.05,1915.24,2961.86,162.4
1126.58,4.005,2.79,329.6,1403.87,2477.52,33.6
1412.39,4.162,2.998,611.98,1914.59,2988.66,150.2
1402.34,4.189,2.906,566.49,1839.56,2905.74,137.8
1518.33,4.17,3.038,617.28,2007.78,2913.11,164.6
1209.7,4.101,2.74,439.72,1571.05,2636.73,81.8
1344.79,4.133,2.88,531.89,1856.18,2785.44,123.9
1235.48,4.077,2.761,401.94,1531.94,2619.71,63.7
1105.39,4.031,2.783,325.87,1396.95,2446.75,32.2
1198.09,4.078,2.8,405.99,1610.93,2614.32,75.9
1105.59,4.034,2.724,341.4,1345.16,2374.48,29.0
1475.7,4.186,3.043,640.78,2054.33,3110.08,167.0
1017.03,3.976,2.699,320.07,1322.67,2392.59,17.3
1316.13,4.096,2.851,485.67,1715.88,2713.05,100.6
1272.92,4.101,2.828,502.32,1716.71,2683.9,106.9
1317.85,4.071,2.836,482.36,1621.42,2691.45,91.9
1306.38,4.137,2.903,508.69,1773.61,2766.46,112.9
1117.82,4.012,2.715,302.37,1372.39,2406.63,20.6
1230.66,4.114,2.815,452.81,1755.79,2640.26,94.8
1164.44,4.062,2.749,366.14,1485.16,2448.88,49.5
1479.05,4.203,3.035,626.04,1934.56,3026.56,159.9
1391.3,4.158,2.903,566.81,1762.03,2790.0,129.8
1508.77,4.175,3.013,635.34,1956.3,3002.06,165.4
1019.54,4.011,2.719,319.84,1311.72,2338.15,7.3
1105.14,4.055,2.73,396.33,1460.88,2553.96,49.2
1097.04,4.076,2.723,347.77,1433.15,2461.85,34.0
1026.88,3.994,2.696,296.72,1297.48,2335.62,2.9
1107.03,4.049,2.716,349.14,1405.04,2491.24,42.0
1334.03,4.131,2.812,537.49,1743.09,2749.15,115.7
1122.12,4.04,2.751,342.91,1408.75,2431.59,40.1
1219.63,4.097,2.745,465.37,1641.22,2655.04,87.0
1447.63,4.168,2.934,584.19,1926.19,2861.63,151.0
1328.11,4.14,2.895,527.88,1748.48,2705.4,118.2
1170.46,4.086,2.791,423.3,1499.78,2593.42,67.7
1197.34,4.061,2.768,412.59,1617.66,2561.8,63.9
1197.34,4.103,2.769,421.05,1602.21,2667.84,78.0
1078.96,4.042,2.712,331.6,1407.32,2475.74,30.9
1306.1,4.106,2.867,517.71,1665.97,2770.19,108.1
1208.17,4.048,2.767,388.55,1549.14,2587.23,62.5
1423.32,4.178,2.904,577.2,1918.04,2866.89,145.0
1380.66,4.137,2.87,566.41,1823.68,2851.95,128.9
1285.03,4.098,2.829,484.59,1708.92,2709.14,104.2
1171.88,4.102,2.782,395.32,1531.54,2590.46,62.6
1103.39,4.016,2.736,373.4,1393.54,2574.12,36.5
1385.11,4.123,2.867,542.29,1807.4,2750.25,132.2
1224.06,4.077,2.845,428.12,1607.67,2678.95,83.2
1144.59,4.043,2.714,353.16,1463.34,2476.69,39.0
1088.87,4.033,2.743,341.72,1418.11,2429.21,34.0
1042.69,4.064,2.694,320.42,1367.56,2464.18,29.0
1446.88,4.138,2.98,564.48,1809.65,2796.6,132.3
1104.77,4.044,2.777,352.03,1368.4,2558.79,39.7
1283.8,4.124,2.793,454.81,1657.15,2719.16,90.0
1249.89,4.072,2.797,426.5,1583.24,2603.81,77.3
1300.68,4.126,2.801,458.01,1687.84,2635.49,99.0
1426.99,4.138,2.945,582.77,1996.01,2890.54,149.2
1434.0,4.208,2.963,567.2,1884.46,2966.34,147.6
1182.69,4.105,2.819,443.48,1595.63,2702.49,77.2
1072.76,3.981,2.653,288.47,1270.44,2325.23,3.6
1181.58,4.097,2.765,432.6,1566.58,2637.53,73.1
1283.96,4.144,2.869,477.11,1672.52,2714.2,103.4
1268.71,4.082,2.865,482.66,1633.33,2686.26,95.3
1310.4,4.115,2.833,477.17,1680.88,2726.33,111.1
1064.11,4.05,2.749,343.24,1349.62,2482.63,27.0
1345.51,4.128,2.817,498.37,1738.46,2729.72,110.3
1116.55,4.038,2.718,316.59,1392.14,2461.54,31.9
1372.34,4.149,2.859,499.01,1802.4,2835.85,127.8
1152.31,4.08,2.752,395.19,1496.28,2655.08,58.3
1369.73,4.15,2.935,539.62,1783.18,2802.47,121.0
1024.58,4.003,2.695,298.49,1313.65,2336.03,9.1
1233.4,4.034,2.774,420.22,1559.3,2567.34,69.9
1343.39,4.151,2.859,529.51,1765.15,2834.43,120.2
1142.77,4.053,2.728,351.97,1453.7,2556.12,39.3
1385.07,4.132,2.889,574.37,1782.56,2931.84,135.4
1304.46,4.099,2.853,471.22,1696.91,2727.72,107.6
1311.64,4.124,2.834,478.2,1664.12,2750.47,100.3
1223.78,4.069,2.754,402.78,1539.33,2518.45,60.7
1268.57,4.052,2.787,430.97,1595.55,2645.92,82.5
1307.81,4.1,2.843,484.3,1666.03,2669.74,102.0
1239.49,4.096,2.778,416.4,1609.73,2641.91,80.8
1324.47,4.151,2.866,521.24,1793.92,2752.81,119.0
1213.69,4.07,2.776,409.42,1598.95,2611.26,74.3
1078.46,4.031,2.665,335.68,1442.81,2511.84,35.2
1115.76,4.018,2.76,355.65,1426.49,2432.6,37.2
1030.16,4.019,2.633,259.37,1291.5,2312.26,2.0
1095.96,4.058,2.702,358.63,1475.33,2563.02,51.9
1364.42,4.134,2.92,551.56,1798.0,2812.66,127.6
1397.69,4.134,2.879,557.15,1812.69,2810.58,135.2
1099.28,4.008,2.669,332.48,1435.87,2442.28,35.2
1486.0,4.228,3.057,638.11,1914.27,2972.83,163.1
1205.64,4.093,2.79,428.31,1586.89,2685.06,85.9
1434.35,4.175,3.017,595.44,1991.68,2871.09,156.0
1367.38,4.135,2.849,520.39,1772.75,2821.78,120.4
1349.64,4.129,2.833,527.78,1792.13,2817.59,123.1
1059.99,4.007,2.695,297.08,1299.27,2296.7,15.4
1095.35,4.038,2.699,345.02,1441.65,2459.89,38.2
1020.85,3.993,2.701,306.63,1326.3,2334.77,2.5
1288.81,4.115,2.9,526.75,1826.73,2770.62,122.0
1185.9,4.081,2.794,372.21,1468.05,2511.81,59.2
1428.53,4.144,2.9,556.72,1871.28,2851.45,133.9
1135.6,4.049,2.806,355.82,1509.99,2549.18,58.3
1377.23,4.148,2.897,594.32,1785.18,2790.71,139.5
1081.63,3.997,2.719,303.84,1320.1,2383.31,23.1
1125.64,4.033,2.72,337.62,1338.8,2406.99,30.3
1163.07,4.08,2.824,390.7,1529.1,2497.9,58.6
1163.7,4.062,2.819,399.68,1553.21,2631.25,70.0
1161.49,4.027,2.768,410.39,1497.01,2594.46,59.9
1345.43,4.13,2.905,577.64,1816.03,2779.62,130.1
1039.72,4.003,2.754,300.46,1396.29,2381.56,17.4
1160.26,4.04,2.745,402.42,1509.47,2575.76,60.4
1387.11,4.154,2.872,562.96,1884.46,2927.83,142.5
1024.51,3.994,2.672,322.78,1342.37,2403.64,12.3
1469.63,4.188,2.988,642.81,1918.82,2946.1,160.3
1497.68,4.168,3.093,658.87,2006.28,2994.06,167.7
1017.36,4.021,2.737,284.39,1365.58,2426.91,16.0
1150.53,4.085,2.751,363.68,1506.37,2501.74,50.2
1168.08,4.098,2.787,391.02,1528.86,2535.9,63.9
1395.91,4.142,2.883,543.13,1856.58,2891.65,132.2
1304.68,4.129,2.9,499.85,1708.92,2681.83,101.7
1295.93,4.137,2.89,471.52,1731.9,2687.57,109.9
1383.31,4.149,2.898,550.08,1841.72,2845.25,129.0
1044.32,4.019,2.71,329.03,1410.06,2431.36,20.9
1441.27,4.179,2.952,565.52,1899.23,2934.15,141.8
1320.94,4.156,2.874,530.62,1773.13,2824.84,120.2
1284.74,4.096,2.777,479.46,1665.93,2742.59,98.6
1434.11,4.192,3.009,596.44,1930.54,2879.45,151.4
1312.75,4.171,2.909,537.21,1776.03,2809.86,119.4
1123.56,4.051,2.742,335.11,1448.23,2481.41,35.1
1189.08,4.112,2.776,435.18,1545.43,2586.85,73.6
1192.64,4.043,2.807,443.85,1651.18,2654.97,84.5
967.15,4.015,2.619,294.97,1273.88,2407.67,10.3
1452.72,4.196,2.979,626.01,1959.5,3003.97,162.3
1104.11,4.039,2.768,300.18,1382.37,2457.79,22.7
1368.15,4.114,2.888,514.33,1765.91,2771.85,118.9
1223.07,4.087,2.751,429.49,1642.04,2724.07,86.6
1017.79,4.015,2.668,295.27,1337.72,2319.79,5.3
1446.41,4.163,2.929,629.49,1924.64,2889.87,157.3
1384.88,4.174,2.918,590.9,1843.61,2893.32,145.0
1226.08,4.1,2.81,442.26,1607.87,2671.22,89.6
1137.46,4.035,2.785,347.81,1430.58,2442.57,39.7
1079.38,4.028,2.737,323.09,1397.56,2420.64,21.6
1180.29,4.045,2.761,400.82,1517.47,2664.14,62.4
1091.24,4.029,2.736,384.77,1516.18,2514.35,44.2
1243.78,4.094,2.786,455.84,1591.07,2697.7,86.6
1423.56,4.169,3.057,636.9,1921.42,3006.37,164.3
1295.81,4.136,2.867,473.49,1685.86,2685.58,98.2
1445.38,4.161,2.923,595.39,1897.87,2882.52,151.4
1279.22,4.143,2.804,501.25,1712.1,2755.11,111.0
1266.51,4.073,2.791,445.81,1607.18,2642.5,81.3
1374.81,4.184,2.937,574.64,1850.87,2952.1,145.4
1237.49,4.057,2.808,439.82,1620.11,2609.14,80.7
1441.19,4.201,2.9,589.68,1904.42,2910.92,147.8
1109.77,4.075,2.731,397.69,1465.84,2518.4,50.3
1068.87,4.007,2.712,325.51,1371.36,2398.31,22.8
1379.17,4.153,2.92,590.46,1945.75,2922.36,145.5
1209.77,4.123,2.861,463.83,1680.57,2727.4,100.3
1411.76,4.146,3.019,622.2,1899.51,2978.78,151.3
1449.84,4.188,2.981,629.42,1971.91,2963.31,159.5
1054.65,3.986,2.725,319.66,1294.79,2282.64,10.1
1240.17,4.091,2.798,441.63,1639.51,2618.73,85.7
1181.15,4.057,2.746,399.8,1559.7,2553.22,64.4
1274.83,4.106,2.826,470.91,1758.19,2645.14,106.8
1373.76,4.191,2.935,586.94,1831.85,2815.7,135.1
1112.58,4.065,2.731,373.88,1429.34,2550.26,48.4
1235.13,4.078,2.812,492.91,1657.87,2636.16,95.1
1327.68,4.122,2.843,519.06,1782.99,2820.6,120.8
1074.05,4.036,2.735,329.83,1350.29,2361.97,23.7
1383.6,4.181,2.936,582.8,1860.95,2871.46,138.6
1282.18,4.09,2.885,488.78,1753.95,2730.41,103.4
1489.13,4.203,3.025,622.08,1943.68,2975.55,161.5
1149.98,4.067,2.777,380.69,1485.84,2492.85,58.4
1027.77,3.975,2.728,309.76,1379.27,2436.46,19.3
1255.25,4.089,2.802,486.47,1591.9,2645.02,86.6
1058.46,4.006,2.709,299.12,1336.53,2344.72,15.5
1491.11,4.195,3.056,606.3,1960.59,2997.47,164.8
1048.09,3.973,2.671,295.52,1255.18,2349.23,7.5
1377.27,4.133,2.946,542.95,1806.95,2802.21,128.3
1250.93,4.088,2.835,448.54,1623.7,2659.27,89.7
1235.66,4.057,2.833,388.34,1545.77,2456.11,63.3
1011.44,3.995,2.666,298.57,1328.82,2360.11,12.1
1283.67,4.118,2.811,470.24,1718.74,2724.64,106.1
1304.02,4.12,2.845,502.51,1657.89,2698.16,99.9
1139.53,4.085,2.754,372.11,1452.17,2480.97,48.5
1468.98,4.199,2.963,611.31,1938.01,2962.83,154.8
1150.65,4.081,2.717,391.8,1458.64,2543.84,52.4
1248.26,4.076,2.786,466.56,1587.08,2636.02,77.0
1234.16,4.085,2.828,454.17,1666.58,2646.38,92.9
1091.38,4.028,2.669,317.24,1368.27,2364.73,17.9
1491.4,4.186,2.98,631.31,1931.17,2841.02,158.5
1148.36,4.084,2.785,410.04,1522.99,2591.05,64.3
1065.49,3.99,2.728,320.55,1338.67,2431.18,14.7
1183.46,4.085,2.768,417.82,1521.8,2499.55,66.5
1272.14,4.113,2.815,475.39,1655.83,2766.22,102.4
1197.42,4.089,2.816,466.97,1644.85,2714.7,87.8
1309.93,4.129,2.866,516.91,1759.25,2754.62,118.4
1057.01,4.013,2.655,303.93,1332.0,2466.5,10.4
1157.95,4.066,2.737,378.84,1454.51,2476.23,49.1
1395.41,4.155,2.907,559.43,1863.53,2856.84,139.4
1069.78,4.015,2.705,313.23,1278.07,2367.43,14.5
1443.82,4.177,2.921,594.93,1906.74,2921.72,145.6
1058.21,4.025,2.69,281.81,1324.11,2351.73,16.5
1390.79,4.185,2.927,597.61,1868.3,2866.69,142.0
1183.29,4.103,2.789,382.71,1520.47,2511.07,62.0
1305.5,4.11,2.846,490.28,1695.72,2739.22,104.5
1096.88,4.052,2.8,351.23,1383.24,2479.62,26.8
1065.33,4.007,2.663,312.58,1323.44,2359.98,12.2
1073.18,4.014,2.762,363.31,1430.88,2495.27,37.5
1056.66,4.005,2.712,337.45,1326.63,2394.92,22.6
1102.69,4.066,2.716,371.39,1514.25,2592.77,53.8
1263.67,4.113,2.801,433.76,1631.05,2671.28,87.9
1276.29,4.094,2.79,483.41,1699.15,2676.38,100.5
1395.81,4.141,2.913,568.39,1834.78,2859.59,134.5
1278.69,4.118,2.849,519.91,1706.68,2756.05,111.9
1326.62,4.101,2.821,496.56,1779.55,2722.89,103.9
1166.12,4.04,2.752,405.17,1564.93,2614.97,70.6
1244.77,4.046,2.831,447.74,1558.17,2578.76,81.1
1200.22,4.07,2.779,381.98,1560.34,2593.52,71.1
1408.26,4.172,2.942,598.97,1866.58,2934.64,143.3
1106.64,4.052,2.743,338.79,1429.1,2529.51,39.9
1003.17,3.965,2.692,272.11,1233.94,2299.17,2.0
1345.46,4.1,2.846,538.74,1735.9,2695.55,111.1
1101.68,4.023,2.777,344.35,1388.89,2519.07,35.2
1407.28,4.177,3.03,596.86,1959.29,2888.03,151.4
1412.51,4.191,2.988,569.86,1888.03,2886.19,146.2
1051.26,4.022,2.704,312.45,1351.64,2342.42,14.0
1082.83,4.006,2.708,326.35,1376.46,2391.81,19.0
1220.57,4.102,2.839,437.01,1634.28,2631.69,84.7
1278.38,4.102,2.819,452.81,1708.82,2766.31,104.0
1133.88,4.05,2.8,390.89,1497.93,2535.39,47.5
1368.54,4.14,2.904,523.23,1765.06,2753.62,122.1
1250.45,4.144,2.829,474.86,1715.9,2661.79,101.5
1168.43,4.069,2.769,382.36,1487.32,2494.83,55.9
1015.44,3.981,2.711,279.15,1298.71,2315.06,5.3
1355.98,4.133,2.881,560.31,1772.42,2851.86,127.8
1156.76,4.029,2.765,358.23,1384.38,2479.77,37.3
1403.94,4.134,2.97,583.91,1870.22,2949.52,142.0
1218.85,4.074,2.778,450.19,1599.36,2578.14,72.0
1293.76,4.109,2.817,462.27,1674.3,2667.38,98.5
1400.16,4.183,2.95,612.34,1952.56,2911.38,148.5
1378.46,4.184,2.913,555.78,1906.65,2836.49,147.0
1197.74,4.071,2.723,408.3,1527.57,2575.64,63.8
1077.07,4.002,2.72,379.37,1463.92,2439.74,36.3
1335.64,4.129,2.875,535.8,1866.81,2923.86,132.0
1231.67,4.07,2.842,444.68,1535.48,2604.99,74.2
1071.36,4.044,2.715,319.52,1406.8,2532.78,33.5
1427.53,4.192,2.986,638.15,1941.4,2951.42,153.8
1148.83,4.028,2.711,335.23,1433.71,2485.83,34.5
985.73,4.044,2.746,280.24,1314.54,2358.5,5.4
993.58,4.027,2.685,281.78,1287.67,2276.31,4.4
1286.91,4.146,2.809,490.57,1704.27,2796.38,106.2
1312.34,4.143,2.88,503.22,1739.52,2799.79,112.8
1127.19,4.065,2.765,377.53,1467.66,2534.59,53.6
1124.64,4.066,2.796,386.03,1455.49,2481.7,55.1
1200.24,4.026,2.76,391.39,1525.6,2482.95,58.4
1334.38,4.112,2.87,512.93,1773.68,2770.22,115.9
1055.02,3.999,2.654,293.84,1370.38,2398.29,10.8
1457.01,4.188,3.015,624.35,1927.31,2954.59,158.0
1117.35,4.035,2.738,355.4,1439.8,2485.3,38.6
1523.14,4.205,3.089,654.78,1992.11,3060.21,169.9
1063.09,3.985,2.717,333.93,1389.59,2472.8,30.0
1381.97,4.162,2.894,539.66,1805.88,2870.69,131.4
1127.91,4.039,2.762,351.16,1430.88,2500.53,38.8
1088.37,4.004,2.676,302.84,1374.35,2395.14,14.7
1479.43,4.192,2.976,563.06,1890.45,2937.92,148.9
1423.7,4.15,2.897,602.02,1903.16,2923.12,146.1
1220.6,4.071,2.724,413.58,1537.44,2616.26,69.2
1272.49,4.144,2.917,521.44,1729.06,2938.54,119.7
1304.7,4.09,2.795,473.05,1661.1,2693.05,95.1
1400.67,4.129,2.945,573.21,1944.0,2809.3,145.1
1145.33,4.034,2.75,400.04,1468.49,2491.15,54.2
1260.54,4.099,2.825,470.84,1612.5,2719.63,89.5
1227.13,4.088,2.805,421.29,1587.56,2664.66,83.0
1174.01,4.065,2.799,383.17,1574.42,2548.77,60.8
1479.44,4.164,2.921,611.4,1949.21,2942.25,151.7
1075.97,4.0,2.743,335.94,1409.13,2471.84,29.0
1051.41,4.025,2.718,327.02,1419.65,2445.61,26.3
1321.04,4.108,2.785,479.27,1707.46,2767.95,98.5
1329.39,4.141,2.842,475.77,1736.33,2840.98,112.1
1146.02,4.017,2.681,327.23,1396.2,2490.69,33.9
1207.72,4.032,2.728,396.21,1577.06,2582.68,67.0
1437.01,4.137,2.991,637.17,1961.85,3017.26,161.0
1136.85,4.035,2.777,325.09,1417.91,2459.0,42.7
1297.16,4.133,2.872,510.86,1763.36,2726.23,114.0
1359.05,4.141,2.929,531.44,1791.62,2774.85,126.1
1211.25,4.073,2.796,435.12,1620.41,2613.65,76.7
1424.65,4.155,3.043,633.8,1922.49,2914.06,159.4
1336.72,4.107,2.932,561.13,1815.63,2832.76,125.5
1272.94,4.094,2.767,411.23,1598.91,2655.89,78.4
1277.91,4.106,2.831,457.48,1680.21,2779.12,97.2
1329.81,4.129,2.849,518.55,1774.01,2775.58,118.1
1328.63,4.084,2.832,499.64,1685.68,2766.68,101.1
1422.88,4.155,3.006,602.25,1921.3,2927.25,149.5
1168.18,4.067,2.75,395.25,1530.74,2590.51,61.3
1169.27,4.06,2.719,393.01,1485.82,2598.58,51.7
1096.3,4.033,2.7,341.08,1459.06,2499.42,37.1
1013.42,4.027,2.683,312.25,1263.89,2319.34,7.4
977.86,3.989,2.808,322.21,1325.25,2308.5,8.3
1404.67,4.199,2.995,589.64,1906.28,2852.45,148.0
1303.25,4.137,2.78,488.89,1770.14,2709.29,115.6
1321.73,4.131,2.858,507.23,1759.9,2750.22,112.6
1279.28,4.138,2.825,511.78,1727.74,2744.84,104.9
1470.75,4.156,2.969,590.32,1872.18,2897.52,144.5
1202.07,4.085,2.767,416.23,1590.6,2620.74,82.2
1463.29,4.148,2.92,611.14,1914.07,2836.33,148.1
1177.14,4.085,2.752,406.46,1568.37,2616.05,61.7
1479.28,4.191,2.967,631.85,1936.96,2921.59,157.6
1355.97,4.159,2.893,537.24,1739.79,2814.36,119.1
1069.94,4.049,2.734,352.64,1476.43,2454.4,44.5
1269.07,4.131,2.857,483.7,1645.88,2637.27,96.3
1247.53,4.088,2.794,446.52,1657.67,2662.4,91.1
1045.33,4.04,2.743,306.07,1341.11,2438.38,24.3
1294.33,4.107,2.801,465.7,1682.11,2652.76,100.9
1194.15,4.057,2.777,389.95,1492.4,2521.37,54.2
971.2,4.017,2.683,292.69,1304.96,2354.28,9.8
1457.9,4.236,3.033,648.8,1967.13,2947.79,161.3
1276.95,4.142,2.78,514.28,1737.34,2704.64,109.4
1433.61,4.193,2.932,605.03,1889.58,2909.42,149.2
1317.56,4.121,2.9,531.9,1736.84,2750.04,115.3
1155.37,4.069,2.763,376.07,1560.27,2504.08,61.3
1261.41,4.096,2.761,463.04,1626.43,2714.28,87.6
1366.45,4.16,2.844,519.69,1762.0,2817.17,115.2
1544.25,4.189,3.029,612.79,1927.95,2947.12,163.3
1105.35,4.071,2.719,348.85,1504.18,2469.34,43.9
1385.24,4.148,2.989,591.69,1917.11,2910.11,148.9
1471.64,4.212,3.019,612.87,1880.44,2981.83,157.2
1363.08,4.114,2.883,508.34,1718.82,2826.87,114.3
1481.97,4.203,3.023,609.59,1925.1,2893.92,158.4
1229.63,4.057,2.764,429.9,1602.58,2627.87,68.2
1468.05,4.203,3.055,610.12,2039.23,2972.37,162.1
1324.21,4.119,2.907,503.83,1789.2,2789.48,119.8
1036.68,4.021,2.692,281.76,1339.86,2304.08,8.1
1439.93,4.197,2.925,598.53,1965.35,2929.6,154.3
1247.11,4.08,2.733,427.69,1580.14,2643.37,82.9
1243.2,4.099,2.826,454.89,1593.64,2617.93,78.8
1296.73,4.128,2.78,458.84,1670.0,2696.85,96.7
1091.3,4.004,2.692,325.42,1420.4,2466.42,26.2
1229.33,4.069,2.813,413.94,1665.07,2650.38,80.3
1426.92,4.143,2.891,568.13,1936.44,2922.41,141.5
973.97,3.97,2.763,297.5,1304.42,2277.63,3.6
1137.66,4.027,2.755,376.06,1475.2,2491.74,47.1
1019.12,4.01,2.732,299.64,1267.58,2306.31,1.4
1203.15,4.089,2.816,398.95,1565.74,2624.54,71.3
1350.5,4.109,2.809,522.15,1824.31,2823.26,124.1
1400.56,4.148,2.937,573.71,1873.99,2892.47,136.0
1454.98,4.165,3.003,624.75,1973.98,3026.52,160.7
1319.7,4.136,2.84,483.84,1678.1,2741.33,103.8
1136.11,4.035,2.743,368.81,1509.03,2492.39,44.0
1461.46,4.153,3.018,630.66,1955.37,2937.5,157.2
1359.9,4.156,2.954,541.14,1833.7,2776.03,132.0
1294.86,4.123,2.795,470.18,1705.41,2659.08,98.1
1340.93,4.117,2.875,517.23,1748.81,2726.6,118.6
1438.9,4.179,3.028,601.26,1919.33,2926.39,157.2
1343.0,4.122,2.872,530.28,1769.41,2787.16,121.4
1191.49,4.093,2.778,389.48,1500.13,2639.11,63.3
1358.54,4.131,2.885,525.96,1784.41,2807.32,121.5
1045.27,3.985,2.759,305.16,1244.8,2357.3,7.8
1186.44,4.071,2.799,407.78,1528.82,2552.07,66.3
1219.07,4.072,2.844,397.34,1498.23,2589.85,69.7
1116.93,4.04,2.775,335.59,1383.04,2346.91,29.2
1044.55,4.02,2.685,292.67,1288.05,2365.44,4.9
1057.06,4.044,2.725,314.02,1403.28,2396.44,23.5
1288.31,4.12,2.919,489.77,1746.05,2714.87,111.6
1378.04,4.165,2.882,565.24,1824.74,2857.44,136.6
1542.2,4.227,3.078,623.64,1979.2,3018.54,168.0
1172.67,4.094,2.789,374.09,1557.86,2586.1,59.5
1340.06,4.099,2.83,461.99,1664.03,2797.9,102.3
1461.88,4.199,2.985,603.33,2015.36,2951.85,159.4
1079.61,4.035,2.716,325.41,1403.53,2389.68,29.2
1345.29,4.16,2.902,543.84,1745.47,2820.36,122.3
1364.32,4.174,2.94,552.46,1781.26,2871.05,128.6
1033.79,3.989,2.728,326.21,1363.21,2403.1,16.0
1394.59,4.157,2.908,578.95,1915.06,2909.98,146.6
1409.94,4.179,2.967,537.33,1869.16,2901.01,138.4
1056.67,4.001,2.73,284.52,1304.76,2332.75,6.6
1115.13,3.966,2.699,326.89,1336.55,2387.42,16.4
1025.86,3.968,2.678,292.01,1288.33,2367.88,9.3
1151.5,4.074,2.736,385.88,1518.4,2441.66,57.6
1223.24,4.114,2.843,444.22,1679.62,2638.33,87.1
1281.9,4.075,2.761,466.41,1646.88,2630.13,91.0
1150.43,4.069,2.78,376.61,1467.84,2446.84,46.2
1428.86,4.178,2.964,586.91,1962.31,2882.92,155.1
1153.16,4.048,2.78,361.08,1514.69,2574.04,63.2
1059.06,3.99,2.594,306.73,1321.69,2376.12,8.7
1154.23,4.029,2.701,371.57,1506.59,2478.77,51.7
1272.11,4.09,2.797,465.32,1624.87,2636.39,90.8
1172.24,4.039,2.755,407.1,1519.66,2613.05,70.0
1085.87,4.047,2.771,373.96,1457.46,2546.37,47.3
1049.0,4.03,2.724,319.8,1392.37,2427.48,23.2
1417.84,4.135,2.982,559.27,1816.8,2914.73,139.4
1550.6,4.2,3.09,642.28,2004.26,2990.0,169.3
1147.21,4.044,2.742,381.94,1497.51,2575.06,56.7
1238.8,4.084,2.812,411.27,1533.05,2565.58,65.5
1317.0,4.074,2.831,485.86,1719.48,2752.76,105.4
1312.73,4.155,2.865,512.16,1734.06,2761.27,122.4
1192.09,4.037,2.778,430.66,1582.86,2642.8,67.3
1468.72,4.176,3.021,611.87,1899.67,3003.19,153.9
1206.7,4.094,2.858,486.7,1678.81,2706.55,95.6
1230.33,4.078,2.824,409.76,1609.78,2691.42,77.1
1340.04,4.096,2.913,495.79,1775.4,2776.69,110.3
1483.54,4.223,3.04,631.4,1962.31,2963.61,162.0
1385.98,4.131,2.876,569.54,1798.34,2840.97,135.3
1028.66,3.975,2.712,267.03,1257.94,2425.43,7.8
1153.42,4.097,2.811,357.53,1543.27,2539.75,57.2
1194.44,4.096,2.754,423.44,1586.38,2638.48,80.5
1133.92,4.032,2.758,387.67,1481.25,2570.98,54.2
1327.69,4.135,2.842,510.77,1737.45,2809.87,119.3
1407.29,4.159,2.932,571.19,1854.71,2868.84,140.6
1340.35,4.11,2.92,534.27,1846.92,2853.39,124.6
1472.27,4.183,3.098,632.69,1992.67,2929.44,168.2
1151.23,4.048,2.742,387.69,1439.12,2502.15,47.1
1440.03,4.199,2.974,582.15,1934.89,2915.29,148.9
1359.27,4.148,2.855,517.03,1746.33,2834.01,130.6
1185.56,4.065,2.718,380.73,1525.74,2599.06,62.2
1344.39,4.128,2.921,522.12,1786.01,2784.32,125.1
1061.0,4.035,2.618,316.37,1340.12,2388.73,18.6
1409.13,4.174,2.89,560.85,1795.13,2955.77,134.4
1238.65,4.118,2.838,464.74,1643.38,2709.35,91.0
1111.77,4.054,2.759,400.34,1465.09,2558.58,50.4
1311.72,4.096,2.773,503.6,1709.62,2759.94,111.8
1274.07,4.147,2.869,510.28,1715.75,2810.04,109.4
1097.49,4.036,2.707,339.01,1361.75,2400.34,36.4
1022.06,3.991,2.697,296.98,1364.58,2389.65,6.1
1144.68,4.091,2.771,414.98,1473.91,2604.16,74.3
1285.31,4.115,2.808,467.63,1670.41,2678.67,97.2
1427.08,4.153,2.901,597.28,1899.69,2885.26,149.1
1489.49,4.179,2.979,632.28,1927.26,2947.43,157.9
1257.41,4.064,2.854,453.83,1638.06,2717.33,90.4
1384.4,4.15,2.882,541.86,1830.53,2782.19,128.4
1238.71,4.11,2.78,426.92,1543.04,2677.61,75.2
1358.67,4.111,2.871,552.7,1752.41,2785.65,127.1
1102.36,4.037,2.693,323.1,1400.68,2446.36,35.6
1137.67,4.082,2.743,402.15,1450.71,2549.54,63.7
1335.4,4.14,2.857,474.76,1696.09,2751.41,108.2
1020.49,3.98,2.765,308.86,1275.0,2310.51,4.1
1324.5,4.12,2.912,534.95,1790.7,2786.53,123.1
1427.92,4.154,2.951,595.45,1912.04,2838.43,142.2
1135.57,4.098,2.84,383.18,1561.11,2595.92,68.5
1202.33,4.051,2.807,422.75,1597.25,2570.02,76.7
1440.62,4.145,2.973,596.87,1863.51,2886.01,144.9
1366.57,4.144,2.911,572.82,1809.61,2806.1,132.1
1121.27,4.032,2.765,376.06,1456.59,2473.16,49.7
1145.0,4.058,2.718,376.2,1495.35,2510.26,55.8
1276.9,4.161,2.857,508.28,1742.15,2745.61,115.7
1286.8,4.085,2.81,451.86,1679.91,2719.1,96.2
1080.94,4.022,2.704,353.07,1406.22,2409.81,28.4
1142.23,4.056,2.737,387.72,1527.74,2583.29,53.4
1437.69,4.172,3.012,602.33,1930.86,2903.86,153.1
1332.27,4.103,2.858,524.2,1772.04,2779.14,117.3
1508.45,4.184,3.047,641.92,2023.82,2968.71,167.6
1371.65,4.139,2.969,543.65,1843.02,2835.24,130.6
1433.52,4.201,3.024,612.34,1944.18,2959.03,160.2
1121.74,4.045,2.735,336.71,1393.19,2466.06,37.5
1387.78,4.121,2.934,555.74,1810.41,2868.68,131.4
1030.1,3.988,2.671,305.5,1267.74,2340.24,4.4
1349.87,4.121,2.85,504.05,1752.96,2784.34,114.4
1224.0,4.128,2.788,421.02,1616.91,2685.61,80.3
1193.6,4.069,2.774,404.53,1502.99,2543.47,59.6
1459.11,4.15,2.961,589.8,1882.8,2956.7,146.7
1434.09,4.154,2.914,551.61,1808.06,2906.41,145.4
1007.1,3.988,2.704,279.79,1276.86,2231.88,4.8
1288.7,4.126,2.86,492.17,1798.27,2740.52,104.0
1206.49,4.078,2.758,385.54,1563.69,2626.06,63.2
1160.36,4.082,2.779,414.67,1603.85,2625.62,71.2
1397.75,4.161,2.897,556.89,1885.23,2880.0,141.6
1140.42,4.053,2.712,371.75,1517.12,2509.07,53.4
1446.52,4.186,2.967,607.85,1945.46,3026.13,160.4
1113.31,3.993,2.748,317.97,1375.1,2447.02,31.4
1328.31,4.128,2.876,494.53,1788.06,2722.08,113.0
1305.9,4.12,2.921,522.72,1717.66,2780.22,114.6
1138.32,4.011,2.744,365.44,1463.98,2458.05,43.6
1151.8,4.107,2.762,413.65,1553.21,2446.75,55.9
1386.78,4.172,2.942,567.77,1901.74,2886.98,142.1
1352.39,4.151,2.866,561.3,1809.77,2838.83,129.7
1168.64,4.053,2.789,412.19,1541.12,2529.83,56.6
1278.02,4.117,2.83,473.32,1655.46,2668.13,91.2
1029.68,3.981,2.672,318.53,1316.03,2370.82,11.4
1117.71,4.029,2.744,347.26,1441.59,2436.03,36.3
1270.72,4.074,2.827,442.35,1587.73,2604.29,83.1
1020.41,4.024,2.665,294.67,1293.06,2329.74,15.5
1422.52,4.151,2.968,540.31,1872.21,2876.58,143.5
1368.1,4.163,2.867,531.12,1765.02,2817.15,122.3
1466.1,4.186,2.91,610.02,1912.56,2871.29,160.5
1365.6,4.151,2.901,511.78,1767.25,2809.58,118.2
1521.66,4.196,3.039,610.58,1937.5,2946.94,159.9
1273.22,4.128,2.791,469.08,1635.33,2671.86,94.7
1281.48,4.098,2.789,478.57,1696.85,2785.39,102.4
1511.49,4.213,3.077,658.33,1953.64,3030.59,166.1
1329.47,4.088,2.834,486.96,1763.03,2776.39,109.5
966.27,3.999,2.734,295.45,1352.94,2303.5,6.2
1350.27,4.131,2.829,527.55,1810.0,2858.61,123.3
1437.55,4.152,3.015,603.03,1913.99,2893.7,154.0
1397.99,4.139,2.946,558.95,1855.27,2847.45,135.5
1274.3,4.1,2.85,498.11,1665.26,2725.05,99.7
1321.14,4.127,2.803,521.96,1769.81,2690.79,114.5
1472.9,4.187,3.048,638.66,2014.02,3003.08,168.3
1072.19,4.012,2.736,300.69,1363.0,2351.09,16.3
1362.57,4.114,2.811,495.97,1735.74,2753.57,113.8
1115.9,4.041,2.735,370.99,1492.11,2465.48,48.9
1272.46,4.119,2.864,474.27,1741.45,2796.2,109.2
1291.52,4.122,2.807,481.18,1710.69,2717.6,103.7
1079.55,4.04,2.759,334.2,1384.39,2426.43,26.9
1132.5,4.051,2.765,333.95,1385.84,2526.77,35.9
1267.33,4.126,2.853,490.43,1725.57,2779.36,106.1
1056.12,4.027,2.727,324.89,1356.22,2411.64,22.7
1075.26,4.053,2.73,336.92,1419.76,2471.99,45.8
1443.65,4.159,2.95,580.02,1851.88,2857.68,142.2
1163.09,4.078,2.743,376.77,1514.31,2559.7,56.3
1220.67,4.075,2.799,467.41,1601.29,2613.32,83.5
1434.04,4.147,2.985,626.27,1937.13,2884.11,160.1
1081.38,4.018,2.78,337.44,1369.63,2444.19,39.4
1195.98,4.101,2.814,377.6,1578.16,2600.42,66.8
1262.75,4.112,2.811,483.22,1668.85,2705.85,103.5
1369.42,4.154,2.936,562.93,1814.41,2873.43,128.7
1496.4,4.174,2.947,596.68,1909.8,2906.25,153.4
1444.23,4.194,3.036,616.58,1942.47,2934.23,155.7
1354.0,4.155,2.952,563.28,1836.12,2815.98,132.3
1122.21,4.038,2.803,361.92,1426.68,2470.56,39.6
996.17,4.009,2.701,291.01,1303.98,2295.85,5.2
1225.9,4.062,2.767,392.97,1541.86,2632.26,65.9
1110.29,4.028,2.708,320.99,1332.45,2457.34,24.9
1339.28,4.136,2.889,508.93,1815.12,2747.99,121.1
1295.64,4.127,2.829,491.14,1787.86,2809.38,112.7
1023.95,3.984,2.624,311.3,1281.89,2409.77,8.4
1402.6,4.162,2.921,582.53,1827.66,2910.83,142.4
1131.25,4.032,2.743,362.39,1484.47,2537.99,43.0
1231.6,4.104,2.806,408.96,1543.55,2616.79,74.0
1295.63,4.097,2.874,525.94,1786.15,2798.29,113.9
1229.56,4.099,2.792,415.24,1608.65,2630.58,73.6
1225.34,4.048,2.826,424.89,1577.45,2581.97,75.6
1030.78,4.016,2.675,320.09,1317.4,2402.56,12.1
1163.97,4.058,2.76,398.11,1524.01,2606.85,68.8
1374.72,4.162,2.963,537.74,1821.75,2796.28,130.3
1426.26,4.18,2.884,627.23,1949.01,2876.48,155.7
1222.38,4.049,2.817,425.35,1573.24,2611.06,70.9
1173.44,4.107,2.803,421.83,1587.93,2601.31,72.6
1353.06,4.153,2.875,489.17,1804.93,2746.24,119.7
1465.98,4.198,3.028,643.22,1954.16,3009.3,160.3
1115.77,4.034,2.768,354.81,1544.17,2520.49,46.1
1206.79,4.099,2.747,413.82,1594.84,2636.79,75.4
1415.28,4.132,2.884,557.26,1855.22,2866.03,135.5
1262.26,4.074,2.828,467.24,1716.03,2683.9,104.0
1051.84,3.983,2.647,333.96,1364.9,2354.98,19.7
1282.34,4.104,2.848,494.78,1729.55,2794.24,107.1
1093.59,4.015,2.747,349.12,1435.7,2457.34,32.6
1225.85,4.089,2.846,436.16,1556.58,2623.46,87.2
1207.97,4.094,2.819,469.55,1638.13,2674.68,90.4
1405.05,4.161,2.932,615.96,1854.93,2934.58,149.1
1260.94,4.045,2.804,411.36,1638.3,2612.29,79.2
1141.48,4.053,2.747,351.09,1425.86,2518.62,48.2
1119.13,4.034,2.761,340.35,1410.92,2519.26,40.0
1423.3,4.16,2.952,607.63,1882.89,2983.38,148.7
1086.49,4.055,2.751,336.52,1357.25,2365.92,29.9
1191.86,4.075,2.779,416.48,1562.05,2644.97,73.0
1107.91,4.031,2.766,344.27,1341.71,2468.64,32.6
1378.79,4.169,2.909,579.77,1871.94,2857.49,131.7
1196.39,4.06,2.783,408.56,1618.57,2606.24,81.2
1174.17,4.064,2.757,387.07,1495.41,2575.87,60.3
1110.94,4.082,2.792,348.95,1542.46,2544.3,62.0
1428.76,4.167,2.903,591.81,1895.74,2915.69,145.0
1229.03,4.081,2.82,480.25,1635.11,2713.25,94.6
1344.86,4.131,2.913,523.4,1805.71,2857.15,122.3
1412.93,4.182,2.983,613.52,1913.95,2961.52,152.6
1445.44,4.137,2.936,582.76,1957.95,2856.07,153.4
1171.93,4.033,2.771,391.3,1487.81,2545.13,56.5
1510.95,4.23,2.97,665.2,1922.52,3020.01,162.0
988.31,4.006,2.698,285.36,1324.94,2281.91,5.2
1204.07,4.1,2.815,406.72,1529.47,2570.86,64.7
1445.4,4.196,2.969,594.33,1918.64,2941.7,152.4
1121.9,4.056,2.714,369.05,1472.78,2416.72,47.4
1151.47,4.042,2.742,382.52,1434.27,2519.85,47.2
1139.83,4.062,2.761,384.53,1475.5,2500.9,52.1
1311.31,4.148,2.876,484.69,1690.18,2741.47,104.5
1183.69,4.099,2.823,420.09,1568.23,2626.16,75.1
1336.04,4.146,2.851,513.58,1828.64,2802.47,123.8
1465.22,4.175,2.956,618.06,1895.42,2927.45,152.2
1361.88,4.142,2.876,521.7,1727.2,2734.99,114.9
1101.36,4.023,2.714,325.29,1458.41,2455.38,35.6
1392.73,4.196,3.008,622.15,1918.22,2930.69,158.6
1123.67,4.032,2.705,349.23,1459.69,2515.26,45.7
1079.56,4.015,2.727,320.56,1399.82,2425.37,26.3
1047.72,3.989,2.737,321.82,1359.27,2341.62,16.2
1277.42,4.1,2.829,482.4,1628.23,2670.02,96.2
1051.55,4.001,2.717,327.29,1333.43,2368.26,20.2
1095.0,4.054,2.742,320.0,1319.42,2413.36,24.5
1115.4,4.036,2.741,381.6,1507.45,2529.07,51.7
1167.23,4.058,2.769,357.09,1501.14,2507.92,48.6
1328.08,4.098,2.839,494.4,1730.5,2734.57,103.1
1376.53,4.163,2.896,568.77,1858.28,2852.12,139.0
1347.13,4.156,2.925,538.7,1810.2,2804.05,129.7
1138.02,4.009,2.787,351.55,1439.51,2444.09,45.4
1090.46,4.014,2.776,367.16,1398.84,2472.76,42.5
1468.49,4.174,3.051,632.35,1989.0,2951.3,164.2
1047.7,3.967,2.704,279.12,1255.57,2422.04,2.4
1451.78,4.177,2.968,588.74,1845.66,2998.36,149.7
1149.68,4.038,2.728,323.99,1452.64,2476.23,34.8
1474.77,4.168,2.985,628.55,1940.54,2927.66,161.1
1148.5,4.065,2.703,393.05,1519.36,2549.1,58.8
1210.74,4.075,2.744,400.36,1577.19,2629.1,75.4
1337.93,4.137,2.877,507.51,1810.46,2711.58,120.5
1277.64,4.101,2.797,452.04,1643.99,2716.87,100.3
1152.07,4.067,2.771,398.67,1517.86,2482.92,54.7
1241.0,4.14,2.877,473.24,1662.01,2681.7,94.6
1360.99,4.159,2.789,549.79,1807.76,2781.11,124.5
998.72,4.028,2.667,320.3,1295.07,2348.65,8.2
1003.4,3.966,2.755,293.88,1275.46,2314.03,2.9
1214.91,4.073,2.821,427.99,1621.77,2638.65,78.4
1014.6,4.03,2.712,324.91,1344.59,2441.83,23.3
1338.94,4.16,2.845,496.88,1728.85,2792.59,113.3
1055.09,4.049,2.752,335.06,1415.74,2540.85,37.2
1222.65,4.061,2.818,413.63,1532.7,2594.61,74.2
1066.97,4.024,2.692,338.28,1403.73,2511.65,34.4
1251.54,4.112,2.867,437.06,1653.31,2651.01,93.7
1077.42,4.012,2.724,298.75,1377.03,2331.14,20.6
1081.08,3.98,2.72,271.54,1278.68,2361.06,4.9
1040.44,3.996,2.729,278.8,1256.49,2418.52,9.6
1424.82,4.19,3.021,638.75,1965.4,2936.11,162.3
1099.36,3.999,2.731,320.09,1359.83,2439.92,25.0
1336.6,4.159,2.893,521.31,1741.9,2768.61,120.7
1046.17,3.997,2.691,309.02,1333.9,2413.19,12.5
1075.08,4.012,2.73,327.31,1361.98,2438.12,19.3
1186.69,4.118,2.803,454.12,1649.1,2679.17,87.0
1221.29,4.086,2.798,455.89,1610.4,2589.6,79.6
1462.65,4.209,3.056,628.58,1984.45,2982.6,161.8
1499.69,4.168,3.002,627.91,1967.23,2894.83,160.7
1397.78,4.163,2.919,544.33,1891.59,2848.78,132.8
1247.58,4.134,2.834,453.88,1742.91,2695.69,102.8
1247.96,4.07,2.784,428.97,1599.1,2632.33,77.9
1181.38,4.062,2.827,406.38,1470.02,2563.25,61.2
1431.71,4.186,2.961,614.83,2015.02,2969.39,161.1
1290.06,4.121,2.841,474.94,1691.3,2666.71,102.9
1302.65,4.122,2.796,487.9,1700.64,2665.16,98.9
1083.88,4.021,2.776,351.99,1449.45,2549.73,40.2
1070.15,4.0,2.695,283.38,1306.59,2388.91,8.9
1431.53,4.22,2.989,610.74,1943.04,2974.09,160.7
1130.98,4.078,2.703,389.06,1481.69,2471.73,54.0
1186.95,4.1,2.839,421.41,1502.7,2632.35,75.8
1098.27,4.011,2.672,314.7,1320.43,2414.73,20.4
1397.9,4.209,2.948,556.95,1859.63,2870.5,142.4
998.89,4.018,2.721,299.02,1298.98,2295.6,5.7
1419.73,4.166,2.997,591.87,1889.9,2859.52,141.9
1091.2,4.025,2.701,319.07,1355.53,2457.8,24.7
1453.76,4.167,2.935,605.27,1932.75,2952.45,150.8
1346.66,4.151,2.873,526.74,1786.57,2853.84,124.3
1091.42,4.037,2.705,340.78,1378.47,2456.53,28.8
1253.96,4.123,2.771,475.88,1673.71,2666.52,96.6
1192.14,4.053,2.807,373.09,1513.29,2465.79,53.8
1119.49,3.999,2.713,304.1,1391.5,2440.16,31.1
1449.26,4.175,2.94,575.23,1902.28,2941.85,146.2
1211.96,4.09,2.8,414.84,1577.65,2633.87,69.2
1202.78,4.055,2.821,421.2,1568.1,2549.07,68.4
1056.19,4.025,2.689,324.39,1372.81,2450.46,29.7
1198.4,4.098,2.786,422.77,1526.4,2550.71,65.7
1431.79,4.149,2.916,615.02,1918.35,2900.82,148.3
1204.93,4.061,2.78,406.26,1522.64,2515.45,62.4
1493.09,4.22,3.018,610.96,1939.03,2994.9,161.8
1483.72,4.192,2.99,636.29,1959.64,2983.27,160.9
1034.52,4.011,2.725,317.82,1399.23,2373.23,25.5
1088.26,4.028,2.733,326.83,1425.32,2429.55,31.0
1410.13,4.188,2.945,595.53,1924.64,2843.52,146.8
1193.39,4.069,2.772,412.37,1548.6,2518.57,67.4
1008.19,4.004,2.647,292.24,1293.6,2274.88,1.7
1125.93,4.053,2.715,376.01,1497.42,2507.24,47.3
1297.5,4.122,2.82,479.72,1676.29,2704.23,102.0
1379.23,4.171,2.885,539.92,1875.09,2863.91,136.1
1074.79,4.013,2.698,353.68,1389.06,2391.31,23.5
1024.14,3.995,2.708,309.8,1373.79,2428.99,19.7
1435.75,4.193,2.987,604.11,1888.94,2932.04,156.8
1381.02,4.145,2.911,523.39,1792.99,2873.11,127.9
1251.35,4.105,2.84,479.85,1671.19,2700.19,100.7
1405.24,4.162,2.905,549.61,1865.74,2865.05,131.0
1228.38,4.106,2.804,416.72,1546.79,2607.73,73.5
1361.75,4.146,2.87,567.1,1782.97,2784.87,129.2
1252.32,4.069,2.748,408.62,1496.35,2634.13,63.8
1150.68,4.019,2.73,341.33,1432.46,2557.04,42.3
1329.32,4.139,2.864,563.64,1804.95,2811.14,124.2
1218.34,4.083,2.733,392.57,1621.85,2595.35,71.9
1491.18,4.196,3.061,639.74,1974.05,3024.63,166.9
1147.65,4.057,2.737,380.21,1494.36,2555.95,60.1
1429.61,4.198,3.039,620.19,1986.09,2973.83,156.8
1487.44,4.187,2.998,629.18,1999.35,2963.75,158.7
1103.67,4.094,2.695,349.69,1389.35,2491.76,41.9
1386.93,4.162,2.935,576.97,1829.45,2835.44,135.9
1182.99,4.027,2.79,423.0,1582.8,2589.14,74.2
1435.34,4.161,2.99,634.69,1941.72,2985.3,156.1
1210.92,4.096,2.779,439.99,1654.99,2682.89,77.1
1370.74,4.134,2.863,531.73,1787.79,2831.09,126.8
1157.42,4.077,2.755,447.91,1566.17,2687.37,79.9
1112.85,4.014,2.699,341.75,1409.23,2444.72,39.5
1081.36,4.023,2.689,351.92,1445.63,2478.2,34.7
1237.46,4.084,2.776,425.22,1570.47,2598.19,72.9
1440.47,4.157,2.894,535.65,1860.77,2833.23,128.7
1280.76,4.097,2.794,453.51,1720.29,2720.27,103.3
1289.1,4.151,2.897,538.39,1742.35,2778.11,117.4
1139.53,4.026,2.754,375.18,1496.03,2407.7,48.7
1223.93,4.101,2.875,437.6,1647.07,2594.6,82.4
1084.06,4.007,2.684,296.86,1352.32,2283.45,8.5
1441.44,4.143,2.991,584.0,1817.51,2855.47,139.2
1515.94,4.177,3.081,678.15,2000.55,2950.51,168.3
1179.01,4.084,2.723,424.38,1524.22,2526.48,69.8
1038.17,3.982,2.654,292.74,1277.61,2290.88,2.9
1093.88,4.023,2.733,337.72,1385.78,2428.5,29.7
1319.73,4.141,2.804,507.35,1744.35,2881.16,111.3
1254.3,4.129,2.816,471.07,1720.47,2728.77,104.4
1410.52,4.137,2.862,565.64,1819.03,2839.4,134.1
1126.63,4.043,2.808,340.06,1486.97,2437.43,43.9
1368.65,4.132,2.932,553.4,1858.86,2794.13,130.1
1316.82,4.152,2.859,508.89,1767.81,2820.95,117.3
1135.04,4.089,2.806,395.21,1550.14,2596.29,55.6
1268.12,4.088,2.859,466.55,1654.97,2652.47,93.2
1033.91,4.021,2.758,321.34,1321.99,2428.69,25.9
1234.99,4.104,2.778,411.77,1562.61,2728.92,77.5
1407.79,4.176,2.948,618.93,1894.86,2993.96,149.9
1148.94,4.09,2.753,414.54,1595.46,2615.4,72.2
1457.14,4.168,2.931,604.87,1846.93,2851.53,142.9
1260.89,4.093,2.811,459.28,1688.2,2679.5,100.8
1078.72,4.034,2.697,336.42,1482.2,2366.25,33.4
1306.15,4.135,2.867,440.51,1690.29,2712.85,99.2
1287.28,4.103,2.83,457.57,1676.93,2732.8,86.5
1151.5,4.107,2.753,420.55,1515.87,2562.43,68.4
1042.04,3.981,2.741,309.28,1298.19,2392.43,21.2
1176.23,4.086,2.794,404.45,1516.39,2599.45,71.4
1069.78,3.993,2.693,298.84,1359.94,2373.21,13.3
1098.18,3.994,2.756,308.62,1337.83,2353.62,17.7
1170.92,4.105,2.794,405.6,1554.26,2595.84,71.3
1182.35,4.05,2.809,392.67,1537.88,2540.16,52.6
1440.74,4.177,3.004,609.3,1974.92,2967.41,157.4
1187.56,4.077,2.793,371.63,1549.57,2588.57,64.5
1336.35,4.106,2.865,540.56,1850.47,2801.91,129.1
1249.68,4.129,2.8,447.48,1641.67,2676.61,90.6
1337.34,4.176,2.919,502.81,1784.68,2809.73,120.0
1118.82,4.064,2.78,364.56,1418.39,2539.15,45.0
1477.14,4.196,2.99,594.75,1931.98,2981.04,160.2
1227.47,4.098,2.776,460.82,1638.15,2637.09,90.6
1385.07,4.143,2.98,574.75,1869.31,2886.86,141.5
1185.17,4.091,2.803,387.99,1557.66,2583.93,62.7
1091.36,4.03,2.674,295.45,1382.94,2410.1,17.9
1323.93,4.141,2.83,488.32,1837.39,2800.94,114.9
1032.53,4.0,2.744,299.56,1353.39,2351.52,2.3
1245.07,4.096,2.786,430.58,1640.91,2579.49,81.3
1117.94,4.021,2.714,315.32,1363.83,2411.99,33.6
1277.12,4.172,2.828,491.88,1760.28,2792.25,107.0
1469.01,4.19,3.051,636.49,2040.72,2946.99,166.5
1203.65,4.08,2.756,452.35,1602.95,2646.27,79.5
1447.97,4.184,2.931,563.18,1808.74,2849.78,139.2
1254.5,4.097,2.768,461.58,1636.19,2703.54,86.8
1247.59,4.094,2.765,439.24,1648.2,2699.25,84.8
1470.32,4.214,2.95,600.78,1953.42,2915.24,158.2
1405.91,4.191,2.923,607.69,1902.74,2952.46,151.4
1431.34,4.17,2.931,574.26,1833.33,2887.76,133.8
1154.84,4.025,2.775,387.06,1518.59,2545.07,51.1
1278.04,4.113,2.817,465.37,1671.24,2679.82,93.1
1066.58,4.018,2.717,365.16,1473.96,2404.35,38.8
1230.64,4.075,2.834,426.41,1616.74,2667.46,76.0
1221.5,4.096,2.824,439.53,1607.18,2623.17,82.8
1374.26,4.164,2.895,553.29,1895.54,2875.3,141.5
1418.4,4.191,2.977,606.47,1964.67,2947.18,152.4
1165.69,4.093,2.793,436.15,1567.69,2560.62,71.1
991.9,4.012,2.712,264.55,1311.11,2291.61,4.0
1425.1,4.144,3.029,568.66,1847.71,2870.8,146.6
1079.51,4.075,2.7,329.9,1382.59,2403.08,30.5
1306.54,4.121,2.863,469.59,1708.84,2697.45,106.1
1068.78,4.021,2.737,301.38,1265.02,2340.7,5.2
1186.99,4.024,2.832,382.36,1556.38,2599.39,68.5
1435.98,4.192,3.056,653.78,2039.96,2962.49,167.6
1051.96,3.983,2.669,327.84,1355.4,2393.54,18.0
1231.42,4.062,2.733,426.57,1609.76,2497.49,72.6
1145.63,4.056,2.781,377.34,1508.71,2540.63,52.9
1485.44,4.173,2.983,615.28,1978.14,2937.42,154.0
1439.02,4.199,2.955,574.29,1897.24,2953.84,147.9
1070.83,4.076,2.748,358.46,1419.19,2497.4,41.2
1052.64,3.989,2.734,297.82,1356.54,2399.97,14.7
1308.26,4.112,2.864,505.32,1670.11,2716.82,107.0
1188.07,4.041,2.775,397.4,1525.79,2478.23,57.8
1369.16,4.155,2.846,497.47,1684.17,2774.8,114.6
1052.47,4.001,2.725,298.39,1274.27,2284.26,6.4
1082.76,4.02,2.698,328.34,1378.63,2415.23,23.5
1347.9,4.141,2.898,508.21,1722.83,2804.5,117.0
1101.48,4.029,2.722,346.92,1409.57,2461.26,36.9
1384.75,4.153,2.962,594.2,1850.73,2862.97,145.9
1041.62,4.004,2.752,293.76,1339.34,2432.56,10.9
1116.17,4.031,2.754,334.27,1458.07,2455.99,37.4
1469.1,4.207,3.127,652.76,1998.98,3039.08,169.8
1239.18,4.049,2.778,442.27,1642.24,2675.36,74.2
1364.68,4.142,2.878,519.69,1766.36,2848.07,119.8
1058.5,4.016,2.716,332.09,1361.52,2472.77,31.9
1326.3,4.122,2.792,473.39,1661.58,2802.92,104.1
1343.83,4.161,2.916,548.6,1786.32,2826.61,123.7
1131.63,4.046,2.775,392.58,1502.25,2574.12,54.1
1432.84,4.188,2.944,572.02,1943.19,2890.95,141.1
1287.64,4.082,2.877,470.98,1667.59,2694.71,103.0
1232.87,4.103,2.743,392.74,1526.12,2591.29,66.8
1244.85,4.132,2.784,452.56,1680.53,2640.49,95.2
1232.34,4.094,2.869,465.22,1683.07,2714.82,98.5
1078.42,4.008,2.721,323.72,1371.82,2419.39,29.0
1211.47,4.045,2.787,398.32,1553.43,2628.5,69.1
1141.11,4.081,2.721,405.85,1478.82,2607.46,59.0
1157.63,4.068,2.825,432.54,1540.03,2548.84,68.8
1375.57,4.142,2.918,529.38,1783.64,2852.04,129.6
1193.01,4.07,2.786,429.12,1643.07,2663.43,82.5
1474.31,4.224,3.062,608.71,1975.93,3011.97,159.9
1133.19,4.033,2.712,377.38,1476.47,2555.86,50.6
1210.18,4.079,2.774,408.82,1564.42,2646.67,71.3
1348.9,4.16,2.939,541.02,1843.17,2869.44,134.0
1292.91,4.097,2.856,485.83,1644.07,2641.4,93.3
1256.37,4.093,2.777,468.73,1607.79,2661.79,93.4
1057.52,3.995,2.69,284.42,1304.29,2377.07,10.0
1213.81,4.086,2.802,430.56,1566.43,2539.84,68.4
1102.49,4.041,2.792,347.94,1490.67,2484.24,46.8
1521.68,4.232,3.131,658.91,2001.63,2985.14,169.9
1112.7,4.04,2.778,413.7,1470.18,2525.63,53.1
1401.69,4.191,2.962,596.26,1927.52,2936.13,150.5
1374.89,4.097,2.86,506.95,1758.7,2790.95,115.3
1190.93,4.047,2.78,390.79,1479.83,2576.04,58.6
1311.08,4.088,2.864,493.5,1601.93,2651.18,92.9
1402.86,4.145,2.929,601.33,1860.96,2874.79,143.1
1437.89,4.181,2.951,591.08,1955.58,2938.3,150.3
1096.42,4.023,2.756,335.14,1403.07,2385.24,28.1
1162.22,4.017,2.796,401.67,1554.65,2580.69,58.4
1141.88,4.101,2.748,379.93,1506.05,2552.14,57.7
1011.41,4.004,2.656,278.94,1305.86,2299.99,8.1
1291.67,4.116,2.787,497.07,1615.06,2758.96,102.1
1393.15,4.196,2.947,592.98,1830.59,2909.64,145.5
1154.51,4.091,2.742,406.87,1553.54,2651.25,65.5
1368.64,4.14,2.916,553.65,1806.86,2867.47,126.1
1298.74,4.083,2.797,475.0,1649.54,2680.38,107.1
1202.56,4.081,2.822,396.58,1539.5,2564.11,64.5
1064.37,4.001,2.707,364.31,1403.46,2424.19,24.8
1328.3,4.164,2.853,533.06,1787.56,2811.8,120.9
1430.28,4.154,2.926,594.65,1871.83,2862.91,145.4
1310.43,4.125,2.843,516.7,1685.93,2788.19,116.9
1007.56,3.968,2.736,261.52,1303.17,2325.24,4.0
1091.91,4.011,2.755,335.52,1397.81,2434.15,37.5
1039.82,4.004,2.705,317.43,1340.58,2350.68,12.7
1316.78,4.106,2.793,462.07,1696.44,2687.35,97.4
1332.99,4.14,2.895,541.26,1841.1,2906.65,128.8
1094.53,4.055,2.687,320.05,1364.18,2444.62,19.7
1429.38,4.178,2.855,563.59,1865.05,2900.57,142.7
1304.3,4.107,2.804,445.36,1682.21,2628.89,94.9
1411.26,4.08,2.888,516.57,1733.26,2843.96,117.6
1519.73,4.211,3.017,631.38,2017.37,2899.28,165.2
1074.07,4.069,2.7,311.24,1314.25,2328.47,15.1
1412.28,4.176,3.001,584.09,1977.9,2871.3,153.3
1039.01,4.001,2.74,312.25,1355.73,2370.57,22.3
1196.18,4.077,2.837,416.34,1562.63,2653.77,67.4
1375.55,4.14,2.875,628.06,1889.2,2929.15,144.9
1463.24,4.19,2.948,609.57,1873.38,2945.82,154.2
1187.73,4.127,2.837,456.43,1645.07,2663.38,86.6
1313.07,4.102,2.85,486.54,1669.78,2684.94,101.4
1334.18,4.126,2.88,528.47,1773.65,2832.82,120.7
1411.1,4.163,2.913,586.09,1872.61,2943.43,141.7
1048.02,4.007,2.72,304.53,1329.23,2441.02,21.5
1348.32,4.13,2.925,560.85,1835.82,2894.44,137.9
1259.86,4.084,2.747,440.98,1648.56,2686.44,82.3
1247.73,4.074,2.8,411.74,1549.36,2628.08,77.2
1192.89,4.107,2.771,423.29,1587.51,2527.85,72.6
1259.03,4.121,2.836,418.67,1619.67,2710.54,87.1
1459.49,4.216,3.014,637.23,1987.32,2920.38,160.7
1268.74,4.122,2.881,459.6,1680.5,2692.46,93.6
1492.76,4.194,3.011,639.12,1942.79,3040.39,162.1
1105.65,4.011,2.693,351.6,1420.47,2443.19,31.5
1384.04,4.169,2.808,551.7,1772.12,2876.39,123.4
1409.92,4.168,2.893,571.16,1906.92,2877.2,138.3
1327.98,4.108,2.877,486.43,1759.24,2746.76,115.8
1271.64,4.1,2.86,457.72,1692.11,2728.03,103.6
1257.75,4.084,2.809,449.13,1658.82,2681.18,96.5
1443.38,4.13,2.933,598.78,1882.0,2948.01,146.5
1364.43,4.171,2.928,549.99,1853.94,2870.3,139.9
1094.71,3.992,2.725,315.63,1382.18,2434.28,21.7
1409.43,4.153,2.97,576.32,1868.35,2911.59,144.4
1176.59,4.078,2.766,418.76,1537.6,2527.14,71.0
1096.38,4.04,2.721,370.39,1482.51,2463.46,43.9
1444.79,4.159,3.012,593.23,1940.25,2912.37,148.0
1205.15,4.112,2.842,431.67,1552.19,2598.6,74.0
1434.6,4.129,2.903,548.98,1843.9,2874.8,137.6
1096.58,4.017,2.78,378.09,1494.33,2522.08,45.5
1003.95,4.001,2.754,287.25,1295.62,2370.46,1.7
1233.52,4.082,2.846,453.78,1669.06,2668.88,84.7
1039.02,3.999,2.685,304.88,1366.75,2395.7,17.9
1366.46,4.127,2.899,512.18,1826.43,2855.5,128.5
1141.8,4.056,2.696,376.86,1454.94,2483.5,47.7
1223.13,4.088,2.763,421.6,1554.57,2630.04,76.0
1089.97,4.012,2.705,326.82,1300.76,2398.98,15.7
1105.96,4.039,2.758,376.64,1472.27,2519.23,49.4
1389.04,4.139,2.886,598.48,1874.59,2849.36,133.1
1063.3,4.02,2.637,346.97,1348.99,2452.41,26.6
1321.72,4.146,2.861,496.06,1728.22,2719.07,110.4
1464.78,4.214,3.003,588.95,1886.22,2909.76,156.0
1302.97,4.155,2.889,499.64,1797.69,2772.39,115.9
1373.76,4.171,2.914,552.55,1830.39,2913.21,138.1
1074.26,4.034,2.706,307.39,1419.72,2339.9,19.4
1123.12,4.02,2.75,356.83,1462.11,2531.7,43.4
1435.94,4.164,2.978,607.39,1964.71,2984.11,152.2
1362.28,4.151,2.877,547.49,1730.37,2813.34,121.9
1325.4,4.122,2.782,483.74,1651.99,2711.34,109.1
1306.18,4.137,2.902,485.5,1732.7,2703.46,113.2
1175.82,4.097,2.77,425.85,1564.11,2685.21,71.0
1003.29,4.017,2.66,316.61,1327.43,2305.65,8.5
1383.0,4.133,2.897,548.07,1880.76,2831.78,133.6
1291.48,4.133,2.869,527.88,1746.05,2706.78,115.7
1227.41,4.072,2.782,445.73,1592.02,2557.66,80.9
1474.71,4.164,2.953,579.3,1915.6,2958.28,153.1
1152.12,4.027,2.754,377.13,1518.71,2525.01,57.8
1128.59,4.055,2.764,365.67,1441.22,2554.38,50.7
1479.52,4.138,2.929,622.95,1847.85,2898.81,148.5
1426.56,4.166,2.924,568.32,1853.81,2909.38,135.7
1226.17,4.126,2.771,441.98,1594.66,2655.79,88.0
1074.1,4.029,2.775,311.19,1400.59,2449.52,23.1
1115.08,4.037,2.766,323.88,1357.44,2427.56,37.3
1320.67,4.159,2.85,519.34,1715.08,2733.18,111.9
1228.86,4.078,2.786,409.21,1501.61,2542.9,66.1
1412.11,4.149,2.898,586.74,1853.82,2862.62,142.4
1477.92,4.192,3.024,607.97,1934.74,2899.63,161.5
1410.64,4.199,2.943,575.37,1884.35,2825.93,137.2
1209.76,4.048,2.782,397.13,1621.15,2537.01,64.8
1407.83,4.128,2.937,546.3,1800.99,2932.41,134.3
1181.41,4.077,2.767,399.52,1497.68,2553.09,60.4
1047.13,4.022,2.72,314.61,1386.61,2419.3,29.2
1018.09,3.988,2.674,296.16,1269.5,2376.39,6.6
1204.29,4.047,2.793,399.53,1559.42,2563.29,66.2
1452.63,4.141,2.947,622.68,1883.77,2945.68,153.7
1138.0,4.012,2.752,368.35,1458.45,2509.65,41.4
1150.31,4.067,2.741,346.12,1420.52,2485.79,35.9
1453.64,4.194,3.069,640.44,1999.17,2977.86,164.9
1055.34,3.957,2.71,300.11,1295.39,2345.27,5.2
1374.61,4.179,2.856,555.85,1857.55,2867.21,133.8
1177.61,4.083,2.74,369.48,1513.31,2559.57,55.3
1030.93,4.024,2.674,287.38,1298.58,2362.97,7.3
1507.37,4.174,2.96,594.59,1953.05,2949.7,156.1
1077.65,4.015,2.746,338.2,1415.07,2379.43,24.6
1247.27,4.109,2.757,469.16,1608.32,2716.12,94.3
1143.4,4.076,2.791,359.87,1403.53,2458.28,47.3
1051.39,3.994,2.731,291.62,1361.34,2368.72,12.0
1065.48,3.987,2.703,301.69,1339.22,2363.37,9.4
1075.43,4.029,2.722,295.95,1398.99,2342.48,20.5
1107.71,4.03,2.704,288.24,1323.25,2342.46,13.1
1366.77,4.149,2.903,545.2,1869.16,2887.04,129.5
1228.56,4.106,2.838,475.41,1700.76,2616.15,83.1
1148.94,4.065,2.759,395.73,1547.05,2576.09,58.9
1201.22,4.074,2.803,417.63,1583.29,2555.91,71.7
1466.12,4.169,2.964,600.29,1966.93,2895.46,158.0
1457.35,4.158,2.993,595.78,1935.93,2968.55,154.9
1347.8,4.128,2.872,547.46,1792.52,2849.71,121.9
1420.8,4.156,2.973,591.38,1924.31,2921.24,150.5
1131.4,4.064,2.733,382.23,1564.34,2552.9,55.0
1172.28,4.095,2.789,410.8,1516.58,2632.08,65.4
1322.62,4.123,2.842,480.46,1700.58,2727.56,104.7
1332.99,4.103,2.894,482.98,1714.64,2745.42,106.4
1227.27,4.109,2.811,411.52,1629.99,2637.24,82.4
1167.23,4.081,2.795,390.44,1560.63,2561.85,68.7
1490.2,4.207,3.038,652.47,1950.63,2929.93,167.7
1453.99,4.152,2.935,564.32,1864.56,2842.31,139.8
1231.89,4.105,2.804,430.72,1574.53,2661.05,74.5
1365.93,4.166,2.874,508.06,1791.31,2878.12,123.9
1154.97,4.044,2.734,376.93,1486.49,2460.63,46.6
1096.3,4.027,2.684,312.03,1381.64,2420.44,17.9
1139.6,4.087,2.765,370.1,1493.98,2549.67,60.6
1182.05,4.066,2.761,426.42,1612.75,2654.19,69.1
1010.26,3.993,2.699,267.67,1245.25,2334.14,3.8
1412.99,4.163,2.899,584.37,1836.21,2846.25,138.7
1175.53,4.044,2.766,393.96,1517.27,2571.92,61.7
1296.36,4.121,2.804,460.6,1703.95,2653.8,99.1
1034.24,4.027,2.737,332.74,1276.36,2379.32,13.5
1123.79,4.025,2.726,341.1,1462.79,2428.5,30.6
1437.05,4.184,2.963,618.72,1860.79,2912.11,151.4
1308.92,4.146,2.86,491.31,1750.06,2707.08,103.9
1502.06,4.182,3.061,624.16,1948.96,2934.11,161.6
1527.17,4.207,3.088,636.36,2001.86,3010.86,169.8
1186.4,4.057,2.728,396.04,1466.23,2575.45,63.8
1164.49,4.042,2.79,376.74,1503.89,2514.75,51.5
1465.28,4.177,2.904,599.11,1886.08,2917.46,146.1
1512.06,4.205,3.07,643.47,2034.11,2995.29,169.8
1283.86,4.134,2.884,500.64,1677.25,2736.87,107.4
1402.41,4.159,2.903,585.09,1885.54,2831.78,135.4
1379.8,4.164,2.89,556.68,1781.03,2893.29,133.1
1111.05,4.099,2.777,363.76,1528.8,2651.99,61.1
1285.95,4.132,2.831,472.4,1634.55,2613.0,98.1
1411.01,4.172,2.91,574.57,1930.24,2875.48,141.8
1360.8,4.145,2.896,514.12,1790.84,2779.35,117.3
1006.59,3.99,2.728,266.12,1341.05,2345.02,4.6
1123.57,4.058,2.805,391.01,1500.2,2659.89,57.9
1080.66,4.031,2.735,317.79,1366.24,2422.51,25.4
1124.21,4.042,2.717,351.48,1434.79,2465.45,40.4
1449.78,4.196,2.935,621.67,1922.73,2959.45,154.0
1032.23,4.024,2.625,282.29,1291.77,2382.2,7.2
1082.21,4.035,2.766,347.38,1420.53,2446.21,38.1
1145.4,4.016,2.763,374.8,1524.37,2527.04,53.3
1286.96,4.161,2.832,485.5,1738.67,2736.15,105.3
1281.43,4.09,2.76,449.94,1613.91,2746.22,91.3
1117.74,4.041,2.699,342.58,1447.28,2475.02,37.9
1077.93,4.04,2.67,356.87,1347.07,2451.54,28.8
1159.48,4.069,2.783,347.93,1483.4,2457.91,41.0
1232.52,4.132,2.828,449.03,1597.59,2678.85,85.9
1145.57,4.041,2.708,366.86,1486.24,2498.84,46.8
1466.51,4.213,3.055,627.29,1978.42,2953.6,161.1
1261.43,4.092,2.776,438.17,1589.21,2611.2,79.4
1042.84,4.058,2.71,291.17,1306.64,2371.92,10.9
1356.09,4.165,2.896,553.66,1786.14,2808.2,124.2
1154.13,4.056,2.759,370.43,1517.27,2504.82,56.6
1319.09,4.112,2.848,499.8,1761.92,2726.38,111.4
1165.37,3.997,2.751,350.22,1534.61,2518.75,48.3
1293.8,4.124,2.821,483.79,1727.92,2710.37,97.5
1376.37,4.173,2.91,536.49,1842.67,2868.83,131.5
1502.36,4.2,2.998,628.77,1952.13,2955.6,157.8
1148.97,3.999,2.729,366.02,1439.31,2454.32,45.1
1149.41,4.036,2.796,388.89,1526.32,2570.33,57.6
1186.33,4.098,2.773,447.85,1639.89,2600.16,79.5
1448.99,4.221,3.0,607.99,1978.12,2991.23,157.7
1455.51,4.178,2.96,627.64,1932.19,2970.64,153.3
1068.43,4.032,2.68,303.86,1320.92,2360.23,16.2
1105.11,3.998,2.707,328.48,1371.31,2378.73,23.3
1208.49,4.099,2.787,439.5,1642.93,2607.6,84.7
1049.5,4.008,2.729,323.77,1385.71,2343.19,19.0
1135.83,4.087,2.763,374.8,1521.46,2619.82,59.4
1044.64,4.011,2.76,328.55,1406.91,2390.69,26.1
1289.64,4.158,2.822,495.7,1755.6,2735.09,108.5
1480.9,4.183,2.941,633.59,1952.06,3064.41,161.5
1517.44,4.178,3.088,654.58,1980.18,3043.9,169.4
1155.23,4.049,2.825,387.01,1586.11,2615.6,64.4
1266.48,4.104,2.853,500.7,1717.9,2752.51,102.2
1376.11,4.177,2.915,585.1,1905.93,2942.87,145.7
1070.39,4.004,2.681,328.67,1341.14,2308.2,20.9
1314.33,4.119,2.931,497.68,1701.79,2782.1,117.5
1236.18,4.094,2.771,405.3,1573.46,2569.78,70.1
1113.21,3.97,2.702,360.82,1432.17,2398.55,35.8
1187.46,4.067,2.817,433.93,1575.33,2534.6,69.1
1031.71,3.98,2.699,311.96,1329.61,2368.31,13.8
1298.28,4.119,2.811,517.62,1750.91,2735.07,118.5
1089.23,4.049,2.806,343.42,1457.74,2483.54,43.7
1134.15,4.052,2.775,390.4,1528.17,2513.67,53.6
1049.08,4.011,2.668,323.38,1376.31,2469.45,21.5
1400.18,4.196,2.99,554.29,1855.23,2932.9,147.1
1244.28,4.094,2.775,415.66,1614.21,2688.91,84.4
1286.2,4.147,2.797,476.12,1657.34,2664.16,97.7
1260.53,4.124,2.802,457.36,1722.67,2756.94,97.2
1243.76,4.058,2.841,396.5,1553.74,2622.1,70.4
1053.39,4.07,2.79,338.85,1453.21,2448.52,33.5
1362.92,4.152,2.875,544.28,1811.63,2767.27,126.9
1063.61,4.055,2.765,342.01,1351.54,2424.39,22.5
1045.57,4.008,2.641,301.45,1319.46,2381.1,18.6
1325.81,4.145,2.905,531.41,1768.16,2774.24,121.0
1103.97,4.043,2.774,330.08,1419.82,2472.68,36.3
1141.97,4.052,2.801,369.48,1453.63,2513.43,52.8
1216.29,4.116,2.803,437.89,1625.73,2637.55,81.3
1181.26,4.124,2.811,423.57,1562.52,2575.47,76.9
1301.99,4.093,2.856,503.75,1733.83,2737.94,120.7
1291.75,4.138,2.847,498.23,1674.8,2800.58,106.4
1299.51,4.108,2.849,509.82,1715.47,2708.34,109.9
1340.35,4.088,2.873,561.85,1798.1,2757.62,121.7
1138.51,4.063,2.787,375.59,1526.5,2494.67,50.5
1141.6,4.069,2.767,384.67,1490.84,2572.72,55.5
1203.03,4.096,2.841,426.3,1589.82,2590.46,75.0
1126.58,4.063,2.764,356.68,1485.53,2522.68,53.0
1529.63,4.214,3.115,623.67,1924.36,2953.08,167.5
1377.92,4.149,2.959,566.66,1868.31,2918.31,138.6
1075.78,4.031,2.72,297.41,1388.64,2349.56,28.8
1000.98,4.006,2.693,268.78,1235.65,2337.4,1.9
1015.6,4.027,2.671,288.66,1358.2,2429.72,8.2
1120.21,4.043,2.746,371.72,1461.66,2475.46,42.2
1061.14,4.011,2.682,320.66,1305.26,2363.23,20.3
1242.75,4.101,2.858,433.55,1664.22,2594.31,91.1
1414.46,4.146,2.934,586.1,1981.22,2916.61,146.0
1339.09,4.16,2.899,544.45,1798.85,2856.21,125.5
1117.14,4.007,2.666,358.31,1444.8,2512.69,37.4
1241.52,4.082,2.772,423.89,1535.24,2649.8,68.5
1219.97,4.099,2.799,464.9,1616.6,2694.79,86.8
1405.71,4.129,2.948,574.82,1900.98,2804.72,137.9
1412.48,4.137,2.95,585.89,1895.11,2937.74,142.8
1466.47,4.164,3.006,612.8,1962.17,2904.09,154.7
1259.92,4.091,2.824,460.06,1624.0,2648.7,87.1
1340.19,4.166,2.909,506.67,1780.47,2819.38,118.3
1061.66,4.012,2.723,312.97,1351.27,2412.24,19.9
1259.09,4.12,2.786,457.78,1690.21,2668.71,96.5
1102.51,4.068,2.739,364.56,1443.44,2504.56,43.0
1202.95,4.103,2.788,415.65,1628.7,2503.83,74.0
1272.21,4.123,2.752,509.86,1715.15,2784.82,108.2
1110.46,4.031,2.714,361.5,1465.35,2476.17,44.4
1065.63,4.012,2.759,314.74,1259.72,2438.39,9.8
1023.4,3.98,2.681,255.35,1321.73,2317.94,2.7
1048.06,4.032,2.689,279.54,1258.63,2388.24,4.7
1056.92,4.01,2.623,300.57,1265.37,2366.65,2.4
1057.62,4.018,2.67,315.92,1315.46,2429.19,19.7
1122.76,4.051,2.754,370.97,1397.76,2515.66,41.5
1102.0,4.041,2.722,353.12,1457.09,2491.27,38.4
1472.26,4.19,3.019,629.94,1966.01,3016.78,167.8
1123.44,4.065,2.795,403.56,1442.86,2557.81,52.7
1090.3,4.013,2.693,310.71,1318.5,2398.49,22.5
1265.45,4.144,2.783,449.69,1690.64,2663.77,93.2
1467.69,4.156,2.946,598.99,1879.51,2882.84,146.0
1351.03,4.143,2.841,498.33,1753.35,2767.07,115.6
1124.5,4.037,2.729,354.0,1507.37,2529.57,51.0
1289.14,4.093,2.825,455.38,1686.84,2730.8,95.9
1338.07,4.105,2.86,539.08,1788.04,2807.66,121.8
1383.0,4.151,2.835,564.26,1830.3,2851.63,124.0
1308.67,4.12,2.878,507.5,1707.68,2772.22,113.6
1402.18,4.195,2.978,581.4,1891.0,2998.39,148.2
1408.22,4.181,2.944,610.47,1926.91,2913.75,148.0
1258.1,4.115,2.851,464.21,1737.09,2710.11,98.8
1183.48,4.053,2.777,412.22,1632.68,2584.7,73.6
1293.82,4.137,2.795,503.84,1691.91,2800.02,109.4
1421.55,4.149,2.951,586.78,1862.37,2917.42,139.3
1064.0,3.964,2.685,286.81,1297.76,2391.95,2.0
1462.24,4.207,3.068,641.01,1988.86,3046.79,168.6
1124.48,4.004,2.724,372.26,1422.55,2447.71,31.9
1211.76,4.048,2.794,423.2,1670.73,2591.66,80.5
1437.85,4.199,2.957,584.4,1874.16,2919.58,148.4
1069.87,4.027,2.741,344.74,1392.91,2515.84,39.0
1239.94,4.056,2.839,443.88,1626.76,2640.12,81.6
1021.27,4.0,2.729,315.2,1353.63,2395.25,23.4
1196.01,4.059,2.814,419.0,1569.57,2575.76,67.8
1096.84,4.051,2.771,334.9,1403.61,2493.11,30.9
1178.35,4.034,2.722,391.17,1521.46,2552.76,62.5
1159.75,4.042,2.811,390.88,1513.28,2600.96,64.1
1509.89,4.218,3.085,646.49,1997.57,3031.65,168.8
1506.86,4.19,3.085,654.33,1984.23,3019.98,169.1
1058.66,4.02,2.741,316.39,1389.07,2374.99,20.4
1368.26,4.133,2.876,534.78,1793.71,2801.16,123.7
1035.38,4.042,2.716,287.03,1275.21,2295.26,9.7
1042.21,3.972,2.662,281.84,1341.15,2329.35,6.1
1056.8,4.019,2.667,314.07,1345.1,2325.02,18.8
1486.06,4.223,3.039,636.06,2035.72,3017.47,164.2
1481.31,4.18,2.998,623.89,1946.01,2907.99,160.0
1087.72,4.017,2.729,331.99,1385.27,2410.46,33.8
1052.93,4.04,2.698,332.05,1378.3,2419.99,28.3
1124.94,4.062,2.752,355.84,1438.19,2462.93,41.7
1275.3,4.083,2.8,447.92,1627.9,2747.16,88.1
1279.61,4.139,2.828,460.16,1656.01,2753.13,97.3
1117.66,4.039,2.721,357.26,1414.52,2462.12,38.4
1366.44,4.159,2.872,543.69,1863.09,2895.5,128.9
1167.34,4.086,2.751,366.57,1481.55,2548.25,53.3
1451.94,4.199,3.02,612.94,2004.01,2945.16,156.8
1304.48,4.128,2.844,494.8,1770.34,2728.33,112.0
1235.19,4.069,2.786,421.22,1576.77,2591.67,74.7
1371.8,4.21,2.903,579.15,1858.43,2943.2,134.5
1422.21,4.146,2.905,571.75,1844.0,2893.83,139.2
1167.91,4.058,2.789,374.58,1507.81,2508.23,50.1
1176.76,4.072,2.724,409.24,1550.11,2553.84,58.4
1432.99,4.198,2.993,625.04,1968.2,2961.45,159.2
1085.77,4.068,2.697,338.4,1374.18,2431.72,28.8
1028.81,4.001,2.713,298.11,1324.93,2254.07,8.1
1203.57,4.084,2.799,421.69,1570.46,2661.62,77.7
1394.63,4.19,2.951,569.19,1805.68,2934.82,136.4
1394.64,4.15,2.925,575.64,1832.74,2854.81,131.4
1443.69,4.201,2.985,593.85,1888.74,2962.66,156.4
1249.89,4.106,2.84,449.41,1635.95,2648.21,91.1
1051.72,4.031,2.733,299.8,1356.73,2375.51,17.9
1310.66,4.129,2.808,466.03,1735.81,2733.94,100.5
1372.53,4.146,2.929,571.26,1810.81,2855.01,132.5
1024.08,3.974,2.716,308.25,1310.8,2379.33,16.8
1049.15,3.994,2.739,345.15,1418.4,2481.15,30.2
1030.83,3.957,2.677,277.58,1293.88,2339.83,3.1
1265.02,4.113,2.811,469.38,1694.76,2744.85,101.3
1453.88,4.129,2.93,583.94,1867.8,2901.04,150.9
1289.66,4.128,2.761,530.74,1781.94,2809.12,114.3
1476.43,4.199,3.023,653.41,1922.72,2946.23,167.0
1009.14,4.022,2.773,286.12,1326.8,2366.25,11.7
1456.93,4.19,2.996,623.48,1961.69,2948.11,153.6
1414.14,4.179,2.932,564.01,1860.42,2855.65,138.6
1159.45,4.065,2.787,386.18,1484.99,2535.36,54.1
1457.98,4.188,3.025,638.61,1948.29,3009.08,165.5
1120.48,4.049,2.74,349.18,1456.9,2544.0,49.7
1444.43,4.16,2.954,587.92,1980.19,2922.99,151.3
1391.71,4.18,2.935,616.9,1891.4,2901.76,149.8
1362.01,4.118,2.877,558.38,1828.03,2850.73,129.0
1306.97,4.13,2.827,452.26,1645.43,2785.85,96.2
1061.6,3.997,2.715,321.58,1350.01,2427.25,21.3
1216.36,4.105,2.857,452.59,1598.66,2748.18,90.9
1155.24,4.072,2.8,410.76,1520.75,2571.0,61.3
1370.52,4.18,2.867,555.62,1829.58,2870.24,134.9
1421.79,4.116,2.888,532.97,1855.21,2744.17,129.1
1491.89,4.175,2.943,620.77,1905.42,2931.88,154.9
1041.06,4.005,2.612,306.13,1276.17,2373.92,3.5
1386.69,4.195,2.922,571.71,1880.36,2879.99,137.7
1495.63,4.186,3.015,630.68,1951.24,2954.32,159.6
1356.4,4.144,2.913,539.54,1833.32,2857.5,134.4
1097.31,4.059,2.728,302.32,1360.76,2480.87,23.0
1073.13,4.024,2.694,286.88,1303.41,2353.1,14.7
1021.43,4.023,2.661,305.73,1279.99,2379.61,4.5
1330.13,4.098,2.837,486.78,1720.73,2811.08,107.3
1290.93,4.133,2.89,505.34,1684.14,2774.16,107.4
1461.01,4.176,3.064,635.0,1957.92,2955.68,167.8
1214.0,4.048,2.734,407.55,1587.87,2615.01,68.3
1156.89,4.072,2.766,373.17,1519.77,2567.21,57.1
1314.51,4.135,2.885,486.0,1724.2,2804.42,106.5
1449.62,4.154,2.95,547.17,1849.44,2874.03,140.5
1446.62,4.215,3.035,616.58,1957.57,2870.75,159.3
1388.5,4.152,2.872,557.19,1776.59,2826.19,136.7
1242.23,4.075,2.791,392.34,1535.55,2601.79,73.1
1321.48,4.123,2.84,501.36,1741.64,2750.73,108.3
1403.13,4.165,2.961,594.59,1868.89,2933.54,145.7
1209.61,4.119,2.78,430.69,1611.3,2648.56,83.9
1094.36,4.016,2.709,329.86,1435.57,2446.85,37.6
1068.77,4.012,2.724,359.37,1370.17,2404.51,29.7
1022.83,3.967,2.659,288.08,1260.78,2318.42,1.0
1349.41,4.179,2.889,492.45,1774.02,2813.95,122.4
1069.34,4.008,2.65,309.41,1357.64,2408.44,19.8
1098.47,4.027,2.776,346.74,1394.59,2513.84,42.2
1141.82,4.048,2.67,363.1,1490.01,2534.19,51.3
1216.13,4.125,2.853,482.81,1667.48,2639.41,95.7
1193.13,4.088,2.762,411.53,1554.62,2536.63,68.3
1354.38,4.121,2.821,520.18,1730.11,2761.51,115.0
1003.75,3.995,2.704,297.7,1314.5,2347.16,10.4
1079.84,3.988,2.74,332.43,1390.43,2463.86,21.9
1222.36,4.098,2.843,438.15,1644.23,2623.33,85.4
1181.39,4.087,2.798,390.44,1545.11,2570.46,57.9
1146.63,4.041,2.728,380.62,1452.52,2585.7,51.0
1054.17,4.018,2.707,293.68,1344.1,2396.5,12.3
1443.7,4.167,2.913,571.7,1900.6,2967.02,152.4
1367.0,4.114,2.873,492.1,1697.01,2847.59,117.9
1075.46,4.03,2.723,353.62,1388.14,2422.63,21.6
1025.6,4.052,2.689,312.22,1345.46,2400.49,12.0
1488.35,4.206,2.979,648.99,2025.0,2986.25,165.8
1319.1,4.125,2.849,534.56,1713.25,2857.3,116.1
1202.71,4.071,2.842,397.65,1570.11,2618.3,71.6
1328.41,4.176,2.886,510.62,1765.77,2767.33,119.6
1350.42,4.155,2.882,527.18,1847.68,2799.82,128.8
1384.77,4.139,2.902,588.91,1789.49,2829.42,132.8
1228.75,4.09,2.813,421.04,1600.83,2582.21,81.8
1231.1,4.085,2.742,437.7,1576.86,2670.71,73.7
1010.88,4.003,2.644,277.36,1308.77,2391.23,2.9
1409.51,4.215,2.966,618.06,1955.49,2986.54,157.6
1279.77,4.143,2.825,501.81,1698.64,2731.23,103.0
1061.01,4.038,2.785,348.0,1406.22,2417.86,35.3
1465.58,4.182,2.985,611.72,1935.02,2922.17,156.4
1410.77,4.19,2.964,645.65,1956.65,2962.07,155.6
1469.2,4.186,3.059,617.54,1966.81,2977.04,168.2
1421.2,4.193,2.893,579.51,1895.68,2913.35,148.7
1537.35,4.195,3.053,644.34,1991.25,2946.97,169.6
1093.04,4.052,2.719,372.45,1381.49,2447.72,42.4
1413.35,4.201,2.905,572.37,1819.73,2869.45,143.3
1417.21,4.174,2.963,586.23,1819.05,2922.94,140.1
1150.91,4.044,2.758,326.59,1428.22,2486.96,40.0
1076.51,4.001,2.672,329.34,1359.63,2359.72,17.6
1515.78,4.194,3.003,653.99,1965.47,2971.6,166.5
1164.37,4.03,2.716,357.25,1430.93,2577.42,51.0
1398.31,4.184,2.946,591.78,1928.6,2939.97,148.2
1027.48,3.949,2.694,281.29,1290.39,2287.29,1.7
1046.5,4.015,2.704,296.77,1286.36,2344.64,4.6
1197.69,4.103,2.768,449.1,1607.1,2641.27,79.7
1102.74,4.043,2.734,344.64,1408.32,2513.73,41.3
1312.7,4.125,2.868,522.25,1794.56,2741.67,117.6
1289.4,4.109,2.864,472.06,1681.54,2684.68,96.6
1046.63,3.972,2.727,307.91,1326.15,2416.9,14.1
1076.17,4.042,2.679,353.08,1377.71,2463.3,28.5
1152.85,4.069,2.72,406.72,1546.45,2559.7,66.6
1092.38,4.06,2.724,320.05,1418.03,2466.35,32.4
1372.1,4.164,2.893,569.76,1788.16,2839.33,134.9
1204.08,4.083,2.756,438.06,1540.73,2617.43,71.3
1026.41,4.019,2.684,312.76,1331.32,2417.68,16.8
1234.91,4.073,2.821,458.63,1601.95,2619.41,82.9
1042.93,4.001,2.661,303.61,1318.15,2370.24,16.4
1038.63,4.021,2.77,327.33,1388.44,2413.98,22.8
1084.44,4.035,2.718,331.73,1419.87,2464.09,41.5
1392.95,4.159,2.964,578.22,1859.52,2879.09,146.3
1452.79,4.179,2.967,618.45,1927.51,2962.48,157.3
1407.47,4.165,2.882,583.13,1911.44,2923.88,140.6
1166.76,4.107,2.759,392.53,1506.67,2523.73,57.5
1139.88,4.042,2.71,384.9,1448.82,2475.7,47.0
1243.03,4.092,2.827,439.28,1650.1,2658.46,93.8
1375.79,4.139,2.881,551.67,1734.93,2805.7,123.0
1485.21,4.229,3.046,636.26,1989.21,3049.2,168.9
1082.23,4.05,2.72,303.47,1374.0,2395.78,23.2
1032.67,4.041,2.729,313.52,1324.95,2410.1,9.3
1344.49,4.137,2.868,501.83,1762.2,2771.23,118.3
1402.29,4.178,2.909,596.84,1848.37,2832.34,141.6
1425.09,4.147,2.95,548.95,1908.68,2962.72,144.0
1326.75,4.126,2.879,500.83,1743.91,2774.14,115.7
1494.59,4.168,3.003,642.24,1934.84,3006.21,162.2
1222.89,4.107,2.852,458.16,1609.25,2699.03,87.4
1407.76,4.183,2.97,571.61,1923.13,2966.5,155.4
1457.6,4.198,3.071,625.36,1966.11,2968.72,164.6
1442.41,4.151,2.919,556.3,1865.91,2912.03,144.2
1145.09,4.073,2.782,379.97,1498.6,2520.98,53.3
1100.96,3.984,2.723,342.32,1408.17,2399.03,34.2
1235.15,4.101,2.83,458.11,1685.77,2676.71,93.6
1217.11,4.084,2.734,425.49,1592.94,2659.0,77.6
1406.7,4.134,3.021,578.76,1894.85,2958.56,149.3
1035.84,4.02,2.718,301.57,1330.48,2433.52,17.9
1115.58,4.042,2.775,376.96,1441.13,2495.2,44.6
1376.09,4.159,2.853,534.53,1777.65,2880.5,128.1
1069.42,4.051,2.712,302.54,1335.19,2348.35,17.1
1168.42,4.065,2.754,398.64,1511.32,2644.42,55.2
1144.77,4.092,2.745,386.32,1567.01,2581.46,66.4
1298.38,4.149,2.885,512.39,1719.16,2745.52,106.2
1077.35,4.034,2.726,353.36,1486.37,2381.36,27.7
1384.65,4.154,2.944,572.6,1902.13,2885.4,146.4
1213.27,4.052,2.812,438.95,1534.65,2651.69,76.6
1447.51,4.19,2.955,580.12,1948.14,2963.61,156.0
1235.35,4.081,2.804,433.93,1635.15,2579.72,80.1
1135.38,4.074,2.751,351.41,1457.12,2519.85,47.5
1061.59,4.011,2.722,332.55,1329.89,2351.75,25.0
1041.47,3.992,2.719,289.95,1227.43,2376.24,1.6
1198.13,4.079,2.805,451.73,1644.76,2730.2,90.9
1059.1,4.007,2.694,298.28,1320.02,2354.25,19.1
1142.52,4.054,2.76,419.34,1540.63,2594.25,67.2
1259.05,4.097,2.816,476.91,1678.05,2662.68,100.6
1146.76,4.048,2.782,356.13,1509.56,2489.99,47.6
1057.74,4.016,2.723,327.39,1421.58,2450.82,30.6
1341.43,4.206,2.935,549.94,1810.3,2849.6,131.9
1529.78,4.206,3.013,624.34,1946.21,2975.82,161.0
1023.92,4.034,2.682,317.35,1373.85,2398.28,18.0
1122.44,4.021,2.675,343.45,1386.71,2442.26,27.3
1473.28,4.194,2.974,647.5,1978.42,2947.55,163.2
1018.96,3.991,2.668,291.32,1339.61,2342.37,7.4
1501.6,4.248,3.069,646.15,1959.44,2986.2,166.2
1052.11,3.99,2.727,282.47,1310.88,2320.57,1.8
1401.4,4.162,2.956,611.71,1890.59,3021.42,148.7
1135.1,4.04,2.784,375.11,1420.22,2532.73,52.9
1486.85,4.194,2.981,623.97,1917.3,2902.55,159.6
1159.41,4.086,2.74,379.89,1466.44,2491.97,54.6
1342.15,4.15,2.88,509.51,1777.43,2773.18,111.6
1062.3,3.993,2.709,316.24,1328.53,2372.68,14.5
1164.03,4.026,2.763,376.81,1433.33,2478.51,42.0
1380.94,4.178,2.905,569.11,1871.3,2782.29,131.8
1257.51,4.144,2.805,455.24,1621.79,2623.37,90.3
1467.85,4.182,2.983,616.77,1932.3,2905.66,157.8
1200.41,4.105,2.797,415.12,1574.14,2571.42,73.5
1449.15,4.143,2.958,606.95,1897.89,2857.05,148.0
1219.47,4.068,2.766,429.32,1597.8,2652.22,76.9
1508.04,4.175,3.037,677.44,2000.29,2992.66,166.5
1501.1,4.2,2.972,630.75,1943.91,3006.53,163.2
1168.47,4.056,2.751,407.15,1446.66,2597.26,56.6
1449.27,4.181,2.933,621.8,1923.7,2931.15,150.7
1390.67,4.193,2.847,604.78,1826.94,2863.97,144.2
1091.18,4.022,2.799,341.11,1430.37,2496.36,36.6
1320.48,4.123,2.824,489.59,1737.04,2689.35,106.5
1081.97,3.98,2.674,302.21,1361.14,2350.48,13.3
1361.55,4.189,2.982,599.65,1870.29,2878.8,142.4
1075.1,4.05,2.69,328.13,1456.25,2447.84,30.5
1046.2,4.013,2.658,295.43,1284.41,2418.79,13.0
1168.58,4.077,2.774,418.93,1596.61,2556.21,68.6
1255.15,4.101,2.817,452.76,1657.27,2656.79,98.5
1431.75,4.142,2.924,596.9,1889.16,2961.77,145.5
1525.07,4.201,3.006,621.12,1984.67,3022.65,165.6
1158.25,4.098,2.785,416.11,1621.35,2738.08,75.3
1037.08,4.044,2.749,318.47,1286.3,2303.08,11.2
1375.13,4.14,2.845,532.44,1872.02,2834.05,127.6
1289.4,4.115,2.853,472.83,1607.38,2644.37,96.5
1221.01,4.107,2.839,443.39,1584.52,2689.34,76.7
1192.77,4.079,2.738,360.65,1506.12,2455.94,53.3
1239.9,4.084,2.82,447.51,1657.1,2622.11,85.9
1194.91,4.056,2.761,397.23,1466.65,2561.89,58.2
1351.54,4.139,2.845,522.73,1754.79,2838.88,128.9
1260.86,4.087,2.858,444.68,1695.52,2686.9,92.9
1401.46,4.204,2.956,619.13,1912.14,2933.41,149.2
1281.76,4.106,2.805,442.93,1598.78,2730.29,92.9
1114.02,4.039,2.694,349.5,1424.37,2499.92,41.3
1426.76,4.174,2.956,553.49,1863.0,2881.51,144.8
1258.13,4.109,2.83,453.45,1699.91,2664.15,95.2
1117.93,4.03,2.75,356.5,1407.2,2473.85,36.0
1308.94,4.106,2.863,504.93,1708.98,2760.4,106.4
1145.98,4.097,2.745,405.85,1515.22,2587.0,61.5
1390.78,4.156,2.835,580.33,1930.2,2881.02,143.7
1214.91,4.067,2.791,411.06,1618.01,2558.55,77.6
1368.2,4.141,2.879,537.69,1811.67,2837.48,123.8
1102.43,4.054,2.712,304.65,1348.73,2367.21,17.1
1196.18,4.057,2.825,382.95,1555.73,2594.68,67.9
1515.76,4.211,3.045,642.76,1959.67,2991.25,167.2
1354.61,4.155,2.94,584.58,1878.86,2814.68,137.6
1133.36,4.03,2.733,347.09,1374.81,2429.56,28.0
1149.71,4.068,2.708,385.08,1428.55,2522.79,47.9
1156.83,4.026,2.723,389.1,1498.87,2576.47,56.7
1308.48,4.109,2.89,487.1,1734.7,2685.32,110.9
1340.01,4.167,2.87,552.83,1854.24,2771.58,128.9
1343.24,4.15,2.904,543.21,1833.94,2805.5,127.7
1290.57,4.102,2.78,443.8,1601.87,2652.81,87.2
1371.46,4.175,2.943,576.53,1885.68,2803.18,138.0
1182.7,4.065,2.798,428.28,1501.3,2590.18,74.9
1050.18,4.038,2.705,310.32,1374.2,2354.84,21.9
1239.58,4.125,2.847,457.96,1650.51,2656.37,96.4
1473.68,4.195,3.018,611.02,1920.82,2968.95,161.9
1413.92,4.166,2.89,562.86,1805.63,2835.16,135.0
1261.33,4.135,2.832,486.96,1725.52,2663.97,98.8
1276.45,4.114,2.875,490.77,1745.22,2788.81,110.3
1468.54,4.199,3.024,602.58,1957.48,2921.56,158.3
1202.38,4.116,2.784,425.9,1602.04,2664.41,73.4
1183.85,4.073,2.816,408.77,1497.35,2471.74,57.0
1475.85,4.191,3.015,669.45,2023.63,3010.02,166.2
1417.99,4.218,2.901,611.79,1887.93,2904.66,146.9
1151.25,4.063,2.718,381.56,1404.04,2527.3,55.6
1222.83,4.116,2.797,417.43,1646.54,2624.81,79.4
1187.71,4.069,2.785,422.81,1475.02,2599.53,71.1
1064.55,4.044,2.723,326.1,1370.74,2429.29,26.2
1430.1,4.18,2.995,627.81,1989.81,3021.94,162.9
1178.35,4.082,2.848,438.45,1485.34,2588.11,69.3
1448.83,4.162,3.0,615.01,1899.32,2963.0,148.9
1116.94,4.069,2.694,348.99,1401.23,2437.62,33.0
1249.59,4.101,2.819,460.29,1686.6,2694.28,93.6
1058.96,3.974,2.694,290.95,1309.54,2331.01,5.0
1370.77,4.153,2.92,523.85,1779.1,2768.25,130.2
1244.25,4.123,2.787,489.88,1663.72,2681.32,99.2
1258.75,4.121,2.796,510.82,1683.83,2806.5,106.7
1068.22,3.986,2.661,287.19,1257.72,2324.2,9.7
1095.77,4.056,2.778,336.75,1401.42,2496.4,36.7
1016.71,4.032,2.683,319.75,1372.98,2286.93,13.6
1083.08,4.019,2.776,366.18,1488.07,2500.5,49.8
1291.09,4.105,2.866,509.11,1730.16,2762.16,107.0
1280.51,4.106,2.823,456.88,1636.12,2701.16,96.7
1275.85,4.108,2.868,481.48,1647.59,2749.48,104.5
1235.71,4.116,2.786,470.03,1677.13,2592.21,93.8
1118.72,4.085,2.734,361.03,1493.97,2464.85,47.1
1150.87,4.035,2.675,351.0,1448.85,2461.74,42.3
1038.48,4.051,2.719,317.48,1393.38,2374.62,24.2
1400.68,4.139,2.916,593.28,1873.59,2891.17,144.5
1325.74,4.129,2.91,502.27,1710.96,2664.92,105.2
1106.81,4.018,2.729,345.95,1382.52,2434.52,32.5
1094.92,4.038,2.75,325.24,1409.41,2519.57,30.9
1413.49,4.138,2.972,613.75,1896.36,2897.92,148.5
1360.97,4.121,2.888,541.98,1821.31,2757.81,126.5
1303.74,4.138,2.889,520.36,1764.46,2806.94,112.4
1172.19,4.064,2.783,391.48,1547.06,2571.97,69.8
1100.53,4.039,2.76,379.83,1471.44,2436.49,45.3
1508.05,4.232,3.112,635.02,1963.13,2977.68,166.5
1387.44,4.16,2.92,554.16,1898.11,2838.67,135.7
1153.22,4.072,2.739,381.34,1526.03,2529.88,52.0
1419.7,4.153,2.918,551.45,1891.31,2896.18,144.2
1379.73,4.123,2.895,550.07,1792.54,2855.05,129.3
1136.87,4.052,2.757,369.57,1487.75,2528.2,51.2
1190.89,4.05,2.789,438.93,1535.29,2699.6,73.1
1073.83,4.016,2.68,342.45,1416.07,2420.34,32.4
1026.99,4.019,2.643,300.92,1289.13,2343.21,19.8
1321.75,4.14,2.854,517.97,1755.83,2772.2,123.1
1120.85,4.054,2.748,327.21,1470.91,2547.26,46.2
1361.05,4.174,2.927,606.88,1903.32,2808.72,139.6
1462.97,4.175,3.086,610.42,2007.59,3034.73,169.3
1074.06,3.988,2.714,297.67,1320.42,2460.48,13.9
1230.64,4.046,2.785,445.38,1576.01,2695.18,80.9
1380.22,4.151,2.886,584.84,1832.54,2846.14,136.5
1441.34,4.171,2.926,584.38,1784.95,2881.36,134.3
1328.06,4.18,2.905,543.77,1804.21,2870.47,129.4
1191.23,4.068,2.734,398.53,1582.83,2539.4,60.0
1213.08,4.113,2.814,422.8,1595.0,2583.7,77.7
1304.32,4.123,2.866,456.21,1706.0,2720.17,101.5
1488.09,4.197,3.057,622.42,1923.94,3017.22,165.6
1110.23,4.047,2.79,358.05,1543.85,2595.62,56.4
1459.53,4.136,2.963,620.01,1986.05,2950.79,157.0
1139.2,4.072,2.773,359.56,1467.6,2494.99,46.5
1439.05,4.197,3.052,642.18,2009.92,2987.54,168.2
1371.34,4.159,2.924,518.98,1728.98,2850.79,114.3
1228.26,4.069,2.824,434.55,1589.82,2641.52,79.3
1310.72,4.168,2.856,496.57,1787.82,2764.09,104.7
1103.09,4.043,2.799,392.9,1449.31,2551.92,47.1
1150.23,4.035,2.733,354.34,1519.39,2496.46,47.3
1090.63,4.011,2.728,288.45,1416.37,2374.02,20.2
1069.94,4.018,2.778,308.0,1368.35,2407.63,20.3
1166.0,4.062,2.791,387.45,1512.2,2525.14,59.8
1348.43,4.14,2.903,552.98,1778.53,2816.96,129.9
1285.79,4.082,2.833,495.41,1719.2,2649.17,103.7
1046.0,3.997,2.68,297.36,1347.83,2433.31,18.3
1432.73,4.191,2.933,566.03,1882.85,2863.0,145.0
1266.64,4.099,2.815,502.47,1683.86,2776.25,102.6
1492.17,4.157,3.011,636.95,1978.61,2934.79,163.4
1301.72,4.11,2.86,514.17,1763.01,2719.6,114.3
1083.01,4.026,2.755,339.04,1395.44,2371.38,30.6
1240.8,4.075,2.788,436.75,1640.8,2551.95,81.1
1294.05,4.121,2.837,496.94,1732.35,2821.57,110.6
1044.48,3.981,2.72,281.4,1293.39,2374.15,5.8
1036.64,4.015,2.711,280.22,1255.36,2341.15,3.5
1063.29,4.028,2.707,353.75,1359.13,2465.69,22.9
1152.0,4.088,2.761,386.08,1446.95,2455.31,43.5
1206.29,4.073,2.78,432.68,1500.08,2570.87,73.6
1259.51,4.087,2.798,438.46,1630.7,2656.35,83.4
1118.55,4.044,2.763,332.31,1398.72,2393.78,24.3
1318.3,4.14,2.86,488.78,1817.36,2825.88,114.8
1301.4,4.097,2.825,494.95,1666.45,2847.02,101.7
1126.12,4.064,2.754,369.26,1475.33,2564.41,50.8
996.49,4.002,2.631,288.2,1301.87,2346.49,3.3
1043.54,3.972,2.698,307.55,1329.03,2378.18,14.1
1152.52,4.06,2.786,402.89,1524.43,2652.14,67.2
1057.05,4.027,2.78,340.68,1337.97,2429.74,27.0
1194.46,4.099,2.777,424.38,1538.53,2598.61,64.7
1288.52,4.136,2.861,505.22,1754.82,2705.65,107.2
1278.82,4.094,2.833,462.48,1658.76,2670.42,93.5
1121.4,4.025,2.806,336.51,1432.92,2498.05,40.1
1210.75,4.079,2.796,389.85,1524.69,2601.02,59.1
1307.35,4.071,2.8,485.73,1730.11,2728.42,104.8
1450.95,4.155,2.983,600.31,1902.47,2923.7,146.5
1375.75,4.177,2.867,532.79,1773.9,2789.87,128.3
1271.87,4.113,2.804,450.48,1676.87,2711.79,94.5
1202.08,4.052,2.731,399.98,1507.29,2609.96,62.2
1190.95,4.043,2.826,410.24,1506.47,2569.73,62.7
1438.43,4.192,2.992,598.3,1874.41,2911.11,149.6
1037.81,4.001,2.732,309.62,1302.56,2332.18,7.6
1506.69,4.193,3.086,625.36,1974.5,2973.57,168.0
1302.94,4.137,2.882,513.67,1735.88,2824.42,113.3
1310.46,4.137,2.857,494.0,1727.2,2759.99,116.1
1067.8,4.001,2.701,334.78,1331.19,2348.45,7.4
1336.58,4.091,2.825,503.72,1689.5,2693.01,103.3
1207.45,4.072,2.778,444.28,1591.61,2646.62,82.9
1043.41,4.028,2.69,290.21,1298.84,2434.51,18.9
1163.2,4.06,2.82,346.84,1517.55,2464.48,48.0
1452.46,4.185,2.952,629.21,1868.54,2886.43,151.5
1279.32,4.094,2.853,445.16,1669.23,2752.67,93.9
1219.16,4.093,2.846,420.62,1582.17,2579.02,70.9
1040.36,3.999,2.726,332.0,1315.75,2406.58,13.3
1353.56,4.166,2.856,528.07,1794.29,2785.05,121.7
1345.79,4.123,2.853,504.01,1788.17,2765.98,119.8
1272.78,4.109,2.847,460.26,1732.72,2825.94,104.8
1250.87,4.095,2.879,453.54,1649.9,2657.78,87.2
1237.29,4.099,2.832,403.71,1567.44,2640.68,74.3
1275.49,4.114,2.853,478.94,1680.23,2717.08,101.3
1118.7,4.041,2.732,337.22,1497.78,2472.14,40.4
1472.33,4.18,3.011,614.33,1987.22,3009.93,160.1
1274.5,4.12,2.841,468.65,1668.02,2703.86,100.5
1166.53,4.055,2.763,374.45,1500.15,2493.17,53.6
1196.88,4.069,2.767,414.79,1600.04,2613.47,77.0
1426.76,4.162,2.891,568.63,1850.08,2868.92,137.2
1099.41,4.028,2.732,345.9,1439.92,2412.83,28.3
1117.9,4.099,2.718,366.93,1474.35,2493.26,50.5
1369.92,4.121,2.847,516.49,1753.44,2730.12,115.8
1155.76,4.04,2.759,365.76,1517.93,2513.21,54.3
1368.36,4.162,2.922,535.3,1812.3,2799.46,134.9
1098.12,3.999,2.748,327.59,1350.31,2372.17,23.0
1383.04,4.129,2.861,559.57,1862.23,2868.57,129.9
1000.29,3.977,2.664,274.7,1323.61,2412.2,12.6
1008.74,3.978,2.729,286.3,1263.42,2334.54,3.1
1450.42,4.164,3.019,610.73,1926.49,2869.73,152.8
1223.92,4.087,2.802,478.69,1687.8,2694.54,99.2
1170.27,4.06,2.742,383.1,1558.84,2604.64,60.5
1118.49,3.992,2.755,353.66,1468.39,2497.16,40.3
1266.09,4.13,2.846,501.88,1715.73,2690.67,105.3
1249.15,4.086,2.812,434.44,1680.61,2697.12,87.0
1495.46,4.19,3.039,669.47,2031.73,2979.11,168.6
1460.78,4.208,3.068,621.5,1997.66,2963.43,167.2
1327.81,4.131,2.843,508.5,1697.57,2763.29,108.3
1231.6,4.071,2.784,424.29,1637.05,2616.45,75.8
1226.5,4.103,2.772,433.09,1656.03,2722.79,84.0
1324.03,4.165,2.891,486.13,1721.79,2810.6,116.3
1076.53,3.992,2.698,330.89,1328.86,2388.85,18.2
1152.38,4.075,2.76,370.06,1462.25,2568.33,56.5
999.18,3.985,2.739,304.94,1296.9,2338.31,13.7
1058.83,4.03,2.671,311.91,1365.89,2435.35,13.4
1078.16,4.018,2.727,377.13,1413.24,2470.01,34.1
1221.16,4.078,2.757,433.34,1593.8,2739.71,83.0
1418.78,4.178,2.893,556.34,1857.48,2823.15,133.6
1227.67,4.107,2.842,444.98,1639.14,2566.68,83.0
1160.69,4.048,2.717,388.2,1547.34,2538.64,57.7
1063.12,4.011,2.712,296.02,1352.13,2293.24,14.9
1275.19,4.092,2.871,484.92,1680.05,2784.9,94.0
1108.68,4.016,2.764,358.4,1437.78,2502.36,46.8
1293.18,4.123,2.826,494.25,1711.08,2684.39,104.9
1488.09,4.188,3.004,636.32,1981.31,2960.44,166.1
1069.25,3.996,2.653,306.81,1282.83,2333.06,19.8
1112.8,4.062,2.78,362.23,1432.43,2427.68,36.8
1289.75,4.072,2.788,438.23,1553.75,2706.82,81.0
1452.99,4.196,2.973,602.91,1997.22,2998.35,164.7
1399.99,4.174,2.872,554.63,1813.45,2866.7,131.4
1473.03,4.174,2.936,594.84,1910.19,2942.9,152.8
1172.16,4.046,2.748,362.03,1490.98,2547.37,57.4
1479.26,4.204,3.135,660.7,1975.51,2936.33,168.7
1100.52,4.022,2.737,301.95,1340.69,2404.27,18.4
983.48,4.02,2.713,302.94,1342.08,2452.99,10.0
1403.17,4.207,2.979,599.47,1856.07,2939.02,145.6
1488.71,4.176,3.044,613.46,1943.93,2965.01,157.7
1044.54,4.014,2.722,313.59,1402.68,2375.08,16.3
1103.25,3.99,2.754,306.31,1334.52,2369.42,20.2
992.41,4.011,2.675,309.97,1300.65,2482.47,6.6
1031.8,4.017,2.683,311.17,1373.92,2425.14,18.7
1091.1,4.031,2.702,353.72,1485.37,2464.95,36.4
1493.64,4.181,3.037,658.92,2023.28,2970.56,164.9
1315.96,4.124,2.783,480.18,1743.05,2737.44,113.9
1366.79,4.158,2.945,542.69,1841.89,2910.36,132.6
1413.28,4.134,2.89,549.37,1822.05,2856.67,132.2
1292.92,4.097,2.843,458.88,1682.54,2705.98,91.4
1378.72,4.158,2.872,570.13,1840.84,2812.5,135.8
1242.37,4.085,2.871,498.19,1745.17,2745.02,101.7
1097.19,4.036,2.8,368.3,1434.68,2532.76,54.2
1273.87,4.095,2.83,463.68,1687.12,2715.18,95.8
1270.72,4.134,2.834,473.21,1671.07,2669.22,91.2
1404.52,4.147,2.896,576.96,1788.56,2874.41,140.2
1487.95,4.195,3.046,616.13,1936.74,3007.59,166.9
1175.52,4.056,2.812,385.54,1600.06,2561.09,70.5
1387.42,4.135,2.89,539.33,1834.25,2798.22,130.0
1099.57,3.983,2.754,320.78,1369.25,2320.12,17.9
1322.71,4.167,2.851,560.25,1879.17,2852.35,132.3
1175.23,4.042,2.763,385.21,1522.16,2589.08,63.8
1008.47,4.018,2.638,305.12,1355.38,2311.54,7.7
1136.13,4.076,2.78,399.6,1614.55,2515.48,62.4
1264.29,4.117,2.836,469.36,1742.96,2730.49,104.2
1075.27,4.035,2.707,309.22,1371.58,2429.64,21.2
1467.76,4.246,3.008,586.49,1939.44,2880.53,157.2
1084.95,4.017,2.695,288.22,1337.01,2357.24,14.1
1461.15,4.163,3.075,590.07,1950.97,2996.61,158.2
1297.74,4.169,2.901,500.46,1777.32,2768.24,120.5
1152.06,4.064,2.763,409.71,1470.15,2520.68,56.7
1151.49,4.115,2.757,399.25,1559.02,2613.53,67.0
1329.04,4.136,2.862,510.75,1808.68,2815.33,126.2
1302.46,4.142,2.852,488.33,1739.23,2744.14,102.6
1328.3,4.131,2.848,513.8,1767.19,2808.72,114.5
1200.1,4.126,2.807,407.59,1523.16,2643.43,66.8
1223.2,4.087,2.802,426.51,1582.69,2695.47,83.4
1514.06,4.258,3.056,654.7,1991.94,3067.44,168.3
1096.02,4.045,2.737,330.6,1396.87,2545.11,37.2
1226.75,4.095,2.78,426.57,1569.82,2628.1,71.6
1149.48,4.086,2.761,385.27,1456.45,2524.44,50.3
1366.78,4.135,2.962,546.42,1858.31,2829.45,130.3
1376.68,4.17,2.916,524.96,1836.72,2810.25,130.1
1140.7,4.046,2.765,384.24,1506.96,2449.9,50.4
1089.88,4.011,2.728,298.41,1328.25,2358.21,14.8
1027.55,3.995,2.686,291.47,1292.74,2378.61,2.9
1203.31,4.092,2.759,428.4,1599.84,2578.26,73.2
1189.34,4.088,2.692,399.9,1571.11,2654.66,70.3
1514.55,4.186,2.994,676.87,2012.21,2990.84,168.0
1241.18,4.092,2.822,432.44,1582.2,2682.5,80.4
1118.21,3.998,2.755,350.47,1477.92,2537.33,44.3
1410.73,4.197,2.959,616.17,1898.32,2899.13,151.6
1211.16,4.128,2.876,464.03,1680.51,2723.03,84.0
1282.19,4.12,2.838,450.16,1702.42,2801.73,102.3
1089.63,3.979,2.636,290.59,1375.88,2411.0,17.2
1176.25,4.086,2.798,390.91,1527.42,2490.61,65.7
1453.95,4.173,3.037,656.38,1950.27,2927.9,160.6
1237.95,4.118,2.857,470.28,1681.57,2657.99,100.6
1202.62,4.077,2.801,412.29,1460.78,2548.05,59.2
1314.32,4.133,2.795,494.69,1636.96,2718.36,106.7
1470.03,4.203,2.979,587.87,1921.97,2956.1,154.9
1156.92,4.051,2.723,379.41,1407.71,2457.02,47.3
1236.38,4.1,2.825,450.67,1636.65,2567.72,86.4
1478.96,4.206,3.062,618.26,1963.12,3010.5,163.0
1125.59,4.026,2.713,324.31,1310.0,2480.84,30.1
1352.68,4.128,2.901,512.99,1769.89,2715.5,122.6
1309.15,4.129,2.817,477.69,1707.07,2714.66,104.8
1349.32,4.111,2.866,522.52,1798.37,2764.28,115.9
1183.93,4.063,2.752,378.19,1504.61,2534.48,60.4
1147.62,4.029,2.812,380.52,1442.88,2584.67,54.0
1329.04,4.123,2.836,519.16,1706.32,2789.73,116.6
1126.51,4.026,2.737,346.76,1408.39,2396.5,37.4
1219.08,4.059,2.827,391.06,1537.2,2633.19,71.9
1124.38,4.053,2.67,350.3,1399.11,2454.47,32.8
1033.94,4.013,2.702,269.01,1289.85,2332.74,2.4
1498.11,4.22,3.032,627.71,1992.81,3005.78,164.9
1194.21,4.078,2.768,412.63,1592.33,2535.45,74.0
1468.27,4.185,3.064,635.54,1958.16,2977.97,164.8
1094.2,4.037,2.769,325.96,1391.68,2437.98,24.7
1266.55,4.116,2.855,486.94,1642.09,2694.56,100.3
1100.2,4.036,2.722,338.35,1418.15,2439.73,35.0
1419.62,4.105,2.867,539.54,1845.21,2837.96,134.5
1412.28,4.17,2.913,571.43,1837.77,2886.9,133.4
1070.54,4.027,2.706,310.26,1323.02,2355.4,20.0
1443.64,4.182,2.975,607.58,1904.06,2931.32,155.1
1094.88,4.048,2.715,326.05,1429.11,2434.14,33.9
1315.4,4.131,2.826,473.49,1694.17,2792.64,104.6
1491.01,4.183,3.051,665.06,2006.51,2994.92,167.6
1420.84,4.171,2.921,576.68,1890.83,2918.17,150.1
1506.06,4.171,3.045,611.82,2051.84,2886.21,162.7
1168.45,4.092,2.742,381.91,1503.87,2498.17,58.9
1045.62,4.033,2.713,318.98,1385.21,2423.37,18.8
1107.22,4.014,2.718,324.61,1476.72,2441.69,32.8
1262.54,4.108,2.828,420.55,1658.05,2683.35,85.6
1361.63,4.162,2.93,540.81,1830.6,2890.23,135.1
1073.85,4.009,2.735,321.24,1376.53,2471.67,26.4
1311.19,4.131,2.824,489.72,1642.01,2721.77,112.5
1166.53,4.076,2.755,415.83,1428.69,2609.94,55.7
1179.07,4.081,2.813,418.11,1510.75,2565.38,58.7
1304.69,4.176,2.85,523.08,1725.39,2786.08,112.9
1184.83,4.091,2.83,437.74,1567.07,2563.47,79.9
1422.63,4.156,2.921,572.72,1856.47,2895.88,138.2
1053.32,4.035,2.711,349.05,1365.68,2394.27,27.4
1391.86,4.152,2.916,559.7,1809.59,2860.64,134.5
1039.6,3.993,2.676,289.87,1351.87,2441.24,11.9
1101.78,4.013,2.756,372.73,1370.64,2468.85,33.8
1356.82,4.06,2.832,511.95,1759.5,2773.03,111.9
1495.84,4.184,2.959,607.18,1895.28,2916.63,145.5
1082.57,4.011,2.775,386.52,1490.58,2462.6,43.7
1181.47,4.042,2.774,357.1,1487.22,2480.21,56.3
1252.18,4.109,2.802,444.76,1610.88,2708.44,91.8
1131.53,4.029,2.739,343.28,1402.27,2469.72,36.8
1420.3,4.204,2.899,574.19,1853.54,2922.42,138.1
1411.69,4.123,2.897,564.67,1856.03,2808.19,131.7
1083.92,4.066,2.703,325.06,1400.32,2369.58,25.6
1198.39,4.116,2.775,450.35,1591.81,2662.72,79.4
1400.27,4.171,2.923,560.56,1824.98,2819.18,131.9
1164.45,4.09,2.793,396.03,1529.48,2487.11,58.0
1298.0,4.131,2.881,490.13,1753.2,2725.64,108.0
1025.24,3.968,2.705,302.96,1322.23,2316.01,9.5
1316.72,4.129,2.886,489.46,1712.21,2671.08,103.9
1120.01,3.993,2.7,342.67,1388.29,2442.75,26.8
1376.88,4.154,2.969,555.17,1877.61,2906.59,141.4
1185.35,4.064,2.796,403.71,1529.4,2548.97,61.1
1126.95,4.032,2.751,343.96,1439.7,2585.54,48.6
1375.63,4.186,2.942,566.54,1828.83,2880.69,143.1
1040.81,3.997,2.729,307.32,1286.07,2383.32,9.5
1168.05,4.082,2.799,394.7,1536.44,2527.43,68.0
1137.07,4.068,2.78,398.54,1551.27,2525.02,63.5
1118.17,4.053,2.737,355.89,1463.74,2556.91,49.1
1425.18,4.164,2.95,619.2,1937.73,2986.61,155.1
1348.34,4.125,2.897,542.23,1811.41,2820.56,127.9
1009.62,4.002,2.666,301.76,1336.43,2391.42,11.8
1335.73,4.121,2.901,543.21,1769.29,2817.16,121.8
1233.46,4.129,2.763,460.33,1622.35,2699.32,90.1
1454.29,4.152,2.979,612.82,1873.85,2891.54,153.2
1165.24,4.103,2.749,395.58,1501.45,2635.74,53.9
1280.85,4.117,2.817,489.81,1588.45,2839.3,98.0
1232.5,4.097,2.8,430.06,1629.82,2634.5,85.6
1226.42,4.083,2.719,451.29,1643.5,2646.42,83.7
1196.02,4.1,2.782,434.69,1588.31,2660.71,78.1
1082.42,4.03,2.706,364.16,1428.2,2499.26,35.8
1384.6,4.155,2.87,524.19,1799.97,2812.33,128.7
1170.68,4.102,2.888,416.13,1589.21,2655.04,77.3
1474.73,4.205,2.974,628.16,1962.91,2964.94,163.0
1118.92,4.07,2.757,382.98,1476.07,2452.09,45.1
1344.11,4.145,2.844,509.56,1749.79,2770.26,116.4
1431.24,4.169,2.972,622.49,1918.34,2971.31,160.0
1319.57,4.088,2.82,495.94,1753.79,2786.14,113.1
1437.32,4.177,2.986,604.22,1896.76,2878.78,148.2
1357.48,4.168,2.965,583.75,1846.26,2870.52,140.8
1145.1,4.105,2.751,386.6,1543.96,2597.89,61.9
1284.97,4.114,2.866,465.86,1757.17,2750.33,102.4
1094.32,4.031,2.69,340.9,1397.73,2427.75,27.4
1259.87,4.119,2.807,464.76,1674.0,2679.78,91.5
1127.59,4.05,2.758,342.3,1438.81,2525.85,39.9
1333.75,4.163,2.861,548.98,1846.79,2871.55,126.7
1211.94,4.085,2.794,463.95,1664.25,2660.48,90.2
1197.83,4.058,2.784,430.8,1544.06,2482.37,70.5
1099.83,4.042,2.748,377.22,1478.65,2436.45,46.4
1477.63,4.156,3.053,644.32,2011.94,2940.2,169.8
1069.29,4.005,2.769,292.94,1314.88,2367.09,13.1
1039.16,3.987,2.671,326.57,1345.3,2377.01,8.4
1093.61,4.043,2.763,340.41,1387.27,2497.88,37.7
1466.31,4.189,3.048,609.28,1988.66,2943.81,165.1
1503.85,4.175,3.016,622.38,1970.89,2962.66,166.5
1320.21,4.154,2.871,472.43,1689.48,2759.15,111.7
1403.19,4.177,2.932,614.63,1910.86,2912.7,149.7
1057.68,4.053,2.736,374.4,1410.54,2446.99,37.2
1531.35,4.198,3.056,640.98,1960.73,3083.0,165.3
1045.17,4.03,2.701,301.2,1342.67,2431.73,25.1
1071.38,3.985,2.721,330.93,1406.71,2347.82,18.1
1100.59,4.04,2.694,323.15,1280.04,2398.61,20.0
1277.52,4.128,2.835,489.7,1612.64,2690.9,97.9
1365.32,4.154,2.91,562.83,1847.62,2838.58,133.0
1139.32,4.074,2.76,376.22,1543.09,2533.25,63.0
1451.58,4.215,2.984,649.82,1941.12,2951.05,166.3
1216.06,4.074,2.813,397.17,1559.34,2537.14,74.4
1115.26,3.991,2.779,315.99,1398.46,2414.66,26.4
1211.76,4.081,2.802,447.22,1591.6,2636.74,79.7
1313.34,4.136,2.848,527.15,1779.45,2757.07,115.8
1425.09,4.164,2.937,561.47,1869.42,2920.76,141.6
1201.06,4.113,2.831,412.05,1579.04,2629.12,78.5
1290.88,4.096,2.875,479.43,1648.76,2723.77,101.3
1130.96,4.03,2.774,394.1,1457.79,2511.79,46.2
1300.1,4.105,2.868,507.71,1711.77,2756.27,110.2
1491.72,4.206,3.071,678.87,2018.94,2992.5,167.6
1080.75,3.971,2.701,295.43,1340.32,2301.25,9.3
1452.17,4.191,2.932,612.37,1904.91,2966.72,150.8
1295.78,4.09,2.815,462.4,1668.49,2646.74,96.0
1100.18,4.028,2.733,347.15,1438.07,2528.78,43.6
1502.13,4.226,3.021,615.2,1949.03,2982.66,162.4
1245.97,4.117,2.75,443.29,1580.26,2625.7,82.7
1121.43,4.063,2.778,404.61,1506.62,2560.97,57.1
1105.79,4.003,2.666,332.12,1392.05,2433.34,31.7
1106.93,4.083,2.753,378.03,1488.62,2526.31,42.3
1369.34,4.161,2.966,603.36,1860.68,2856.5,141.8
1297.67,4.124,2.87,500.05,1779.94,2735.59,104.8
1465.17,4.2,2.952,615.78,1987.02,2910.58,155.3
1118.05,4.0,2.757,342.69,1413.73,2439.77,40.2
1063.85,4.004,2.734,338.34,1357.6,2400.22,21.5
1011.01,3.991,2.74,268.76,1236.68,2384.42,2.0
1303.49,4.1,2.821,456.03,1617.45,2683.45,86.8
1469.48,4.174,3.114,629.89,2009.91,2992.94,169.7
1357.24,4.143,2.859,502.9,1773.58,2786.57,118.4
1148.73,4.056,2.731,376.52,1464.06,2465.85,53.1
1410.42,4.208,2.981,605.45,1902.56,2881.25,149.2
1379.51,4.174,2.933,569.37,1847.52,2819.27,133.1
988.2,3.989,2.671,288.52,1285.58,2341.11,3.6
1384.53,4.158,2.887,562.83,1899.56,2913.33,139.0
1143.61,4.074,2.758,363.0,1480.13,2518.16,51.8
1039.88,4.028,2.721,337.83,1331.5,2432.18,26.3
1124.45,4.011,2.744,360.89,1383.42,2476.34,39.2
1198.81,4.131,2.826,435.32,1590.48,2643.32,80.2
1165.84,4.06,2.818,421.65,1534.78,2608.53,72.8
1112.54,4.101,2.752,395.07,1426.13,2532.32,49.8
1142.7,4.036,2.694,349.42,1381.62,2410.45,30.1
1320.99,4.138,2.877,524.96,1841.71,2872.37,129.8
1505.34,4.151,3.041,658.78,1978.39,2950.53,168.3
1359.85,4.169,2.902,573.37,1839.45,2784.71,132.4
1133.97,4.022,2.738,361.05,1522.73,2529.0,51.0
1135.02,4.049,2.734,371.05,1455.66,2484.21,42.4
1121.86,4.075,2.737,393.33,1397.51,2455.99,37.8
1056.13,3.997,2.697,330.67,1369.61,2399.33,24.1
1229.12,4.121,2.833,459.49,1648.46,2719.76,94.2
1305.46,4.101,2.895,482.04,1716.23,2696.51,103.3
1354.66,4.161,2.871,524.97,1780.87,2758.09,120.2
1320.71,4.135,2.846,489.2,1747.96,2801.73,116.0
1152.15,4.052,2.762,347.82,1479.5,2551.01,50.4
1147.15,4.084,2.738,388.78,1494.02,2512.28,56.8
1307.82,4.146,2.863,512.65,1709.47,2832.54,116.2
1167.15,4.048,2.747,401.09,1458.89,2546.61,60.1
1118.77,4.071,2.702,342.43,1448.25,2451.45,36.9
1186.25,4.039,2.747,400.85,1565.45,2581.27,64.3
1144.76,4.054,2.728,379.84,1468.64,2508.7,47.0
1033.84,3.993,2.674,275.03,1366.1,2415.43,15.9
1446.07,4.135,2.968,561.0,1920.65,2978.27,141.3
1410.34,4.147,2.955,576.75,1873.15,2858.2,145.2
1105.93,4.036,2.764,346.52,1404.97,2455.76,38.1
1010.15,4.012,2.66,281.12,1344.16,2353.47,11.9
1353.32,4.167,2.88,522.92,1842.14,2898.06,125.9
1118.62,4.065,2.746,356.81,1401.1,2398.06,36.7
1206.46,4.079,2.828,413.15,1592.37,2579.97,67.5
1081.91,3.996,2.678,260.3,1310.34,2388.11,11.8
1124.77,4.059,2.698,347.57,1438.14,2518.21,39.2
1393.57,4.144,2.918,556.84,1830.06,2844.83,135.0
1381.6,4.127,2.897,550.12,1857.15,2916.48,136.9
1086.83,4.053,2.783,342.8,1386.73,2428.64,36.0
1185.11,4.088,2.78,392.49,1538.43,2529.72,57.8
1095.88,4.003,2.707,333.42,1319.63,2342.5,23.7
1020.07,4.046,2.694,306.59,1300.34,2406.64,13.5
1513.67,4.21,3.06,656.11,2032.81,2958.7,168.7
1331.51,4.137,2.803,503.26,1806.06,2756.02,111.8
1230.68,4.094,2.822,425.3,1639.03,2745.74,92.6
1385.67,4.171,2.885,545.53,1866.28,2800.36,130.4
1385.63,4.136,2.954,560.56,1915.56,2936.87,143.0
1333.26,4.153,2.892,566.49,1863.64,2909.37,137.3
1019.47,3.98,2.711,285.47,1275.75,2330.97,3.8
1101.03,4.004,2.744,335.21,1446.47,2446.17,32.6
1312.03,4.145,2.862,490.26,1732.01,2739.4,111.7
1250.86,4.077,2.811,394.11,1549.57,2571.04,64.5
1499.62,4.212,2.989,646.59,1921.51,2962.23,167.0
1323.93,4.125,2.874,493.27,1733.35,2836.01,113.5
1486.4,4.211,3.013,620.91,1947.92,2975.47,162.7
1089.89,4.035,2.729,316.89,1418.16,2498.79,35.0
1448.01,4.162,2.918,593.47,1885.57,2878.61,147.0
1163.24,4.046,2.717,362.6,1482.11,2592.76,55.3
1502.01,4.158,3.085,645.64,1991.76,3027.79,168.2
1066.47,4.047,2.745,340.35,1361.32,2447.79,27.6
1206.84,4.12,2.867,469.1,1586.51,2694.08,88.3
1374.08,4.215,2.971,554.13,1827.5,2859.9,135.0
1212.87,4.075,2.743,429.23,1569.22,2642.96,74.1
1211.55,4.076,2.794,432.37,1623.91,2667.78,80.1
1499.62,4.163,3.059,615.67,1983.21,3014.47,167.7
1196.53,4.099,2.816,394.99,1582.49,2632.85,72.9
1300.01,4.132,2.883,495.75,1678.46,2736.87,103.1
1014.5,4.034,2.668,316.82,1314.77,2299.28,10.2
1417.84,4.149,2.92,548.12,1826.47,2885.61,143.3
1295.45,4.141,2.896,505.19,1713.83,2727.23,110.5
1153.89,4.065,2.731,413.88,1473.98,2540.81,69.3
1019.2,4.021,2.658,276.63,1254.19,2351.06,3.7
1321.46,4.125,2.849,466.41,1652.86,2786.82,101.0
985.45,3.963,2.751,271.84,1306.05,2242.47,3.1
1020.3,3.989,2.637,255.71,1290.62,2288.41,1.2
1315.22,4.081,2.846,471.87,1741.06,2736.59,105.1
1153.04,4.007,2.745,349.77,1366.29,2469.55,32.9
1084.46,4.009,2.773,334.96,1432.49,2439.16,33.4
1298.27,4.115,2.87,513.19,1719.14,2784.14,111.4
1009.41,3.997,2.643,269.2,1368.57,2409.25,10.1
1179.12,4.06,2.719,385.7,1486.44,2544.09,54.0
1056.87,4.025,2.76,338.92,1427.13,2439.69,26.3
1268.06,4.112,2.846,434.71,1768.95,2650.2,99.0
1272.17,4.136,2.826,497.63,1755.44,2678.7,112.8
1371.05,4.117,2.897,534.49,1840.41,2785.09,122.9
1153.49,4.046,2.753,379.7,1441.43,2496.63,44.1
1074.38,4.039,2.631,288.75,1377.79,2393.26,16.1
1008.73,4.004,2.641,327.19,1329.47,2385.61,14.3
1217.92,4.09,2.797,424.16,1588.4,2585.88,73.0
1427.89,4.197,3.065,610.37,1973.09,2976.65,160.8
1109.47,4.054,2.743,363.15,1420.23,2466.87,37.8
1130.33,4.051,2.671,395.18,1407.92,2499.41,44.4
1065.84,4.029,2.66,307.8,1305.55,2397.65,18.1
1303.36,4.128,2.859,477.35,1736.08,2707.31,103.3
1327.46,4.146,2.888,498.44,1761.8,2764.7,115.9
1259.76,4.134,2.847,525.7,1757.97,2832.03,109.7
1436.62,4.151,2.932,577.12,1877.78,2935.25,146.5
1233.91,4.069,2.828,424.57,1604.16,2639.75,83.2
1049.63,4.012,2.749,313.4,1358.11,2417.93,23.7
1100.55,4.083,2.773,362.02,1424.98,2503.85,49.9
1357.24,4.126,2.831,497.12,1732.85,2775.64,113.0
1324.56,4.125,2.87,474.7,1697.39,2742.44,104.6
1270.75,4.063,2.807,444.71,1646.51,2654.52,90.7
1312.34,4.138,2.849,516.1,1750.95,2797.49,116.4
1243.09,4.126,2.832,516.2,1765.58,2759.53,108.7
1453.33,4.122,2.958,581.96,1890.85,2896.46,149.9
1289.4,4.119,2.851,456.59,1712.04,2749.69,100.0
1369.7,4.121,2.845,557.89,1839.17,2822.86,132.6
1149.76,4.029,2.72,366.06,1447.79,2450.91,43.0
1347.99,4.153,2.852,535.16,1777.48,2811.85,115.6
1450.02,4.183,3.002,627.13,1914.14,2894.83,153.5
1184.69,4.063,2.75,379.74,1526.95,2603.33,66.2
1380.61,4.143,2.896,523.24,1819.69,2920.24,132.7
1367.85,4.134,2.908,539.3,1795.88,2854.71,123.5
1019.53,4.007,2.701,308.95,1263.58,2343.22,11.1
1288.64,4.089,2.879,496.65,1678.61,2688.02,99.3
1047.38,4.041,2.71,327.38,1386.74,2448.64,23.0
1515.08,4.17,3.082,626.65,1973.86,2986.61,164.5
1409.8,4.126,2.983,582.37,1858.51,2805.34,138.1
1044.58,4.034,2.724,299.76,1366.0,2423.49,19.5
1068.85,4.008,2.726,349.08,1362.92,2396.29,21.6
1263.1,4.117,2.854,483.45,1644.42,2727.5,101.5
1202.56,4.076,2.79,378.55,1557.61,2561.53,59.3
1071.48,3.984,2.698,280.6,1380.7,2360.78,6.9
1275.71,4.107,2.856,462.33,1700.29,2771.8,92.5
1223.71,4.085,2.792,403.05,1537.75,2645.27,66.5
1061.96,4.045,2.75,310.84,1319.8,2332.93,18.1
1410.53,4.148,2.873,543.12,1893.19,2883.5,136.5
1483.32,4.173,2.986,609.26,1938.49,2878.97,155.6
1367.33,4.16,2.927,556.26,1841.46,2886.28,128.9
1404.17,4.167,2.892,560.13,1833.57,2923.58,140.0
1130.82,4.034,2.747,351.72,1440.03,2439.48,37.6
1144.4,4.078,2.764,379.62,1468.76,2494.43,45.5
1085.12,4.001,2.784,354.84,1460.77,2497.95,36.2
1317.26,4.123,2.89,529.21,1844.48,2831.7,130.3
1466.47,4.156,3.012,631.16,1964.57,2941.85,161.2
1294.3,4.165,2.864,549.56,1840.5,2807.71,122.1
1409.52,4.186,2.954,604.36,1900.33,2974.54,150.0
1284.82,4.097,2.9,514.17,1771.69,2691.71,108.9
1170.49,4.07,2.776,418.88,1560.99,2549.0,66.5
1223.07,4.08,2.766,400.37,1593.37,2584.7,73.0
1073.41,3.963,2.697,332.11,1418.34,2448.96,13.7
1042.23,4.002,2.678,311.74,1235.76,2399.42,6.3
1351.49,4.113,2.859,514.72,1726.12,2755.8,118.5
1224.95,4.097,2.774,441.35,1615.39,2613.57,75.1
1201.08,4.084,2.809,461.44,1689.7,2728.99,94.3
1266.44,4.112,2.79,464.06,1670.06,2730.34,95.2
1089.48,4.075,2.751,353.89,1500.3,2514.53,47.9
1239.13,4.11,2.772,419.77,1573.49,2644.02,81.4
1171.62,4.1,2.834,435.68,1661.97,2717.86,80.6
1180.55,4.071,2.768,400.65,1586.18,2577.96,66.6
1415.15,4.133,2.937,548.4,1912.57,2813.23,139.7
1186.65,4.077,2.806,431.68,1542.05,2632.37,77.2
1313.07,4.113,2.785,490.54,1731.87,2740.95,103.0
1454.63,4.172,2.959,607.54,1919.21,2923.98,152.3
1435.53,4.141,3.001,594.63,1968.36,2858.07,147.4
1456.63,4.186,2.94,606.94,1923.09,2939.91,151.5
1122.12,4.024,2.815,367.41,1434.96,2465.19,46.6
1034.74,4.029,2.711,299.16,1319.84,2347.75,6.9
1127.37,4.049,2.761,369.61,1404.62,2479.1,45.1
1134.67,4.069,2.757,358.95,1499.36,2549.86,48.1
1432.75,4.2,3.007,590.17,1917.05,2875.25,154.7
1280.96,4.168,2.889,505.39,1728.11,2713.42,110.7
1041.69,4.012,2.704,309.52,1340.87,2381.34,14.8
1062.79,4.012,2.703,329.83,1360.06,2414.44,23.9
1062.8,4.016,2.678,346.22,1432.02,2418.43,27.3
1323.79,4.153,2.873,492.72,1711.09,2760.88,107.5
1327.08,4.118,2.89,533.15,1813.17,2825.99,125.3
1418.15,4.153,2.92,594.44,1908.49,2939.31,146.3
1495.97,4.192,2.982,607.77,1955.18,2965.37,160.0
1123.76,4.03,2.729,343.89,1390.89,2528.21,35.1
1179.37,4.075,2.728,376.37,1420.89,2487.21,53.4
1103.17,4.015,2.742,368.54,1474.27,2548.79,41.6
1190.94,4.065,2.721,387.42,1492.52,2564.65,61.6
1425.9,4.178,2.963,612.87,1994.19,2868.41,155.6
1267.92,4.09,2.796,469.66,1660.38,2612.99,98.2
1353.29,4.163,2.895,498.98,1837.82,2797.78,125.8
1218.85,4.092,2.776,432.52,1621.14,2679.41,83.8
1019.41,3.995,2.676,292.08,1345.77,2380.04,5.9
1030.55,3.988,2.768,288.84,1333.11,2331.12,11.8
1231.92,4.096,2.845,456.19,1666.25,2659.11,91.9
1369.15,4.121,2.899,548.46,1750.51,2855.29,122.5
1102.41,4.053,2.773,361.96,1446.69,2404.08,37.4
1354.39,4.163,2.898,501.65,1815.41,2778.0,123.0
1400.2,4.194,2.878,577.86,1859.63,2896.41,138.0
1197.4,4.086,2.744,421.01,1594.24,2568.73,70.6
1364.46,4.14,2.811,538.26,1818.24,2839.35,127.1
1184.71,4.066,2.787,374.67,1592.08,2582.43,69.3
1362.34,4.143,2.834,523.86,1758.63,2756.06,115.6
1390.39,4.155,2.882,540.48,1852.44,2799.32,130.1
1495.91,4.195,3.053,649.46,2001.63,2972.68,168.6
1154.01,4.058,2.748,375.27,1575.94,2646.13,59.4
1192.66,4.1,2.782,401.15,1550.55,2573.31,70.5
1095.91,4.017,2.714,346.2,1387.15,2442.59,29.0
1139.56,4.061,2.72,368.34,1396.28,2477.35,35.5
1300.28,4.14,2.825,511.72,1754.62,2897.2,118.2
1470.28,4.175,2.988,635.25,1920.18,3004.88,156.0
1216.11,4.058,2.844,400.14,1610.74,2520.14,67.7
1054.41,4.026,2.734,329.89,1462.39,2467.52,31.4
1133.32,4.061,2.819,348.54,1468.51,2545.57,49.2
1189.83,4.079,2.778,435.27,1634.72,2678.52,77.9
1151.11,4.069,2.745,368.69,1471.1,2458.19,50.1
1106.01,4.031,2.738,351.17,1449.43,2477.3,40.5
1353.43,4.142,2.883,529.69,1844.16,2804.37,125.4
1009.7,3.967,2.724,271.48,1277.44,2346.68,2.3
1275.13,4.115,2.754,467.89,1622.8,2668.95,92.1
1392.83,4.152,2.899,558.42,1855.75,2844.5,135.1
1135.19,4.078,2.796,375.81,1434.75,2445.16,46.0
1292.87,4.131,2.825,468.58,1700.68,2758.6,103.0
1336.35,4.133,2.89,511.95,1757.88,2767.17,114.0
1308.41,4.152,2.876,534.93,1758.19,2752.18,111.7
1254.58,4.092,2.79,413.87,1606.25,2609.92,76.3
1134.86,4.084,2.776,382.91,1524.27,2538.96,59.6
1366.49,4.148,2.93,569.77,1899.4,2923.46,142.3
1323.23,4.159,2.833,528.98,1861.82,2854.64,129.2
1102.18,4.068,2.774,406.57,1522.88,2457.79,55.3
1075.81,3.982,2.69,278.9,1379.4,2332.77,18.4
1059.8,4.036,2.661,286.05,1300.13,2297.82,13.1
1085.53,3.988,2.719,317.92,1348.66,2289.44,16.9
1252.25,4.087,2.843,463.98,1697.24,2760.13,99.5
1056.38,3.945,2.727,298.18,1383.26,2386.58,9.7
1162.73,4.071,2.756,386.51,1442.56,2610.72,57.9
1369.86,4.116,2.921,549.91,1837.76,2817.05,128.3
1157.65,4.042,2.754,374.05,1495.16,2557.75,50.7
1352.1,4.167,2.909,540.8,1840.83,2858.61,130.0
1426.32,4.151,2.905,541.21,1764.45,2746.96,127.0
1153.67,4.03,2.702,354.47,1450.91,2532.69,42.5
1339.66,4.112,2.896,557.88,1849.09,2795.02,124.2
1335.58,4.145,2.896,531.59,1772.49,2844.29,127.4
1187.08,4.091,2.771,415.89,1572.56,2570.02,68.2
1109.39,4.049,2.737,359.68,1403.07,2402.9,36.6
1274.99,4.136,2.891,432.03,1690.19,2686.02,89.1
1426.96,4.171,2.927,597.8,1964.32,3010.26,156.7
1314.28,4.098,2.848,525.79,1740.65,2704.54,109.1
1050.38,4.034,2.749,324.23,1372.66,2447.71,30.2
1340.05,4.138,2.83,514.06,1754.0,2832.95,116.4
1200.55,4.08,2.799,415.34,1561.34,2508.37,73.2
1331.39,4.1,2.845,477.66,1664.75,2680.48,101.0
1317.03,4.091,2.839,529.01,1792.15,2817.49,125.1
1279.53,4.079,2.795,451.34,1576.73,2650.45,88.0
1355.28,4.172,2.975,555.68,1878.68,2846.51,138.6
1316.3,4.148,2.835,526.39,1775.29,2759.97,123.0
1252.83,4.139,2.831,457.72,1687.13,2739.81,104.9
1085.39,4.03,2.715,325.92,1336.86,2388.2,26.5
1380.31,4.18,2.933,582.25,1886.19,2836.48,142.3
1430.49,4.202,2.983,635.34,2008.15,2907.5,159.2
1078.33,4.02,2.719,340.73,1361.49,2464.49,24.1
1243.64,4.094,2.804,434.1,1657.14,2618.07,83.5
1127.15,3.987,2.766,373.94,1471.29,2515.11,44.8
1362.33,4.136,2.921,525.73,1807.25,2807.99,128.5
1394.93,4.13,2.895,521.77,1845.74,2742.68,123.0
1078.57,4.018,2.724,349.0,1321.39,2386.47,24.8
1452.02,4.156,2.908,597.7,1909.32,2892.14,149.2
1095.64,4.048,2.73,340.35,1389.8,2446.36,31.6
1361.52,4.14,2.948,558.13,1853.8,2866.17,135.7
1231.11,4.109,2.747,456.53,1558.74,2580.4,78.2
1140.97,4.041,2.722,392.0,1526.36,2597.22,56.5
1080.04,4.012,2.766,352.19,1336.11,2486.64,27.7
1093.96,4.013,2.678,323.89,1410.62,2437.48,29.3
1269.93,4.119,2.857,491.0,1727.73,2780.83,112.9
1222.39,4.13,2.807,451.21,1674.8,2659.24,94.0
1089.71,4.01,2.756,328.52,1339.33,2343.5,21.6
1046.44,4.009,2.72,341.02,1328.62,2396.88,20.0
1030.82,3.991,2.726,315.79,1374.78,2356.4,13.2
1364.91,4.141,2.893,551.73,1854.99,2888.15,126.7
1334.51,4.144,2.938,528.17,1745.71,2899.2,121.3
1050.95,3.999,2.677,281.47,1322.66,2329.69,10.9
1266.19,4.105,2.837,496.73,1691.32,2704.48,95.7
1056.31,4.029,2.743,318.08,1333.41,2414.49,15.3
1428.93,4.185,3.016,614.53,1924.52,2951.81,153.7
1453.16,4.158,2.966,621.27,1949.76,2952.07,154.3
1364.73,4.135,2.812,494.36,1786.25,2844.78,119.0
1444.63,4.174,2.976,609.1,1929.3,3004.78,157.5
1419.41,4.171,2.973,576.13,1870.8,2884.43,138.1
1404.38,4.166,2.906,571.88,1860.07,2971.79,141.0
1290.5,4.133,2.838,468.8,1664.34,2740.21,97.3
1150.5,4.04,2.747,395.9,1464.57,2499.64,52.7
1107.22,4.033,2.733,350.04,1403.57,2508.54,37.8
1165.62,4.038,2.801,419.36,1509.21,2513.72,56.3
1331.86,4.122,2.856,491.88,1672.24,2751.59,107.2
1094.39,3.997,2.786,346.38,1347.98,2472.24,30.2
1138.01,4.052,2.774,368.51,1448.68,2471.32,44.7
1213.44,4.088,2.803,423.86,1601.49,2668.99,80.1
1154.01,4.043,2.736,337.62,1404.58,2488.51,40.4
1297.55,4.13,2.845,477.69,1741.39,2671.86,100.5
1459.1,4.188,2.949,644.09,1918.08,2875.77,157.0
1359.95,4.122,2.861,534.45,1787.53,2757.67,127.4
1345.22,4.119,2.884,515.16,1724.06,2758.61,113.6
1263.44,4.111,2.861,471.02,1713.0,2690.36,99.5
1187.63,4.087,2.765,442.98,1666.56,2717.77,83.5
1096.29,4.026,2.753,355.7,1375.23,2440.66,32.5
1471.27,4.21,2.961,604.43,1943.76,2901.88,152.2
1161.35,4.045,2.717,348.78,1454.72,2497.37,43.0
1051.41,4.018,2.697,334.13,1316.95,2388.55,16.4
1365.11,4.108,2.92,532.07,1816.52,2805.77,127.8
1102.75,4.043,2.743,345.36,1357.17,2442.34,30.7
1170.78,4.126,2.782,376.41,1525.38,2562.26,63.9
1041.13,4.024,2.704,311.32,1267.86,2324.01,5.8
1071.17,4.011,2.682,362.61,1360.52,2395.63,24.2
1114.01,4.073,2.741,334.07,1397.17,2460.79,30.3
1056.94,4.003,2.685,284.03,1360.06,2335.57,10.2
1336.05,4.134,2.919,515.03,1740.55,2705.69,112.0
1405.09,4.161,2.922,579.04,1844.56,2882.65,142.5
1226.2,4.063,2.84,431.38,1534.39,2569.7,64.1
1442.64,4.129,2.949,584.91,1840.89,2885.55,148.8
1112.29,4.052,2.731,326.84,1448.18,2563.85,37.1
1137.03,4.053,2.752,387.64,1475.86,2571.33,56.0
1076.68,4.019,2.682,336.4,1436.85,2415.53,26.5
1300.38,4.126,2.885,477.87,1739.72,2711.04,105.9
1180.09,4.071,2.788,429.78,1570.15,2552.6,72.0
1286.56,4.125,2.862,487.43,1698.01,2688.05,104.6
1366.0,4.174,2.947,541.89,1804.49,2824.79,129.7
1261.7,4.113,2.818,469.09,1646.58,2722.78,93.2
1257.02,4.119,2.845,487.84,1717.3,2779.51,107.1
1460.45,4.184,2.999,609.64,1937.63,2967.77,159.1
1134.69,4.058,2.716,350.17,1498.47,2551.06,51.5
1170.99,4.05,2.715,385.18,1567.98,2573.94,61.7
1373.06,4.145,2.836,565.36,1787.49,2829.71,122.3
1344.18,4.133,2.88,486.37,1738.65,2731.8,104.3
1107.97,4.03,2.716,320.85,1359.03,2413.44,31.2
1148.5,4.061,2.797,419.23,1546.59,2572.85,64.6
1213.91,4.083,2.791,431.69,1603.79,2612.88,80.1
1214.46,4.092,2.738,419.58,1524.72,2616.78,71.9
1102.99,4.006,2.752,340.14,1390.9,2400.61,31.1
1482.54,4.168,2.96,638.12,1967.08,2948.38,157.2
1368.05,4.118,2.916,526.29,1737.15,2901.16,129.8
1219.94,4.092,2.83,459.16,1604.94,2727.12,82.3
1371.56,4.15,2.865,523.98,1742.74,2819.25,115.9
1444.4,4.205,2.982,604.99,1928.6,2978.88,152.6
1047.51,4.051,2.674,310.47,1397.18,2379.94,24.0
1159.26,4.03,2.83,354.9,1468.98,2467.87,43.3
1221.42,4.11,2.834,460.44,1684.47,2704.22,92.7
1302.52,4.15,2.938,588.68,1881.0,2941.2,136.0
1050.69,4.032,2.723,315.81,1292.27,2408.76,7.1
1513.78,4.223,3.044,636.87,1914.73,2949.68,167.3
1226.72,4.09,2.797,457.9,1612.11,2636.49,77.9
1138.98,4.054,2.802,408.72,1493.71,2599.27,61.7
1139.8,3.983,2.742,379.37,1485.85,2575.92,50.5
1082.26,3.999,2.737,330.61,1353.37,2430.74,30.5
1372.51,4.119,2.926,549.76,1817.71,2852.21,134.8
1510.33,4.162,2.991,637.85,1982.76,2980.45,162.5
1170.69,4.115,2.797,418.95,1549.16,2555.03,70.9
1481.26,4.164,2.959,622.51,1912.95,2963.52,162.0
1432.98,4.142,2.954,588.75,1823.74,2904.89,140.2
1238.42,4.073,2.85,439.61,1644.54,2631.9,82.3
1355.69,4.184,2.891,516.67,1741.25,2847.94,114.9
1221.01,4.081,2.835,436.78,1567.78,2635.34,74.5
1277.44,4.128,2.803,478.2,1648.65,2643.09,95.4
1049.53,4.007,2.693,276.16,1272.05,2340.64,10.8
1351.42,4.097,2.876,530.71,1760.35,2714.71,118.7
1028.58,4.033,2.702,299.39,1351.27,2352.48,9.9
1366.99,4.17,2.91,562.48,1835.93,2836.65,139.1
1427.59,4.161,2.9,573.31,1808.6,2881.67,140.4
1145.55,4.076,2.791,349.77,1462.07,2473.35,41.1
1161.56,4.052,2.735,384.41,1501.5,2556.01,55.7
1215.3,4.089,2.852,436.94,1616.6,2702.8,82.3
1246.6,4.109,2.853,490.52,1706.09,2775.71,101.8
1141.01,4.073,2.758,347.56,1421.3,2581.09,49.6
1249.73,4.131,2.853,481.36,1688.27,2717.13,101.1
1106.33,4.059,2.8,373.52,1488.17,2510.83,51.3
1038.79,3.982,2.62,333.5,1314.64,2330.69,10.4
998.75,3.984,2.698,255.54,1279.42,2301.36,1.4
1066.83,3.991,2.713,326.74,1381.13,2408.43,18.1
1382.32,4.18,2.917,565.2,1853.66,2805.31,134.9
1463.21,4.16,3.047,643.92,1988.87,2958.6,163.5
1160.5,4.112,2.769,411.15,1567.26,2558.62,73.2
1222.85,4.124,2.777,453.48,1556.76,2668.49,87.6
1057.05,4.004,2.677,328.66,1367.45,2380.91,25.8
1232.29,4.098,2.796,515.96,1660.64,2637.98,94.1
1068.3,4.007,2.739,321.18,1369.91,2415.44,25.4
1264.14,4.127,2.858,474.02,1703.16,2672.07,104.3
1458.64,4.214,3.02,649.79,1954.63,2964.35,158.7
1104.44,4.056,2.716,346.55,1438.94,2433.98,34.1
1351.01,4.142,2.887,554.86,1793.84,2842.55,130.2
1036.92,4.021,2.742,307.61,1288.58,2265.42,5.0
1145.03,4.093,2.804,401.16,1581.54,2628.09,64.5
1034.41,4.011,2.733,309.44,1304.23,2351.45,19.7
1165.61,4.065,2.713,394.16,1510.88,2630.87,60.6
1106.04,4.058,2.783,321.96,1329.86,2422.3,30.3
1199.73,4.09,2.77,377.47,1526.14,2625.37,64.1
1238.99,4.103,2.79,401.91,1568.29,2641.21,71.6
1135.4,4.106,2.768,339.45,1428.35,2506.48,51.8
1312.59,4.139,2.863,498.04,1745.22,2792.54,112.0
1428.96,4.19,2.977,605.86,1916.77,2931.38,156.3
1159.4,4.102,2.785,417.71,1585.6,2582.42,68.7
1102.69,4.071,2.748,342.29,1422.41,2481.88,33.5
1112.02,4.036,2.773,363.05,1445.83,2442.31,46.8
1450.19,4.165,2.979,602.65,1881.14,2876.04,145.3
1236.53,4.09,2.797,464.42,1722.92,2725.51,97.6
1228.58,4.093,2.779,411.15,1588.56,2664.67,77.9
1053.5,4.04,2.745,289.41,1338.73,2430.61,26.3
1193.4,4.066,2.747,426.29,1553.96,2597.79,77.0
1148.37,4.072,2.754,366.86,1461.84,2528.71,48.1
1451.32,4.179,2.978,643.24,1989.63,2947.63,160.4
1422.82,4.165,2.976,585.03,1895.68,3008.42,150.4
1030.72,4.031,2.679,319.14,1302.04,2387.39,15.2
1290.72,4.087,2.802,412.9,1636.68,2603.93,88.3
1095.79,4.01,2.728,331.08,1440.39,2454.51,39.0
1196.8,4.092,2.79,417.95,1575.92,2562.59,70.4
1426.73,4.172,2.984,605.23,1853.81,2859.83,149.2
1256.93,4.125,2.847,429.27,1653.76,2629.67,90.1
1144.7,4.078,2.769,374.11,1514.17,2540.14,57.5
1098.71,4.0,2.699,345.86,1405.57,2429.2,36.1
1400.44,4.185,2.993,560.67,1880.65,2873.79,136.3
1277.94,4.16,2.844,499.16,1728.78,2754.07,106.5
1249.89,4.11,2.807,446.18,1575.66,2628.31,80.1
1137.55,4.058,2.742,329.01,1439.44,2467.5,37.8
1175.25,4.056,2.774,392.7,1449.77,2619.54,57.5
1479.24,4.182,2.992,620.92,1954.46,3032.67,163.2
1173.01,4.104,2.827,456.45,1626.62,2679.58,88.9
1201.4,4.093,2.835,401.69,1573.11,2599.41,68.7
1238.64,4.118,2.754,468.06,1731.06,2693.68,89.1
1373.12,4.145,2.907,561.95,1821.64,2864.13,132.6
1115.33,4.051,2.731,373.17,1554.45,2567.72,58.5
1103.43,3.999,2.755,310.98,1439.58,2380.59,31.2
1243.48,4.126,2.868,493.56,1646.24,2718.32,99.9
1323.11,4.122,2.857,496.31,1785.47,2800.52,113.4
1367.2,4.134,2.881,516.89,1759.52,2794.65,121.4
1422.84,4.21,2.932,608.26,1909.06,2884.39,150.1
1207.46,4.081,2.702,383.18,1601.27,2567.27,63.7
1028.81,4.013,2.695,308.4,1344.66,2377.11,13.7
1491.67,4.208,3.009,631.31,1948.34,2915.57,163.0
1174.31,4.11,2.791,419.48,1591.07,2592.86,74.5
1324.66,4.089,2.748,508.39,1668.4,2770.91,106.3
1342.61,4.119,2.81,514.32,1777.97,2787.48,113.6
1272.41,4.101,2.777,475.91,1638.78,2701.54,93.4
1092.75,4.015,2.734,340.62,1343.22,2522.15,35.7
1331.66,4.144,2.913,532.4,1801.66,2838.08,128.6
1382.65,4.128,2.882,579.13,1833.74,2871.09,136.8
1291.63,4.125,2.816,455.08,1677.76,2741.38,94.5
1235.75,4.083,2.787,441.73,1581.52,2650.41,83.6
1024.73,4.019,2.772,323.02,1365.47,2419.6,20.3
1022.92,4.01,2.693,296.36,1314.48,2307.78,15.2
1193.85,4.073,2.752,376.32,1508.01,2571.08,58.4
1161.65,4.007,2.733,374.18,1522.0,2517.48,53.5
1443.2,4.199,2.954,640.08,1996.97,2964.86,162.2
1337.58,4.149,2.927,560.28,1872.2,2910.71,133.4
1301.83,4.137,2.851,484.51,1718.53,2782.31,112.5
1200.3,4.076,2.802,479.81,1646.05,2686.74,88.5
1082.32,4.034,2.729,338.39,1401.34,2416.26,29.3
1549.18,4.221,2.992,633.8,2020.8,2977.61,166.4
1138.92,4.073,2.827,397.56,1525.27,2628.89,64.4
1055.96,3.999,2.655,310.97,1305.63,2412.93,19.1
1267.82,4.081,2.86,436.2,1645.37,2721.09,84.5
1448.95,4.185,2.953,611.13,1942.89,2878.63,148.7
1433.75,4.188,2.95,635.1,1922.37,2862.11,151.0
1017.57,4.001,2.709,279.53,1253.69,2322.59,2.9
1408.03,4.176,2.95,592.15,1977.05,2960.62,150.8
1125.07,4.052,2.776,364.03,1466.23,2514.75,46.9
1038.65,3.998,2.704,274.4,1285.18,2300.3,7.6
1443.66,4.161,2.96,590.23,1915.56,2875.99,144.3
1409.22,4.187,2.979,592.05,1944.86,2930.48,147.0
1280.58,4.122,2.832,482.28,1646.21,2763.03,101.8
1250.75,4.137,2.86,443.94,1694.58,2680.96,98.1
1403.05,4.183,2.937,533.57,1895.19,2924.08,138.4
1402.75,4.161,2.949,550.7,1832.85,2881.24,133.9
1454.75,4.189,2.952,610.61,1919.45,2896.72,151.4
1234.51,4.087,2.865,436.89,1658.74,2768.67,94.4
1485.52,4.192,3.003,648.67,2020.9,2956.13,164.5
1480.9,4.206,3.014,643.68,1963.89,2983.06,169.3
1089.92,3.984,2.671,305.01,1349.03,2435.92,20.7
1412.94,4.177,2.93,584.31,1948.44,2885.82,144.6
1199.95,4.076,2.816,424.51,1605.63,2720.09,85.5
1179.17,4.055,2.777,366.07,1497.73,2628.06,66.5
1305.22,4.109,2.867,504.61,1706.47,2751.55,104.6
1045.6,4.002,2.663,299.13,1348.65,2395.16,10.5
1228.35,4.07,2.862,435.58,1627.91,2643.09,86.6
1413.91,4.19,2.992,583.63,1885.71,2896.94,148.2
1081.47,4.039,2.762,335.3,1437.63,2411.78,37.1
1192.99,4.119,2.825,412.37,1646.26,2624.02,73.1
1444.78,4.193,2.952,620.87,1945.34,3045.26,159.8
1228.13,4.092,2.809,428.74,1635.27,2587.26,73.4
1148.62,4.049,2.791,383.73,1535.74,2488.05,61.6
1212.6,4.06,2.82,406.79,1555.71,2647.51,75.5
1248.82,4.112,2.839,443.14,1688.33,2684.93,88.8
1326.93,4.101,2.863,530.81,1710.26,2770.08,107.8
1418.02,4.171,2.928,564.6,1800.12,2849.29,136.3
1232.44,4.12,2.83,432.76,1598.75,2556.75,77.4
1408.57,4.181,2.905,565.53,1845.61,2837.02,139.2
1228.21,4.114,2.829,482.46,1703.24,2604.31,91.2
1135.3,4.067,2.748,400.35,1521.53,2586.7,58.2
1295.31,4.121,2.854,488.42,1723.88,2788.49,112.2
1365.98,4.139,2.8,530.31,1810.48,2794.65,122.3
1268.21,4.096,2.799,459.75,1666.58,2653.96,95.3
1061.49,3.977,2.686,306.21,1326.44,2350.03,10.6
1112.37,4.027,2.711,348.41,1321.32,2368.45,29.7
1119.79,4.073,2.741,351.52,1437.66,2492.21,49.2
1137.54,4.024,2.715,374.38,1477.29,2601.59,48.8
1324.03,4.16,2.854,498.05,1712.94,2784.11,114.8
1016.01,4.019,2.723,310.52,1273.51,2431.93,4.1
1353.63,4.157,2.887,557.98,1840.69,2759.51,128.7
1158.64,4.055,2.785,333.55,1473.86,2493.35,45.8
1150.38,4.052,2.794,361.08,1524.44,2487.18,53.4
1251.91,4.102,2.799,434.15,1644.97,2654.19,90.2
1087.16,4.027,2.751,346.77,1403.83,2467.5,37.5
1452.81,4.177,2.92,602.74,1953.05,2902.43,150.5
1026.5,4.012,2.673,320.18,1337.24,2336.8,15.4
1222.74,4.122,2.796,420.33,1552.3,2599.47,76.1
1428.97,4.18,2.955,578.77,1932.9,2857.82,144.6
1284.84,4.116,2.892,491.85,1710.85,2749.11,105.1
1149.04,4.05,2.748,419.42,1506.48,2555.17,50.4
1204.84,4.065,2.791,392.96,1576.41,2652.88,72.1
1340.49,4.128,2.879,495.29,1805.47,2805.85,120.4
1485.31,4.213,3.086,629.75,1998.55,2979.93,165.5
1442.21,4.168,3.005,591.23,1908.26,2865.75,151.9
1167.08,4.05,2.777,377.72,1501.24,2549.29,58.9
1500.49,4.188,3.106,648.99,2019.99,3007.9,169.7
990.64,3.977,2.698,267.61,1285.04,2313.84,1.6
1024.15,4.02,2.725,282.93,1297.29,2295.99,5.7
1409.77,4.166,2.953,567.64,1851.41,2909.61,140.2
1102.5,4.027,2.721,338.5,1404.99,2424.02,34.7
1065.32,4.005,2.703,299.11,1274.17,2400.11,11.3
1132.04,4.045,2.744,352.14,1454.17,2514.33,41.1
1180.96,4.065,2.792,405.45,1552.16,2523.92,73.0
1349.7,4.116,2.87,529.34,1797.3,2848.77,124.5
1291.64,4.148,2.857,490.8,1713.15,2735.1,106.5
1116.64,4.061,2.724,368.94,1445.14,2416.17,41.2
1239.53,4.104,2.791,423.02,1627.73,2636.63,86.1
1474.13,4.203,2.984,617.0,1956.46,2988.41,157.5
1402.86,4.2,2.93,570.77,1831.35,2873.14,138.7
1185.81,4.048,2.797,385.11,1496.48,2513.78,55.6
1496.05,4.174,3.066,645.35,1987.04,2991.81,167.0
1321.7,4.152,2.91,504.56,1751.8,2794.65,120.8
1030.48,3.975,2.753,304.12,1291.12,2317.59,11.6
1046.11,3.999,2.677,295.56,1285.41,2298.59,6.9
1046.31,4.02,2.745,341.23,1397.09,2444.57,29.5
1318.8,4.157,2.907,529.57,1759.39,2838.65,124.0
1093.53,4.02,2.735,329.61,1430.53,2430.17,32.1
1267.36,4.122,2.838,463.27,1614.32,2676.15,87.4
1087.58,3.996,2.709,292.34,1340.9,2355.06,16.8
1450.47,4.198,3.004,593.65,1958.79,3020.43,156.6
1191.05,4.05,2.723,370.69,1468.97,2552.87,59.1
1450.69,4.192,2.975,613.81,1969.81,2863.42,154.5
1430.88,4.168,3.024,614.13,1930.73,2920.92,160.7
1019.08,3.992,2.719,284.22,1323.13,2316.27,2.0
1205.3,4.115,2.772,451.85,1614.18,2675.86,79.4
1049.71,3.999,2.69,273.37,1241.36,2366.94,5.2
1448.55,4.205,2.943,583.34,1924.74,2910.78,154.6
1215.0,4.099,2.802,463.24,1614.19,2608.07,88.6
1009.82,3.997,2.712,292.78,1378.12,2364.92,13.7
1061.49,4.018,2.742,298.02,1358.84,2370.26,19.6
1122.27,4.084,2.803,401.14,1482.96,2571.96,65.8
1453.64,4.149,3.006,620.03,1991.49,2956.21,159.9
1340.13,4.146,2.852,504.92,1782.37,2800.33,118.1
1400.34,4.154,2.946,599.31,1910.25,2903.09,147.6
1199.73,4.044,2.847,385.23,1529.73,2482.19,62.9
1064.07,4.011,2.654,283.87,1265.17,2363.36,8.3
1460.16,4.221,2.998,610.28,2027.45,2999.54,165.7
1016.28,3.999,2.696,252.12,1283.37,2312.52,3.9
1495.58,4.162,3.027,629.76,2002.53,2908.05,161.2
1175.87,4.055,2.798,377.86,1531.05,2591.49,63.3
986.02,3.985,2.698,284.69,1280.19,2320.01,2.7
1328.84,4.139,2.824,545.34,1711.23,2754.16,117.5
1467.74,4.194,3.036,648.08,1963.62,2990.94,166.7
1508.42,4.203,2.97,634.75,2012.94,3018.29,164.2
1098.61,4.045,2.734,337.1,1408.4,2410.86,28.2
1084.34,4.036,2.74,369.3,1416.32,2434.44,31.6
1273.63,4.127,2.824,440.08,1689.71,2690.06,96.6
1273.27,4.119,2.816,493.89,1724.74,2701.8,108.7
1339.63,4.212,2.865,558.91,1786.57,2817.55,126.0
1130.93,4.04,2.678,341.5,1376.47,2509.64,31.6
1478.36,4.205,3.015,649.4,1954.4,2900.63,163.1
1329.95,4.16,2.947,487.1,1729.95,2743.45,108.9
1421.43,4.17,2.935,563.23,1858.94,2926.96,144.2
1290.39,4.091,2.807,487.49,1653.9,2639.19,92.3
1147.18,4.104,2.79,414.54,1565.3,2608.4,71.0
1482.47,4.223,3.003,651.96,1976.79,3019.43,166.1
1319.41,4.116,2.8,487.98,1634.76,2653.86,99.4
1450.26,4.207,2.931,609.74,1865.68,2970.38,147.5
1506.98,4.189,3.037,633.17,1958.86,2962.99,162.1
1325.17,4.151,2.875,515.99,1688.75,2760.28,115.1
1248.46,4.136,2.818,469.59,1690.61,2630.79,93.8
992.56,3.994,2.71,275.54,1320.57,2300.74,1.6
1005.57,4.009,2.747,311.1,1331.22,2281.08,7.8
1120.84,4.054,2.753,334.42,1422.43,2373.7,34.9
1107.07,4.023,2.697,355.0,1366.84,2454.6,32.4
1122.66,4.028,2.687,371.93,1460.24,2498.32,44.1
1159.48,4.082,2.703,343.21,1528.03,2460.19,52.5
1175.49,4.073,2.796,406.84,1490.55,2572.09,61.9
1224.15,4.069,2.763,419.11,1644.01,2552.73,72.1
1081.06,4.014,2.733,332.25,1369.42,2395.83,17.7
1007.3,4.01,2.682,321.99,1275.4,2372.53,8.2
1331.46,4.101,2.876,512.02,1721.48,2691.95,114.9
1214.47,4.118,2.84,463.16,1636.26,2682.23,91.8
1214.58,4.092,2.769,404.68,1582.62,2646.13,76.1
1319.63,4.157,2.875,492.28,1711.23,2703.43,108.2
1372.36,4.16,2.909,598.53,1783.3,2867.46,140.9
1193.06,4.108,2.767,418.13,1533.42,2641.87,73.3
1308.14,4.124,2.877,511.33,1727.26,2739.14,109.3
1479.85,4.193,3.03,628.56,1969.63,3009.01,162.2
1404.66,4.172,2.948,577.05,1903.48,2946.62,142.9
1173.36,4.122,2.754,426.14,1551.3,2663.44,73.0
1308.38,4.101,2.842,455.14,1734.61,2735.3,110.0
1049.08,4.038,2.746,341.23,1398.02,2399.04,30.9
1261.78,4.109,2.895,432.74,1643.19,2723.84,95.7
1478.47,4.196,3.098,640.22,2004.09,2981.1,166.8
1243.55,4.111,2.799,438.23,1652.06,2666.59,88.6
1445.64,4.207,2.969,599.94,2013.42,3027.09,157.8
1156.2,4.087,2.834,433.16,1590.02,2589.48,69.8
1490.19,4.224,3.104,666.26,1952.74,2970.26,169.8
1300.12,4.107,2.818,468.21,1709.93,2582.35,98.9
1065.44,3.999,2.7,331.65,1264.21,2308.51,8.1
1341.58,4.094,2.797,491.32,1731.69,2704.96,100.2
1175.43,4.088,2.779,364.01,1455.92,2542.9,47.4
1000.0,3.994,2.736,264.91,1310.2,2401.45,6.5
1391.34,4.157,2.971,569.31,1901.57,2880.61,139.7
1133.09,4.061,2.782,357.29,1479.69,2491.36,47.6
1386.45,4.18,2.904,553.57,1868.09,2839.15,135.6
1140.99,4.038,2.778,377.02,1454.78,2530.54,49.7
1158.03,4.056,2.773,331.55,1381.55,2422.02,33.8
1458.31,4.188,3.062,657.91,1980.55,3016.48,165.6
1154.82,4.095,2.796,387.33,1545.44,2612.01,62.1
1328.99,4.106,2.845,466.68,1695.15,2776.26,102.6
1276.81,4.133,2.815,495.06,1753.77,2674.83,104.1
1277.41,4.109,2.882,466.04,1685.3,2713.46,95.7
1478.36,4.16,2.978,624.35,1924.8,2932.85,155.6
1337.04,4.104,2.901,513.13,1747.49,2706.55,115.0
1197.0,4.061,2.856,388.9,1538.92,2591.03,69.2
1447.38,4.191,2.974,593.16,1908.02,2889.82,146.7
1069.78,3.99,2.762,323.26,1388.7,2426.11,31.6
1247.17,4.112,2.793,462.57,1662.42,2752.87,93.0
1485.71,4.195,2.986,618.55,2007.53,2904.79,161.6
1248.22,4.088,2.885,488.2,1729.53,2740.8,106.7
1434.89,4.146,2.907,569.78,1857.65,2881.62,139.1
1321.8,4.112,2.817,513.31,1730.04,2656.98,111.5
1415.32,4.168,2.885,570.42,1915.85,2891.88,142.9
1428.19,4.218,2.996,582.96,1968.64,2970.7,160.6
1100.24,4.07,2.741,351.5,1486.35,2539.3,47.1
1077.24,4.019,2.754,335.4,1375.3,2325.64,29.7
1250.48,4.076,2.774,455.95,1572.95,2645.69,82.8
1287.06,4.107,2.916,526.03,1811.05,2775.95,119.6
1131.87,4.031,2.701,366.17,1464.01,2489.35,39.4
1009.47,3.974,2.652,287.69,1250.24,2340.78,1.7
1158.47,4.062,2.769,392.23,1537.61,2563.16,59.0
1488.86,4.194,3.029,632.16,2016.85,2983.58,164.7
1342.15,4.127,2.889,534.5,1755.76,2788.14,118.4
1173.27,4.066,2.745,433.6,1552.36,2597.04,68.8
1112.7,4.018,2.74,325.96,1465.72,2378.27,33.5
1112.11,4.055,2.718,396.77,1559.61,2683.91,61.2
1076.02,4.055,2.658,315.57,1370.83,2463.27,29.7
1064.19,4.024,2.764,339.49,1330.63,2461.58,19.0
1439.49,4.191,3.005,610.56,1920.87,2936.08,154.2
1453.0,4.22,3.08,648.62,2006.04,3020.24,169.6
1103.77,4.044,2.662,314.62,1404.81,2368.95,28.7
1007.7,4.031,2.685,296.07,1277.75,2427.33,10.2
1156.34,4.072,2.775,383.4,1484.97,2597.88,56.7
1223.42,4.092,2.783,414.07,1540.69,2594.9,79.0
1102.89,4.022,2.779,346.49,1439.56,2436.3,35.6
1174.42,4.038,2.774,362.27,1485.03,2517.97,51.9
1099.34,4.051,2.703,349.52,1407.39,2473.89,34.9
1387.46,4.151,2.856,536.39,1814.02,2836.44,131.9
1343.12,4.113,2.905,528.22,1775.78,2830.73,121.4
1320.11,4.082,2.876,492.1,1735.15,2759.93,108.3
1219.34,4.115,2.799,408.55,1508.01,2593.66,66.4
1452.82,4.161,3.026,611.5,1907.49,2938.73,154.6
1502.45,4.18,3.042,637.52,1945.77,3034.26,164.9
1125.29,4.052,2.727,323.51,1318.26,2473.59,30.3
1144.26,4.014,2.759,358.23,1482.58,2457.9,38.7
1240.84,4.112,2.853,457.77,1663.29,2712.83,89.8
1079.98,4.047,2.727,319.58,1315.42,2350.28,16.4
1213.83,4.125,2.791,420.83,1585.89,2594.21,74.8
1306.06,4.104,2.862,471.83,1648.89,2749.32,99.3
1262.95,4.1,2.817,436.92,1655.37,2696.47,89.2
1165.46,4.052,2.748,375.01,1576.1,2555.18,56.9
1269.55,4.104,2.824,452.61,1683.73,2706.3,92.7
1483.29,4.217,3.007,645.66,1908.56,3037.27,163.0
1110.27,4.006,2.73,325.93,1371.46,2459.1,35.8
1310.89,4.141,2.832,482.71,1693.01,2763.75,111.7
1028.07,3.996,2.726,295.23,1295.34,2408.23,8.3
1087.88,4.032,2.707,291.35,1321.21,2326.34,12.2
1275.25,4.133,2.845,457.48,1704.3,2675.24,94.3
1045.45,4.005,2.724,307.43,1308.24,2421.13,18.7
1018.88,3.994,2.665,280.92,1294.65,2314.15,4.8
1114.4,4.045,2.764,322.51,1314.81,2440.33,30.0
1251.33,4.129,2.821,454.13,1640.58,2655.59,96.5
1302.69,4.089,2.864,516.59,1733.43,2807.24,119.9
1066.16,4.051,2.738,321.56,1350.87,2395.35,35.2
1278.49,4.164,2.869,517.19,1770.32,2720.06,113.9
1060.24,4.034,2.805,324.05,1381.82,2457.74,31.8
1264.43,4.138,2.861,493.46,1712.42,2770.72,104.7
1230.7,4.103,2.769,402.72,1519.76,2600.94,70.6
1313.19,4.132,2.914,517.95,1772.12,2818.32,111.5
1488.13,4.215,3.022,648.33,1967.54,3012.89,169.2
1429.17,4.187,2.983,605.66,1985.1,2935.0,159.5
1014.97,3.991,2.671,322.85,1314.23,2380.66,1.7
1393.03,4.163,2.96,592.37,1919.14,2943.33,150.6
1034.59,4.009,2.711,294.52,1333.83,2387.9,12.2
1525.32,4.228,3.024,621.32,1933.17,3023.64,162.1
1152.98,4.032,2.763,374.71,1421.19,2497.13,48.6
1176.85,4.083,2.794,380.45,1545.79,2605.76,65.6
1071.69,4.017,2.705,312.17,1346.55,2365.48,16.5
1049.81,4.044,2.75,290.9,1342.6,2398.95,20.0
1331.85,4.176,2.836,530.5,1766.51,2770.76,123.8
1511.47,4.17,2.926,641.63,1930.89,2972.98,160.6
1264.03,4.107,2.865,477.3,1660.7,2764.06,104.2
1337.36,4.13,2.87,540.5,1811.67,2802.06,122.0
1377.95,4.141,2.95,521.04,1796.71,2850.72,129.8
1104.49,4.038,2.777,353.26,1428.24,2410.35,45.4
1051.38,4.008,2.714,278.45,1328.04,2372.56,8.6
1009.91,3.975,2.673,313.34,1264.7,2273.3,1.3
1184.2,4.05,2.788,385.44,1499.98,2599.34,60.3
1133.09,4.026,2.728,346.0,1475.8,2522.08,41.8
1036.04,4.014,2.702,297.81,1285.93,2330.28,11.5
1134.21,4.027,2.716,336.51,1366.59,2422.01,31.3
1051.36,4.012,2.721,314.23,1305.35,2462.07,22.0
1486.31,4.165,2.972,593.73,1933.29,2995.08,155.6
1104.03,3.988,2.747,344.74,1355.09,2435.29,24.7
1300.62,4.136,2.833,474.24,1707.48,2663.56,91.9
1288.12,4.109,2.821,483.84,1674.36,2648.61,101.2
1239.5,4.159,2.808,464.29,1675.38,2717.73,92.8
1109.24,4.027,2.67,315.53,1318.9,2366.5,17.7
1144.69,4.094,2.701,374.04,1520.06,2562.47,54.9
1017.24,4.022,2.726,290.05,1356.7,2391.5,9.7
1183.7,4.077,2.768,430.86,1534.0,2579.81,67.9
1070.81,4.019,2.692,348.58,1400.54,2458.24,32.9
1281.3,4.089,2.84,446.95,1662.64,2753.03,95.9
1319.16,4.158,2.85,511.12,1773.91,2780.53,118.1
1246.45,4.108,2.815,463.18,1677.29,2657.64,90.9
1230.76,4.094,2.751,425.94,1558.45,2630.69,74.4
1200.15,4.088,2.796,411.99,1575.3,2574.3,66.5
1413.13,4.174,2.938,557.4,1884.07,2896.05,143.2
1113.01,4.028,2.75,353.58,1473.97,2511.42,38.1
1356.07,4.165,2.874,551.39,1806.9,2771.55,125.1
1357.16,4.145,2.904,521.64,1772.08,2856.66,129.0
1199.4,4.081,2.742,441.23,1587.82,2579.42,71.8
1155.6,4.068,2.822,378.75,1480.84,2509.21,51.2
1220.69,4.088,2.812,435.01,1594.68,2640.71,80.5
1065.38,3.974,2.758,296.32,1356.69,2381.47,16.8
1014.48,4.022,2.689,287.46,1286.24,2287.88,8.8
1047.47,4.04,2.679,310.32,1347.73,2453.73,19.9
1076.37,3.994,2.713,317.36,1389.02,2494.08,32.6
1225.91,4.076,2.808,440.85,1647.83,2655.68,86.2
1448.93,4.209,2.936,569.5,1873.93,2933.72,144.5
1134.03,4.045,2.795,364.15,1442.13,2465.15,40.8
1436.86,4.187,2.969,574.93,1954.64,2916.09,159.0
1485.68,4.182,2.994,625.78,1979.75,2971.14,162.4
1467.2,4.171,3.038,616.77,1953.79,2924.95,163.1
1393.46,4.162,2.886,577.96,1910.99,2912.78,142.5
1136.52,4.087,2.769,431.33,1558.31,2538.83,62.5
1070.68,4.006,2.707,329.76,1383.72,2308.64,13.3
1237.6,4.122,2.842,462.18,1647.28,2560.2,97.1
1265.39,4.143,2.836,463.01,1672.43,2693.33,95.4
1393.55,4.157,3.0,570.68,1836.72,2909.75,144.6
1517.14,4.205,3.047,645.9,1963.18,3050.75,169.3
1233.61,4.117,2.791,458.07,1652.6,2594.82,86.9
1161.74,4.045,2.784,370.01,1510.56,2594.8,59.3
1091.67,4.034,2.734,361.87,1374.76,2428.39,32.4
1026.32,4.03,2.699,299.24,1305.76,2325.28,1.8
1242.76,4.091,2.769,460.44,1641.05,2665.1,87.0
1264.05,4.129,2.89,470.34,1592.85,2695.86,94.9
1390.78,4.161,2.941,558.97,1898.39,2798.45,140.4
1200.87,4.133,2.762,460.9,1629.51,2690.43,86.3
1425.5,4.15,2.999,607.51,1918.89,2975.92,155.9
1319.27,4.124,2.815,467.0,1677.52,2783.77,107.1
1404.37,4.137,2.963,580.3,1890.82,2909.81,143.0
1061.47,4.008,2.679,309.53,1363.74,2414.56,26.1
1384.96,4.156,2.973,576.48,1883.95,2841.87,145.6
1282.24,4.127,2.828,521.44,1754.29,2795.45,115.1
1069.87,4.003,2.695,331.77,1408.82,2438.98,29.8
1118.06,4.029,2.732,339.0,1415.0,2450.35,33.1
1445.07,4.194,2.97,634.29,1988.43,2967.06,157.6
1039.83,3.967,2.677,259.3,1247.2,2344.05,6.4
1204.93,4.075,2.751,447.36,1580.21,2615.64,79.2
1166.61,4.107,2.748,381.34,1524.31,2485.95,54.0
1311.29,4.137,2.888,505.81,1807.04,2770.42,113.4
1380.83,4.13,2.991,578.24,1911.39,2948.77,142.9
1165.35,4.038,2.795,404.45,1539.94,2520.51,61.9
1248.95,4.085,2.808,433.23,1598.23,2649.5,73.1
1534.58,4.198,2.994,638.18,2011.29,3016.13,166.9
1394.05,4.143,2.907,553.2,1816.88,2783.22,133.5
1439.46,4.222,2.948,612.93,1938.78,2953.65,152.6
1216.3,4.135,2.745,390.55,1551.41,2618.09,75.2
1123.11,4.035,2.7,351.93,1440.89,2476.68,40.6
1195.02,4.095,2.803,420.04,1546.62,2679.1,70.6
1357.36,4.159,2.863,519.88,1797.51,2843.06,122.0
1066.87,4.035,2.666,303.36,1336.13,2359.89,19.5
1123.41,4.035,2.728,362.77,1464.17,2529.93,46.7
1005.81,4.04,2.706,288.44,1279.93,2318.72,8.9
1194.17,4.08,2.769,416.07,1564.77,2578.06,74.1
1425.07,4.172,2.892,566.51,1902.06,2887.9,140.8
1025.97,3.996,2.665,314.46,1239.81,2387.81,5.2
1332.83,4.129,2.891,493.82,1754.64,2718.14,115.1
1455.23,4.191,2.93,631.95,1989.78,2933.4,158.6
1089.95,4.017,2.731,345.51,1465.51,2528.95,41.0
1328.76,4.097,2.868,523.11,1768.98,2752.47,118.2
1460.45,4.191,3.012,648.33,2003.13,2984.11,165.8
1451.69,4.175,2.991,655.77,1948.61,2961.6,163.6
1145.71,4.051,2.768,359.58,1459.39,2531.65,40.7
1047.35,4.021,2.738,306.72,1382.79,2403.73,18.0
1059.53,4.022,2.722,327.9,1385.27,2410.88,26.1
1379.51,4.167,2.858,550.38,1802.81,2762.36,119.6
1371.73,4.143,2.887,533.66,1759.96,2896.2,123.7
1315.48,4.103,2.876,490.86,1717.22,2773.86,114.9
1171.62,4.057,2.76,380.9,1531.12,2539.25,57.8
1081.36,4.05,2.737,327.29,1466.94,2457.11,29.7
1260.3,4.075,2.822,485.08,1685.81,2742.14,99.1
1242.01,4.09,2.709,419.78,1639.17,2591.68,82.7
1344.85,4.155,2.879,524.85,1704.63,2806.49,124.2
1211.82,4.136,2.812,426.15,1600.6,2576.23,75.6
1187.63,4.086,2.765,383.31,1494.73,2527.44,58.2
1164.39,4.055,2.763,373.91,1537.95,2570.68,50.6
1091.54,4.046,2.725,348.52,1444.48,2511.06,36.7
1141.35,4.009,2.74,366.75,1461.16,2524.74,45.9
1027.37,3.99,2.712,297.16,1325.8,2331.12,17.0
1177.12,4.077,2.825,402.24,1553.73,2563.01,59.6
1035.3,4.002,2.72,286.34,1342.58,2325.71,7.2
1103.89,4.036,2.749,338.35,1379.88,2487.89,32.5
1354.89,4.148,2.898,521.63,1841.34,2803.8,127.2
1208.19,4.059,2.721,383.71,1530.71,2508.07,56.0
1299.17,4.133,2.899,510.95,1755.82,2787.24,113.9
1371.04,4.12,2.908,528.15,1808.66,2854.49,122.2
1252.04,4.108,2.844,462.59,1700.4,2756.39,99.2
1489.46,4.166,3.015,648.11,1936.76,3023.54,163.0
1039.85,3.983,2.708,298.88,1304.15,2391.07,4.6
1359.45,4.169,2.882,534.39,1796.26,2886.1,125.8
1464.52,4.188,3.038,629.01,1935.37,2978.85,163.0
1427.39,4.183,2.922,577.48,1870.19,2887.56,146.7
1093.12,4.029,2.666,323.51,1341.73,2402.86,29.4
1201.45,4.052,2.725,405.41,1449.0,2589.88,56.2
1066.59,4.007,2.729,328.87,1377.29,2432.02,30.1
1273.96,4.109,2.83,523.44,1731.38,2690.93,102.6
1351.43,4.144,2.874,508.31,1741.55,2823.65,121.4
1145.87,4.069,2.72,385.85,1458.33,2477.66,54.6
1254.76,4.106,2.829,462.0,1710.48,2642.23,92.2
1360.09,4.148,2.839,517.68,1735.88,2796.94,117.8
1129.97,4.049,2.801,392.01,1568.86,2640.91,72.2
1404.44,4.187,2.9,564.42,1902.44,2886.45,145.3
1331.79,4.13,2.877,552.99,1818.91,2833.96,131.4
1013.18,4.024,2.671,286.98,1320.68,2398.8,11.9
1357.92,4.131,2.863,507.76,1688.59,2773.94,106.0
1130.69,4.003,2.725,350.45,1418.2,2397.86,40.8
1289.9,4.122,2.838,469.17,1675.8,2756.95,95.2
1473.83,4.211,3.048,629.77,1930.44,2957.24,162.7
1451.95,4.2,3.01,594.83,1949.46,2887.0,149.6
1148.41,4.06,2.788,432.83,1502.27,2575.57,69.4
1166.69,4.056,2.719,388.16,1482.96,2463.84,50.3
1094.84,4.054,2.776,355.83,1405.1,2582.12,40.6
1240.55,4.117,2.863,466.14,1662.07,2628.49,91.0
1076.31,4.023,2.71,334.36,1326.09,2340.27,20.3
1269.97,4.097,2.862,453.29,1677.83,2681.58,93.8
1019.48,4.011,2.697,261.24,1304.6,2270.26,1.2
1121.27,4.079,2.711,390.86,1526.18,2544.98,55.7
1111.48,4.034,2.716,367.64,1412.42,2536.24,38.2
1507.86,4.178,3.015,611.14,2022.81,2986.79,165.1
1338.82,4.128,2.873,522.72,1793.18,2826.56,123.9
1200.01,4.092,2.739,387.6,1515.96,2545.78,60.1
1032.92,4.03,2.678,295.75,1357.4,2344.37,16.7
1246.33,4.099,2.853,448.03,1587.5,2658.37,88.3
1144.53,4.032,2.682,330.22,1415.77,2508.43,37.1
1238.72,4.068,2.797,452.68,1661.66,2737.65,91.7
1435.68,4.164,2.951,587.46,1855.68,2888.57,142.2
1344.49,4.096,2.827,456.52,1707.63,2772.26,105.1
1308.47,4.127,2.862,478.79,1772.24,2718.39,108.1
1244.83,4.128,2.808,480.19,1630.09,2661.85,92.4
1440.1,4.165,3.002,604.74,1967.65,2885.96,157.7
1494.6,4.191,2.961,580.19,1928.42,2997.51,158.5
1276.11,4.118,2.756,451.27,1636.01,2644.27,87.7
1183.38,4.059,2.744,375.45,1502.51,2474.85,52.7
1217.78,4.077,2.743,431.66,1620.03,2651.47,78.7
1120.42,4.03,2.726,339.43,1415.42,2502.05,32.5
1304.26,4.143,2.817,514.64,1746.27,2736.27,108.5
1215.99,4.101,2.774,433.53,1619.13,2587.92,85.5
1087.2,4.013,2.753,312.13,1334.94,2379.99,18.5
1140.12,4.056,2.738,335.51,1442.81,2465.27,34.4
1202.69,4.102,2.756,446.79,1554.49,2668.76,82.1
1411.65,4.152,2.96,611.24,1900.98,2953.78,151.0
1271.49,4.122,2.824,474.28,1665.12,2706.68,96.7
1352.41,4.153,2.805,545.69,1762.78,2771.51,116.2
1133.93,4.037,2.775,395.94,1536.79,2577.71,58.3
1278.66,4.065,2.858,489.41,1682.43,2654.12,97.6
1198.03,4.064,2.78,411.8,1580.02,2584.43,76.6
1334.57,4.127,2.85,494.02,1765.86,2737.52,112.4
1017.35,4.022,2.681,328.03,1321.19,2340.33,9.5
1254.08,4.076,2.818,421.29,1623.42,2598.86,84.4
1138.79,4.064,2.746,384.88,1527.7,2560.32,51.0
1132.98,4.001,2.755,402.65,1529.81,2493.18,56.1
1479.68,4.195,2.994,649.83,2049.26,2865.56,163.4
1044.36,4.021,2.788,313.45,1342.96,2485.2,31.9
1135.65,4.098,2.75,373.12,1529.13,2552.27,53.6
1251.25,4.06,2.832,457.0,1676.09,2662.97,87.2
1379.98,4.171,2.955,600.01,1873.81,2924.6,146.9
1134.0,4.04,2.708,414.12,1561.15,2606.83,71.4
1302.32,4.136,2.88,528.17,1806.59,2870.9,126.7
1453.85,4.136,2.909,581.9,1875.73,2870.57,145.7
1147.16,4.102,2.786,368.71,1479.21,2600.23,53.4
1173.77,4.066,2.74,387.3,1646.83,2624.29,67.4
1193.94,4.061,2.784,389.07,1522.13,2537.79,61.3
1397.88,4.164,2.961,603.64,1888.96,2854.55,141.8
1041.46,3.978,2.705,292.38,1319.77,2359.74,8.5
1149.0,4.077,2.757,354.76,1491.12,2484.81,53.1
1315.64,4.146,2.854,507.16,1722.12,2772.19,115.8
1277.38,4.128,2.824,494.25,1700.83,2756.84,96.6
1226.86,4.058,2.75,397.26,1577.2,2623.0,74.7
1252.85,4.127,2.825,458.76,1606.61,2769.5,92.3
1087.73,4.053,2.762,353.05,1416.58,2424.87,34.4
1196.33,4.077,2.762,402.07,1583.88,2630.04,73.8
1181.4,4.114,2.809,447.53,1660.41,2638.56,85.8
1452.15,4.185,2.967,591.85,1883.08,2923.76,153.3
1096.79,4.014,2.754,343.57,1451.76,2517.91,45.1
1442.62,4.169,2.934,600.31,1877.52,2879.81,147.7
1307.22,4.116,2.808,525.98,1704.79,2722.0,109.9
1027.64,3.997,2.658,284.02,1299.41,2319.37,4.4
1368.28,4.163,2.814,539.46,1776.22,2789.71,123.5
1008.01,3.966,2.718,301.34,1317.82,2307.67,7.0
1507.76,4.191,3.091,651.41,1971.17,3055.98,169.6
1436.18,4.157,2.952,582.72,1897.37,2900.3,148.5
1138.73,4.038,2.733,358.61,1489.19,2555.54,51.3
1102.29,4.029,2.739,348.89,1465.43,2525.95,44.5
1196.7,4.072,2.774,399.36,1545.26,2619.77,65.5
1187.72,4.076,2.753,387.13,1520.53,2508.36,61.2
1180.44,4.076,2.758,381.69,1515.86,2558.68,63.9
1126.06,4.061,2.798,377.64,1542.85,2563.84,54.8
1284.62,4.133,2.808,480.1,1719.14,2716.17,106.0
1083.38,4.073,2.752,340.1,1354.99,2492.98,28.8
1432.27,4.171,2.89,575.66,1822.34,2845.05,144.0
1357.44,4.181,2.969,579.86,1891.63,2904.01,138.3
1212.59,4.11,2.73,438.95,1568.77,2624.96,81.5
1408.63,4.205,2.956,576.98,1891.98,2940.83,145.1
1118.87,4.054,2.722,355.12,1409.95,2499.53,42.8
991.36,3.978,2.686,287.03,1295.13,2302.36,4.0
1291.4,4.127,2.841,491.38,1720.66,2772.27,105.6
1210.04,4.092,2.814,434.25,1618.11,2561.15,78.4
1244.94,4.126,2.77,462.23,1670.4,2690.25,96.9
1441.11,4.162,2.968,601.16,1919.47,2912.54,153.0
1469.59,4.219,3.034,637.99,1944.58,2996.58,164.9
1316.92,4.124,2.831,450.45,1714.89,2642.33,108.2
1349.27,4.168,2.896,555.24,1820.32,2847.47,130.1
1053.23,4.015,2.685,293.55,1336.04,2394.93,15.2
1063.16,4.027,2.738,326.33,1381.57,2399.33,28.2
1340.24,4.149,2.898,524.09,1763.77,2804.92,124.9
1212.64,4.095,2.795,430.64,1536.23,2613.79,73.9
1217.99,4.124,2.813,439.95,1630.76,2660.07,76.4
1138.01,4.015,2.794,375.83,1506.1,2443.28,53.2
1284.15,4.129,2.812,482.82,1773.35,2729.14,103.6
1057.53,4.031,2.794,337.56,1415.29,2466.58,32.3
1335.79,4.119,2.86,491.64,1736.96,2769.73,106.9
1106.16,3.98,2.71,349.67,1368.34,2431.07,30.4
1059.02,4.016,2.769,347.26,1365.54,2389.72,11.8
1118.44,4.058,2.75,382.16,1448.26,2541.52,56.8
1099.01,4.023,2.702,361.01,1454.12,2523.13,40.1
1430.03,4.178,2.947,587.49,1917.49,2890.27,151.2
990.81,3.997,2.682,288.24,1359.35,2334.39,10.3
1112.44,3.993,2.758,320.21,1393.5,2460.15,30.8
1298.13,4.108,2.819,482.14,1660.85,2717.52,93.7
1280.44,4.103,2.806,447.71,1552.77,2666.01,82.3
1009.22,3.99,2.699,291.22,1252.75,2337.85,8.7
1022.67,3.998,2.724,289.39,1295.12,2312.96,2.2
1526.36,4.2,3.045,656.0,2024.87,2991.3,168.0
1310.56,4.15,2.853,522.32,1749.26,2722.34,112.3
1160.22,4.065,2.75,402.69,1524.25,2535.34,62.8
1177.14,4.105,2.787,434.7,1612.32,2697.19,80.5
1157.88,4.041,2.762,383.58,1465.15,2495.06,46.0
1164.47,4.103,2.788,373.05,1533.72,2533.24,59.3
1293.69,4.118,2.906,471.7,1704.46,2736.58,110.7
1442.12,4.162,2.956,616.33,1917.09,2931.07,150.2
1097.25,4.028,2.719,331.09,1372.2,2531.01,32.1
1416.23,4.152,2.947,599.17,1910.08,2936.34,143.0
1061.33,3.992,2.699,347.72,1327.3,2352.67,21.5
1147.38,4.051,2.715,375.21,1416.92,2518.6,37.3
1028.49,3.938,2.705,249.36,1321.7,2315.78,7.3
1115.37,4.006,2.706,336.68,1333.52,2391.95,24.8
1468.03,4.156,2.973,605.04,1911.49,2924.45,156.0
1227.31,4.09,2.815,419.6,1662.24,2584.33,78.6
1045.61,3.964,2.713,311.66,1358.92,2427.38,14.1
1501.78,4.203,3.077,622.26,1978.74,2949.08,163.2
1435.77,4.188,2.984,607.06,1925.85,2832.88,149.5
1343.17,4.116,2.872,562.89,1760.99,2797.84,128.5
1438.71,4.19,2.982,616.84,1967.24,2962.12,158.8
1119.63,4.048,2.694,354.4,1485.82,2401.9,38.2
1387.19,4.185,2.904,570.53,1859.12,2898.39,142.3
1331.3,4.106,2.908,523.79,1818.42,2752.09,117.6
1454.35,4.141,2.943,613.06,1885.54,2955.13,148.0
1396.38,4.188,2.872,566.81,1847.63,2878.8,135.7
1147.64,4.047,2.708,388.37,1474.81,2558.51,59.6
1412.1,4.142,2.86,570.9,1840.05,2783.24,131.9
1141.44,4.059,2.721,356.37,1460.84,2447.4,45.4
1182.95,4.036,2.762,378.42,1495.75,2520.15,56.5
1004.33,4.008,2.698,304.93,1325.13,2386.85,19.2
1472.01,4.204,3.016,597.06,1956.39,3016.47,159.0
1161.55,4.024,2.724,358.83,1457.35,2529.94,50.2
1290.54,4.09,2.851,452.44,1672.48,2657.32,89.0
1149.82,4.05,2.774,408.89,1554.42,2644.43,67.1
1507.69,4.176,3.031,617.23,1954.28,2968.8,163.2
1201.56,4.085,2.748,378.65,1536.97,2564.99,57.6
1328.61,4.182,2.936,524.58,1817.18,2910.18,132.6
1432.11,4.175,2.903,618.4,1917.64,2929.31,145.6
1222.65,4.093,2.753,442.91,1581.67,2632.94,74.6
1172.13,4.08,2.745,390.18,1480.09,2599.83,64.9
1350.58,4.134,2.928,542.27,1824.55,2824.39,127.4
1468.2,4.187,2.971,597.53,1930.93,2941.75,155.3
1351.23,4.123,2.867,558.54,1828.96,2768.53,128.6
1106.7,4.019,2.731,360.86,1438.46,2447.02,39.4
1458.34,4.175,2.967,580.18,1920.3,2921.26,151.1
1228.52,4.051,2.745,389.54,1545.26,2601.45,66.5
1288.82,4.086,2.836,471.37,1766.24,2692.94,98.4
1410.56,4.151,2.926,596.06,1885.96,2979.79,141.5
1082.36,4.053,2.713,333.45,1352.41,2480.98,32.8
1356.93,4.186,2.87,575.07,1789.37,2862.0,133.6
1313.03,4.115,2.864,484.67,1707.36,2666.03,101.8
1436.94,4.189,2.951,589.61,1900.32,2924.36,152.0
1116.96,4.016,2.636,327.82,1426.47,2459.03,30.1
1191.93,4.038,2.796,425.14,1577.18,2601.45,72.1
1391.75,4.147,2.943,588.51,1882.56,2879.84,141.8
1035.08,3.989,2.719,303.49,1264.32,2330.98,4.3
1060.91,4.017,2.723,319.37,1371.08,2370.73,20.0
1464.55,4.196,3.064,652.36,1997.82,2943.49,168.4
1181.18,4.044,2.735,402.12,1440.71,2598.36,48.4
1470.59,4.183,3.021,674.93,1953.0,2943.05,165.9
1115.93,4.036,2.747,338.04,1451.14,2426.93,31.8
1193.45,4.039,2.765,368.57,1542.31,2575.25,62.0
1334.03,4.164,2.852,544.26,1799.29,2748.26,128.2
1291.31,4.117,2.848,505.7,1723.41,2827.83,112.2
1270.26,4.154,2.831,455.33,1683.66,2760.41,99.2
1230.92,4.096,2.757,456.91,1654.67,2618.79,90.6
1456.84,4.158,2.959,564.76,1838.89,2879.51,143.5
1110.57,4.029,2.739,359.34,1433.63,2518.85,40.7
1232.7,4.074,2.751,432.26,1521.57,2618.96,75.8
1093.96,4.036,2.712,336.98,1382.31,2467.59,27.3
1291.78,4.115,2.834,494.76,1737.92,2784.77,101.7
1123.46,4.063,2.771,365.69,1409.09,2457.85,43.3
1190.83,4.07,2.791,397.73,1501.91,2565.5,57.4
1203.55,4.09,2.832,453.0,1597.15,2591.13,80.6
1070.77,4.004,2.704,284.99,1263.17,2323.67,5.5
1022.18,4.034,2.687,308.06,1326.65,2388.17,16.5
1350.3,4.148,2.841,509.81,1721.05,2790.71,116.9
1168.94,4.086,2.767,407.39,1544.36,2576.79,73.5
1417.33,4.18,2.946,585.17,1900.53,2930.92,147.1
1337.6,4.113,2.871,531.17,1778.82,2732.07,118.4
1007.91,4.044,2.72,297.34,1274.72,2294.68,2.4
1291.04,4.131,2.837,462.51,1749.72,2780.67,105.2
1020.43,4.023,2.646,336.47,1363.39,2354.64,16.8
1355.62,4.154,2.871,566.67,1890.94,2860.53,133.0
1507.68,4.152,3.033,649.52,1989.83,3059.54,168.6
1253.93,4.097,2.788,434.81,1615.49,2679.08,90.8
1311.89,4.135,2.783,496.1,1752.68,2836.46,116.4
1149.72,4.024,2.786,376.99,1499.47,2428.0,41.1
1177.65,4.066,2.725,436.68,1549.48,2592.99,75.0
1411.48,4.163,2.926,602.82,1914.46,2909.95,145.7
1073.6,4.042,2.743,330.72,1360.29,2394.31,29.3
1144.49,4.072,2.764,383.06,1447.51,2482.53,45.9
1213.07,4.088,2.748,403.85,1570.15,2627.65,76.3
1341.64,4.129,2.915,507.23,1752.79,2809.49,121.4
1133.13,4.062,2.806,415.27,1559.09,2562.51,64.5
1481.3,4.187,2.984,603.54,1987.15,2877.0,157.8
1049.96,4.015,2.708,310.36,1369.0,2361.21,17.0
1179.78,4.077,2.745,371.78,1532.92,2515.55,63.7
1323.93,4.13,2.885,481.73,1733.25,2797.52,120.8
1088.99,4.049,2.744,335.54,1435.1,2472.99,39.2
1353.15,4.137,2.843,497.74,1757.54,2759.69,111.9
1040.54,4.018,2.742,317.86,1386.24,2395.7,28.8
1013.15,3.969,2.709,309.17,1356.1,2294.65,10.5
1103.54,3.999,2.809,333.93,1353.87,2461.86,21.5
1476.94,4.217,2.964,627.46,1927.72,2952.6,158.2
1255.14,4.073,2.864,445.84,1691.51,2681.2,94.2
1419.64,4.184,2.888,568.29,1869.56,2857.52,135.6
1170.53,4.026,2.779,367.08,1550.22,2492.36,57.2
1289.36,4.099,2.758,506.62,1707.47,2772.99,101.2
1241.22,4.087,2.791,442.93,1596.59,2626.7,84.6
1481.28,4.224,3.018,612.52,1880.14,2958.14,160.8
1375.39,4.148,2.9,540.93,1755.1,2846.32,127.3
1408.75,4.139,2.826,535.68,1776.58,2843.96,124.5
1030.7,3.982,2.684,307.74,1349.66,2354.26,8.8
1258.15,4.116,2.867,434.09,1697.09,2651.08,93.9
1191.22,4.078,2.829,421.65,1588.47,2660.35,79.9
1458.44,4.18,3.018,624.58,1968.45,2984.35,157.8
1172.04,4.038,2.815,372.51,1411.54,2542.47,44.5
1155.64,4.062,2.695,413.91,1498.71,2525.63,46.6
1182.18,4.092,2.771,433.07,1552.42,2682.71,70.5
1120.04,4.024,2.742,346.03,1462.59,2492.18,42.1
1037.56,4.006,2.693,347.8,1381.42,2418.12,22.8
1397.0,4.156,2.948,595.15,1903.94,2951.2,145.9
1270.22,4.111,2.865,486.13,1630.65,2762.58,95.3
1411.01,4.189,2.95,595.16,1875.39,2960.27,146.6
1380.95,4.169,2.864,596.72,1901.59,2880.8,141.5
1148.73,4.006,2.77,385.05,1485.18,2542.62,48.7
1259.24,4.121,2.822,469.97,1626.55,2733.51,93.6
1011.55,3.982,2.639,301.11,1345.7,2382.09,15.1
1400.92,4.168,2.961,605.14,1902.95,2907.77,155.7
1178.21,4.08,2.729,395.68,1517.87,2554.01,69.3
1147.8,4.072,2.77,405.14,1529.68,2602.08,67.5
1099.07,4.072,2.74,392.2,1481.47,2561.02,52.2
1247.34,4.075,2.751,438.54,1560.0,2613.81,78.9
1120.55,4.024,2.75,347.42,1475.71,2461.22,43.5
1172.13,4.063,2.741,414.3,1513.7,2553.73,64.4
1385.68,4.178,2.955,544.3,1845.32,2868.67,136.2
1380.29,4.178,2.937,581.49,1885.77,2917.32,142.0
1156.71,4.056,2.748,396.98,1540.75,2541.83,52.4
1219.84,4.116,2.837,415.17,1619.86,2638.04,80.3
1411.19,4.197,2.961,596.13,1893.39,2968.86,148.7
1022.96,4.018,2.709,288.44,1284.45,2468.32,9.9
1407.8,4.153,2.961,624.69,1876.72,2924.25,151.3
1098.5,4.053,2.726,382.46,1397.08,2534.37,38.0
1320.98,4.129,2.878,520.52,1750.71,2752.33,115.7
1267.7,4.105,2.879,487.99,1720.56,2760.32,99.5
1265.24,4.093,2.721,484.13,1658.91,2661.63,94.4
1420.32,4.167,3.001,598.77,1874.67,2889.19,146.2
1064.14,4.0,2.678,300.68,1350.12,2390.18,18.2
1189.51,4.067,2.772,383.66,1564.81,2478.75,59.6
1271.47,4.1,2.768,451.36,1629.44,2611.68,92.0
1420.3,4.165,2.965,540.73,1868.62,2836.4,138.1
1086.26,4.047,2.693,362.53,1413.77,2521.2,37.6
1379.26,4.153,2.95,544.42,1854.57,2855.13,136.7
1206.63,4.06,2.773,420.75,1571.69,2627.63,68.5
1112.28,3.991,2.723,328.39,1447.03,2384.09,32.9
1351.77,4.165,2.86,541.51,1813.7,2849.07,129.3
1069.22,4.012,2.743,318.29,1373.57,2402.32,16.4
1221.59,4.095,2.808,472.37,1647.21,2630.29,88.0
1054.78,4.028,2.722,315.16,1282.62,2441.28,11.8
1169.59,4.04,2.707,391.74,1516.1,2511.69,61.2
1253.14,4.118,2.812,481.38,1767.7,2717.45,102.6
1254.57,4.088,2.832,447.17,1661.65,2794.88,95.0
1247.2,4.089,2.734,419.61,1546.65,2556.34,69.4
1209.18,4.036,2.799,417.37,1563.94,2585.97,73.5
1169.49,4.055,2.717,337.15,1417.78,2481.36,39.3
1180.74,4.102,2.772,439.78,1551.35,2575.81,78.0
1492.59,4.172,3.026,650.03,1894.74,2988.49,162.1
1354.11,4.17,2.945,580.78,1861.46,2826.02,144.7
1076.76,4.004,2.685,317.56,1365.58,2420.84,25.5
1044.61,4.006,2.727,283.79,1315.41,2402.11,6.0
1483.82,4.203,3.009,625.92,1937.33,2979.88,158.8
1231.04,4.081,2.756,435.99,1647.53,2675.16,90.0
1282.42,4.078,2.81,459.12,1616.33,2671.43,91.9
1366.85,4.176,2.918,547.78,1780.3,2846.13,132.9
1147.09,4.096,2.755,387.11,1503.13,2522.47,54.2
1218.46,4.102,2.703,446.19,1630.86,2662.4,82.4
1454.0,4.205,3.029,618.86,2005.09,3004.21,164.7
1362.94,4.125,2.886,519.67,1786.58,2781.21,114.6
1081.59,4.027,2.718,335.43,1421.44,2454.5,27.0
1098.86,4.026,2.717,319.54,1388.62,2433.38,23.5
1128.27,4.03,2.762,337.6,1399.19,2410.27,35.5
1348.6,4.178,2.853,541.67,1829.67,2746.54,130.6
1172.87,4.056,2.775,370.6,1469.57,2527.91,50.9
1038.02,4.002,2.702,276.15,1286.45,2320.69,4.6
1442.76,4.185,2.954,614.39,1968.41,2969.69,160.6
1098.44,4.025,2.745,336.47,1430.7,2503.97,29.7
995.09,4.018,2.743,278.26,1308.37,2320.16,2.6
1156.7,4.044,2.749,367.56,1438.63,2494.48,41.1
1135.95,4.044,2.755,351.75,1440.38,2446.83,40.7
1199.01,4.083,2.754,409.0,1579.24,2625.75,72.3
1487.24,4.176,2.965,619.02,1973.65,2913.98,156.5
1393.5,4.147,2.926,589.82,1962.32,2956.98,149.6
1198.59,4.118,2.808,416.78,1597.26,2634.51,78.2
1189.26,4.098,2.768,407.17,1554.42,2592.77,70.4
1320.77,4.132,2.807,433.77,1669.01,2630.42,94.8
1092.56,4.021,2.762,326.83,1474.18,2431.36,42.1
995.27,4.031,2.748,284.98,1329.37,2382.27,9.8
1429.92,4.227,2.996,604.54,1937.5,3004.7,159.7
1117.19,4.051,2.68,348.37,1404.67,2458.07,32.6
1084.75,4.066,2.732,361.13,1412.77,2447.09,34.5
1220.78,4.106,2.806,438.93,1585.13,2642.04,80.8
1253.04,4.077,2.831,412.53,1598.57,2647.31,84.1
1020.29,4.005,2.681,268.15,1255.13,2308.62,4.1
1083.03,4.002,2.745,332.06,1373.54,2368.57,26.0
1193.67,4.058,2.796,398.34,1571.24,2522.91,64.9
1318.87,4.14,2.859,486.41,1789.62,2755.87,116.6
1108.54,4.043,2.762,338.77,1432.09,2479.94,39.6
1207.31,4.089,2.814,400.35,1622.66,2553.61,72.5
1287.73,4.072,2.793,487.14,1664.34,2694.58,95.2
1418.37,4.174,2.991,610.6,1903.63,2893.36,151.2
1080.85,4.07,2.757,379.0,1441.34,2474.74,56.1
1088.81,4.034,2.708,325.93,1374.21,2387.35,23.6
1256.03,4.11,2.802,442.32,1589.77,2660.93,83.7
1367.3,4.152,2.929,540.98,1849.7,2801.06,127.2
1068.55,4.007,2.748,342.87,1314.97,2456.4,19.6
1187.94,4.09,2.801,438.19,1608.95,2632.83,72.8
1036.48,3.989,2.699,311.99,1297.12,2378.5,4.0
1051.69,4.016,2.691,298.48,1266.92,2471.0,6.7
1231.21,4.101,2.884,432.78,1562.25,2624.3,82.6
1206.02,4.052,2.734,355.48,1492.29,2465.57,51.4
1375.49,4.152,2.924,566.22,1852.97,2862.19,143.8
1292.36,4.139,2.849,497.52,1639.63,2730.55,102.8
1186.55,4.097,2.768,408.3,1650.62,2643.29,77.7
1216.17,4.118,2.814,408.51,1584.47,2604.02,69.9
1197.15,4.106,2.763,422.26,1588.04,2638.95,85.0
999.81,4.012,2.674,294.0,1251.42,2367.83,7.8
1424.65,4.148,2.953,585.94,1952.5,2971.96,151.9
1505.69,4.206,3.053,659.18,1958.05,2968.72,169.7
1077.4,4.023,2.758,333.35,1403.72,2407.73,31.7
1051.62,4.033,2.673,306.44,1372.47,2482.86,21.3
1071.54,4.028,2.689,311.15,1359.57,2374.68,25.3
1311.96,4.149,2.839,507.25,1712.88,2801.78,112.7
1355.42,4.172,2.885,506.17,1685.45,2760.32,112.8
1433.25,4.152,2.983,574.08,1896.51,2954.95,144.3
1356.86,4.167,2.91,537.12,1881.39,2818.21,128.1
1266.31,4.099,2.754,418.51,1553.78,2640.64,77.0
1305.94,4.159,2.824,453.75,1676.72,2682.63,104.6
1307.75,4.149,2.917,515.5,1785.69,2759.33,117.3
1250.61,4.11,2.813,425.37,1560.45,2677.17,87.7
1239.68,4.108,2.758,421.89,1583.14,2615.6,81.4
1292.73,4.144,2.92,503.79,1736.67,2705.63,110.0
1239.78,4.137,2.808,461.74,1641.23,2782.57,95.2
1311.5,4.109,2.851,521.44,1745.1,2755.48,109.8
1284.64,4.111,2.823,474.47,1719.02,2781.0,104.6
1384.93,4.176,2.853,522.37,1788.95,2883.79,122.5
1327.29,4.086,2.892,500.51,1705.94,2734.6,109.6
1231.58,4.098,2.82,450.73,1626.34,2668.64,88.8
1339.29,4.137,2.877,529.2,1759.97,2785.11,116.2
1245.47,4.082,2.755,435.43,1594.37,2643.45,77.0
1083.69,4.073,2.731,376.65,1484.82,2529.77,41.8
991.83,4.001,2.669,260.35,1302.08,2364.55,1.2
1267.04,4.1,2.801,478.06,1656.59,2728.07,95.6
1283.43,4.102,2.85,463.18,1707.27,2707.24,100.8
1483.0,4.2,3.021,643.91,1997.24,2980.43,165.3
1164.81,4.09,2.791,391.57,1505.86,2515.23,62.1
1179.57,4.076,2.8,396.08,1566.08,2615.82,67.6
1110.68,4.031,2.718,360.9,1407.55,2550.92,35.1
1073.84,3.992,2.716,278.87,1334.7,2381.71,12.9
1363.99,4.16,2.889,577.77,1856.05,2899.99,131.6
1183.03,4.05,2.719,367.84,1478.31,2523.97,43.2
1340.68,4.104,2.81,487.44,1677.64,2710.68,103.9
1364.94,4.155,2.872,513.65,1728.66,2750.71,117.2
1239.74,4.124,2.777,428.06,1656.99,2593.75,80.6
1481.71,4.175,2.996,601.7,1957.95,2919.84,149.1
1203.84,4.09,2.841,402.9,1605.96,2643.02,76.0
1116.95,4.029,2.765,323.65,1463.05,2538.36,49.1
1429.09,4.193,2.974,604.56,1910.75,2883.05,152.4
1398.4,4.18,2.947,577.06,1863.77,2954.19,146.6
1087.84,4.019,2.794,317.94,1395.39,2411.14,28.7
1034.78,3.982,2.751,267.76,1292.7,2346.65,5.4
1058.57,4.047,2.7,327.72,1336.11,2358.41,16.2
1138.19,4.059,2.745,397.59,1438.57,2467.78,49.4
1487.75,4.176,3.041,636.56,2007.03,2930.48,165.3
1310.01,4.125,2.79,463.39,1680.29,2726.74,95.4
1193.53,4.074,2.719,405.59,1547.54,2572.85,64.1
1461.31,4.178,2.922,605.52,1860.37,2879.48,151.2
1220.3,4.105,2.786,419.33,1545.15,2602.23,77.6
1111.05,4.005,2.73,397.9,1460.1,2591.26,54.3
1421.79,4.152,3.044,640.32,1977.58,2994.82,160.1
1469.03,4.196,2.896,594.19,1869.28,2921.15,144.6
1400.51,4.165,2.897,607.21,1848.46,2977.0,143.6
1228.56,4.09,2.757,460.15,1652.87,2727.13,87.6
1390.95,4.129,2.891,547.68,1828.61,2856.93,134.4
1105.13,4.033,2.714,337.54,1410.48,2421.8,31.3
1290.8,4.117,2.828,485.37,1647.02,2811.68,97.9
1535.28,4.225,3.046,626.83,1986.61,3037.11,167.3
1178.0,4.059,2.734,367.63,1516.21,2496.26,50.2
1367.14,4.151,2.881,535.84,1879.24,2805.59,135.2
1257.64,4.102,2.818,470.75,1593.71,2562.41,83.9
1023.3,4.022,2.668,301.39,1297.25,2299.69,7.7
1367.42,4.168,2.922,555.46,1842.76,2818.18,130.0
1059.38,4.039,2.679,310.43,1394.61,2489.89,29.5
1260.7,4.129,2.827,510.33,1730.93,2787.39,107.7
1050.96,3.997,2.766,313.06,1377.56,2391.99,15.5
1446.37,4.168,3.07,598.89,1965.28,2988.04,161.0
1164.02,4.028,2.712,378.82,1458.87,2487.32,50.3
1104.82,4.046,2.773,336.34,1469.22,2422.63,39.3
1077.66,4.028,2.763,322.02,1340.57,2400.86,22.8
1503.98,4.211,3.036,636.77,1957.39,3002.34,160.9
1307.03,4.151,2.876,528.51,1762.69,2804.36,121.3
1341.54,4.167,2.832,510.05,1766.56,2851.22,126.3
1242.25,4.093,2.81,447.79,1620.89,2659.77,85.4
1233.66,4.106,2.813,447.66,1607.98,2589.71,81.2
1089.5,3.994,2.718,312.51,1344.84,2408.92,19.6
1288.94,4.107,2.84,473.96,1697.81,2683.83,95.6
1123.27,4.006,2.717,365.48,1422.83,2531.97,42.7
1494.74,4.196,3.023,609.23,1993.06,2921.04,166.1
1396.88,4.182,2.842,579.28,1807.36,2921.66,135.6
1159.81,4.079,2.81,404.57,1633.96,2550.71,70.8
1075.46,4.037,2.693,316.97,1360.59,2413.54,26.6
1388.84,4.161,2.901,545.38,1786.63,2793.3,133.7
1078.43,4.005,2.721,337.53,1353.48,2445.98,21.6
1072.57,4.027,2.711,361.53,1412.9,2405.58,33.0
1073.59,4.059,2.701,353.4,1447.76,2443.2,36.7
1259.94,4.122,2.833,457.9,1697.84,2738.76,95.1
1432.73,4.143,2.856,600.16,1855.21,2833.5,134.0
1130.54,4.029,2.781,379.13,1517.66,2530.6,54.1
1080.69,4.013,2.725,298.32,1368.49,2403.96,15.3
1260.59,4.077,2.781,446.58,1606.27,2648.84,79.5
1364.16,4.144,2.878,538.54,1784.31,2835.81,127.4
1092.75,4.008,2.706,380.86,1430.91,2448.36,38.5
1121.8,4.058,2.724,336.26,1405.56,2454.84,38.2
1475.35,4.187,2.999,623.32,1990.5,2981.09,161.1
1452.85,4.192,3.002,652.14,2000.44,2956.99,162.3
1478.16,4.181,3.103,652.95,2030.45,3003.63,168.4
1405.84,4.154,2.866,560.75,1817.61,2791.13,137.5
1118.51,4.033,2.701,325.23,1437.17,2448.3,32.8
1097.44,4.023,2.755,329.42,1404.39,2486.6,36.8
1161.09,4.058,2.826,368.62,1521.65,2577.6,58.5
1169.47,4.085,2.733,395.25,1519.93,2527.87,54.8
1471.33,4.156,3.044,642.0,1923.1,2982.84,162.7
1377.13,4.16,2.876,565.19,1863.93,2831.08,134.4
1331.56,4.127,2.871,513.92,1742.68,2867.36,123.4
1074.9,4.057,2.728,334.02,1397.82,2434.29,32.4
1516.37,4.177,2.955,614.12,1959.23,2988.78,154.7
1400.41,4.143,2.916,592.68,1907.28,2877.38,140.9
1118.75,4.021,2.681,336.97,1412.86,2386.53,28.7
1470.79,4.18,2.972,594.4,1883.56,2902.11,148.2
1127.51,4.104,2.721,351.71,1445.15,2465.63,47.0
1058.97,3.966,2.684,320.53,1328.57,2367.13,14.7
1318.44,4.104,2.835,499.41,1740.69,2723.9,112.0
1274.04,4.154,2.835,481.25,1763.1,2753.86,111.5
1016.8,3.981,2.712,297.82,1340.32,2426.74,17.0
1154.3,4.058,2.761,391.16,1481.76,2594.01,54.9
1485.33,4.189,3.141,657.45,1983.64,2970.48,168.8
1374.2,4.12,2.858,471.93,1789.18,2808.72,115.7
1347.69,4.14,2.882,531.6,1795.34,2875.72,124.4
1154.69,4.029,2.774,327.37,1467.95,2419.35,37.0
1036.99,4.029,2.71,312.34,1359.97,2308.17,14.3
1181.99,4.076,2.746,375.97,1450.68,2453.37,47.8
1134.39,4.052,2.738,342.02,1433.52,2488.01,43.1
1129.48,4.035,2.745,353.71,1433.85,2393.32,40.6
1084.36,4.037,2.758,353.03,1404.33,2498.35,33.6
1289.06,4.127,2.871,487.21,1713.37,2619.96,98.1
1199.6,4.08,2.792,371.31,1485.87,2542.57,56.4
1397.66,4.17,2.939,586.75,1865.11,2889.45,139.6
1084.86,4.06,2.733,341.64,1412.48,2474.25,32.1
1214.84,4.076,2.859,423.84,1620.07,2679.98,79.5
1062.82,4.017,2.676,286.61,1302.42,2399.22,3.3
1250.57,4.106,2.824,449.39,1623.04,2662.03,82.4
1075.64,3.991,2.734,311.57,1301.83,2337.73,10.4
1495.32,4.2,3.07,653.43,1971.28,2992.2,166.2
1386.4,4.162,2.888,547.92,1846.64,2872.14,134.6
1243.84,4.091,2.89,443.8,1611.57,2661.65,83.8
1078.89,4.006,2.755,305.07,1308.69,2362.76,15.6
1277.26,4.084,2.868,481.77,1678.45,2769.63,101.1
1402.83,4.136,2.867,537.15,1820.33,2818.98,129.2
1105.42,4.026,2.758,363.67,1442.68,2446.33,33.2
1211.24,4.098,2.759,469.11,1645.66,2671.24,97.0
1420.08,4.144,2.915,565.88,1824.07,2909.52,138.6
1341.8,4.173,2.904,555.34,1845.15,2928.78,130.8
1413.49,4.157,2.903,579.86,1836.33,2912.77,136.7
1455.66,4.218,3.004,596.65,1881.33,2874.1,149.6
1473.43,4.191,3.0,617.07,1951.09,2924.79,159.5
1206.64,4.097,2.753,423.72,1529.73,2532.54,69.5
1299.14,4.106,2.851,495.71,1740.44,2717.46,97.1
1373.07,4.143,2.923,579.35,1816.03,2875.57,134.6
1356.37,4.142,2.82,504.87,1774.75,2765.48,118.8
1526.55,4.225,3.113,659.54,2012.05,2974.79,169.2
1066.32,3.992,2.693,286.92,1316.71,2257.51,3.3
1142.01,4.074,2.798,412.18,1488.72,2556.6,61.0
1146.24,4.055,2.762,395.98,1482.86,2483.55,48.5
1103.64,4.044,2.735,326.83,1407.01,2471.39,45.3
1085.02,4.037,2.749,349.97,1438.1,2563.85,38.6
1351.7,4.119,2.874,517.61,1776.25,2827.36,120.8
1053.31,4.009,2.714,297.47,1357.99,2379.51,15.3
1388.25,4.159,2.908,523.84,1810.12,2831.76,126.3
1325.97,4.142,2.876,511.44,1762.93,2769.81,118.2
1119.22,4.047,2.757,354.39,1447.26,2529.95,43.4
1128.76,4.059,2.732,354.12,1406.05,2481.61,43.7
1280.16,4.126,2.831,462.3,1693.98,2702.6,107.3
1352.33,4.151,2.922,548.08,1863.39,2902.08,129.8
1459.48,4.189,2.998,610.56,1910.71,2883.61,149.1
1404.65,4.172,2.926,575.81,1906.41,2980.47,145.0
1509.86,4.188,3.032,609.36,1954.18,3012.12,164.1
1293.11,4.122,2.791,475.8,1709.66,2741.0,99.3
1410.48,4.18,3.029,624.76,1920.89,2898.74,154.6
1408.21,4.154,2.954,567.91,1809.67,2927.35,137.6
1454.56,4.181,2.948,591.78,1916.04,3023.22,152.2
1032.07,3.997,2.679,271.67,1325.78,2291.69,3.0
1477.33,4.171,3.06,645.04,1911.49,2973.26,164.2
1201.77,4.097,2.806,430.96,1627.38,2604.95,81.0
1423.11,4.195,2.933,553.41,1849.67,2847.68,135.9
1066.59,3.998,2.685,311.49,1441.72,2401.99,22.5
1166.48,4.064,2.796,410.34,1618.75,2640.33,67.9
1143.19,4.104,2.743,367.13,1409.68,2448.04,46.9
1122.23,4.036,2.761,372.76,1518.08,2547.31,50.3
1043.74,4.043,2.701,304.95,1349.57,2436.56,21.8
1384.1,4.155,2.912,549.01,1844.86,2829.99,137.2
1003.9,3.994,2.692,276.99,1268.07,2331.63,2.6
1127.4,4.054,2.74,383.16,1470.19,2509.55,53.8
1109.4,4.036,2.793,343.08,1435.46,2445.11,30.5
1278.89,4.083,2.804,499.29,1618.51,2792.99,100.5
1155.41,4.048,2.758,347.29,1430.74,2458.61,44.0
1104.84,4.037,2.754,372.25,1474.26,2508.55,44.8
1189.2,4.056,2.827,414.0,1554.8,2614.0,83.5
1317.49,4.15,2.782,507.21,1729.11,2791.27,111.3
1113.05,3.974,2.662,296.16,1323.71,2417.76,21.5
1102.99,4.071,2.709,316.8,1403.69,2464.76,30.7
1201.35,4.055,2.769,368.87,1447.3,2467.65,42.8
1493.56,4.167,3.025,640.3,2007.57,2936.28,165.6
1195.02,4.101,2.77,402.7,1481.19,2525.77,68.1
1232.82,4.101,2.839,460.18,1709.35,2726.13,102.2
1129.18,4.028,2.715,361.32,1419.42,2506.49,41.8
1237.63,4.058,2.819,441.86,1661.01,2668.06,83.9
1036.79,3.989,2.708,315.91,1315.05,2403.04,13.5
1027.42,3.984,2.709,267.81,1277.66,2325.97,6.9
1221.27,4.105,2.845,442.02,1585.36,2633.77,80.2
1185.34,4.098,2.773,399.85,1568.82,2496.53,68.4
1125.47,3.995,2.72,327.85,1391.37,2409.79,24.1
1322.35,4.14,2.84,514.87,1761.17,2855.62,117.2
1500.24,4.162,3.028,633.98,1965.12,3002.54,168.8
1178.33,4.079,2.779,400.76,1514.16,2668.4,67.9
1319.12,4.165,2.85,477.8,1735.57,2760.5,106.6
1483.66,4.157,3.041,625.25,1986.93,3014.43,163.7
1400.28,4.145,2.948,561.7,1882.58,2912.78,141.5
1172.35,4.103,2.805,436.88,1645.63,2667.43,79.3
1363.55,4.162,2.939,523.1,1775.42,2833.12,125.6
1061.79,3.999,2.705,329.24,1423.9,2443.55,22.7
1242.37,4.128,2.806,497.46,1643.24,2646.57,87.5
1105.58,4.033,2.758,363.99,1452.72,2563.74,48.2
1119.39,4.058,2.686,307.08,1385.29,2493.75,28.2
1224.22,4.09,2.808,449.18,1535.7,2624.75,73.0
1106.51,4.044,2.717,326.97,1335.89,2396.95,23.1
1366.16,4.145,2.876,518.42,1767.03,2745.49,119.1
1231.82,4.1,2.812,422.62,1616.19,2644.51,78.1
1224.61,4.116,2.829,439.74,1625.79,2679.0,90.8
1123.34,4.045,2.731,321.26,1441.37,2395.72,25.7
1051.26,4.02,2.705,312.65,1371.15,2377.81,24.6
1272.23,4.095,2.881,463.58,1666.96,2673.11,99.6
1509.24,4.195,3.006,651.93,1949.81,2992.15,167.5
1075.07,3.998,2.687,326.05,1327.53,2407.6,17.3
1152.44,4.039,2.734,366.62,1515.78,2535.49,49.3
1417.75,4.206,2.929,599.2,1950.91,3038.62,147.9
1031.04,4.019,2.65,335.96,1345.53,2401.5,13.2
1494.62,4.186,3.004,581.86,1905.8,2959.18,149.0
1248.83,4.122,2.834,428.46,1598.88,2675.36,89.6
1190.29,4.089,2.763,423.81,1481.51,2541.2,70.0
1131.08,4.093,2.778,366.86,1494.86,2513.72,53.3
1149.37,4.011,2.749,365.82,1468.49,2593.79,51.2
1152.12,4.035,2.747,378.44,1470.07,2494.96,52.7
1435.71,4.162,2.931,616.95,1922.86,2924.11,150.5
1359.88,4.115,2.884,532.38,1748.82,2812.61,123.3
1366.55,4.133,2.844,476.89,1792.49,2835.61,114.2
1374.88,4.161,2.886,566.81,1901.25,2883.67,136.0
1126.44,4.084,2.773,364.23,1473.37,2519.83,44.5
1280.06,4.138,2.82,475.53,1701.4,2732.85,105.4
1226.2,4.077,2.839,404.07,1577.5,2542.31,78.8
1366.89,4.164,2.886,548.86,1823.79,2835.04,133.2
1135.59,4.019,2.712,343.18,1498.49,2529.48,53.3
1272.46,4.128,2.869,471.42,1759.25,2762.67,109.7
1437.14,4.177,2.945,576.96,1922.46,2891.8,150.1
1202.21,4.057,2.733,390.4,1592.14,2536.42,69.0
1090.39,4.001,2.709,316.09,1339.9,2399.32,12.3
1257.54,4.085,2.774,447.66,1666.97,2656.78,88.2
1154.21,4.045,2.706,395.21,1513.73,2554.61,59.5
1289.75,4.145,2.884,512.8,1716.03,2706.19,114.6
1442.06,4.21,3.053,604.66,2000.57,2956.72,161.7
1198.68,4.103,2.792,430.35,1679.55,2677.64,83.1
1268.71,4.08,2.835,428.38,1608.89,2648.5,79.8
1321.93,4.115,2.881,500.71,1721.06,2747.1,111.6
1044.6,4.005,2.729,320.78,1362.2,2371.56,18.5
1099.77,4.04,2.738,373.48,1439.6,2485.58,43.8
1433.44,4.166,2.965,618.96,1938.17,2958.73,156.3
1307.34,4.152,2.873,535.2,1751.35,2788.06,114.2
1055.13,3.99,2.709,294.49,1265.39,2355.79,3.3
1101.56,4.049,2.694,336.15,1394.99,2493.22,35.6
1292.99,4.106,2.858,533.17,1756.24,2787.29,116.4
1429.34,4.137,2.894,528.79,1813.5,2907.42,130.2
1383.25,4.184,2.926,586.91,1893.7,2916.46,142.9
1126.26,4.07,2.732,369.86,1485.11,2489.13,50.4
1494.25,4.162,2.952,605.91,1964.69,2965.93,158.3
1274.24,4.113,2.815,466.77,1658.54,2715.94,94.4
1324.48,4.143,2.864,515.11,1744.39,2822.47,118.7
1254.79,4.102,2.824,452.55,1663.49,2707.13,101.8
1043.08,4.024,2.733,322.04,1390.62,2327.75,21.7
1456.65,4.161,2.98,617.71,1956.76,3032.59,163.8
1067.48,3.998,2.722,321.15,1342.05,2401.99,21.8
1129.15,4.056,2.69,358.13,1489.5,2410.02,44.1
1393.97,4.162,2.92,574.18,1844.85,2860.99,138.5
1295.55,4.122,2.777,454.56,1645.46,2768.73,105.5
1384.57,4.163,2.907,563.3,1881.91,2846.01,142.6
1252.98,4.11,2.812,451.42,1619.28,2626.01,88.2
1211.77,4.082,2.731,443.76,1514.81,2565.8,64.7
1452.36,4.2,2.942,616.77,1935.25,2950.47,156.8
1026.9,4.001,2.724,287.68,1241.74,2325.28,7.1
1422.61,4.162,2.896,599.0,1833.23,2886.42,145.7
1141.71,4.028,2.734,343.55,1420.72,2510.3,40.0
1394.17,4.147,2.984,589.2,1900.19,2896.65,144.4
1110.48,4.012,2.721,324.96,1364.15,2357.48,24.5
1287.88,4.1,2.833,490.01,1673.49,2760.49,99.1
1438.63,4.209,2.94,609.73,1913.42,2915.68,151.1
1255.61,4.069,2.779,427.26,1632.01,2604.49,81.0
1332.67,4.168,2.887,517.19,1807.2,2818.68,127.2
1405.96,4.154,2.858,547.89,1848.34,2812.92,137.0
1367.71,4.141,2.918,540.04,1781.77,2819.71,125.5
1434.96,4.192,2.993,615.46,1930.42,2970.56,157.4
1224.05,4.056,2.74,425.3,1591.53,2599.89,76.5
1095.77,4.011,2.755,338.26,1434.51,2427.07,30.3
1031.7,3.976,2.717,285.26,1317.96,2332.49,9.1
1142.22,4.035,2.755,355.78,1420.88,2517.32,42.7
1061.61,4.003,2.785,325.23,1365.73,2409.68,25.2
1273.08,4.134,2.828,443.95,1699.65,2674.59,95.3
1090.49,4.018,2.773,328.9,1405.44,2453.03,32.3
1017.18,3.952,2.696,300.91,1263.45,2339.16,7.6
1043.92,3.992,2.708,304.69,1316.01,2342.76,7.1
1402.1,4.181,2.914,563.24,1850.97,2852.12,141.5
1246.11,4.147,2.78,485.7,1656.44,2745.47,101.0
1125.99,4.061,2.714,384.85,1525.69,2546.91,61.5
1460.99,4.168,2.963,589.3,1892.94,2915.46,152.1
1014.84,4.006,2.695,332.58,1350.1,2378.48,12.9
1495.92,4.204,3.007,634.77,1987.39,3064.91,166.7
1296.75,4.097,2.836,465.63,1749.47,2770.88,105.2
1083.93,4.025,2.74,331.05,1412.51,2419.42,32.0
1376.16,4.132,2.905,508.41,1740.67,2730.03,115.8
1375.54,4.152,2.878,560.35,1803.36,2850.61,130.0
1223.14,4.078,2.8,413.32,1562.82,2587.58,73.6
1430.63,4.152,2.999,593.96,1908.02,2895.71,146.6
1073.32,4.029,2.742,343.59,1336.59,2417.13,26.5
1134.57,4.049,2.726,359.02,1475.92,2505.5,48.1
1091.47,4.01,2.71,315.04,1313.7,2377.82,16.8
1132.23,4.014,2.739,345.17,1488.04,2445.4,36.6
1166.04,4.054,2.759,358.27,1456.56,2397.39,41.3
1459.65,4.164,2.983,614.33,1955.7,2950.77,156.1
1026.7,4.04,2.718,308.4,1333.19,2401.0,14.2
1192.32,4.057,2.818,413.74,1524.43,2572.02,73.2
1224.08,4.118,2.786,456.35,1648.39,2709.43,91.0
1462.88,4.141,2.929,600.36,1933.33,2942.63,152.9
1484.05,4.154,3.098,683.91,1981.08,3003.26,169.6
1289.41,4.137,2.89,551.61,1808.84,2838.2,128.3
1545.2,4.149,3.055,636.7,1996.22,3009.48,165.1
1369.31,4.17,2.942,551.47,1839.91,2875.63,134.0
1464.95,4.192,2.965,647.91,1979.55,2911.51,163.8
1383.56,4.167,2.851,511.48,1792.35,2851.2,120.5
1019.1,4.005,2.7,287.44,1369.16,2399.52,14.5
1219.78,4.08,2.75,388.74,1529.14,2552.83,68.9
1295.99,4.121,2.84,519.03,1789.7,2686.56,110.3
1134.54,4.047,2.729,410.26,1576.08,2509.73,60.3
1175.25,4.04,2.735,368.4,1447.33,2556.21,47.2
1299.03,4.088,2.803,464.45,1700.79,2706.63,98.6
1485.86,4.194,3.004,611.64,2003.07,2985.72,158.8
1040.13,3.992,2.721,324.55,1345.55,2428.84,6.9
1389.1,4.15,2.914,547.73,1771.55,2795.5,131.0
1318.98,4.199,2.961,535.12,1783.54,2762.17,123.1
1482.57,4.184,3.05,626.97,1956.88,2974.49,163.9
1438.1,4.192,3.018,619.99,1971.94,2964.25,158.3
1335.72,4.149,2.896,551.86,1846.18,2867.55,129.8
1258.2,4.123,2.805,478.63,1603.68,2635.36,88.9
1131.1,4.039,2.77,342.75,1395.09,2433.58,35.5
1250.49,4.1,2.814,468.5,1609.92,2744.55,93.1
1366.78,4.197,2.901,542.12,1817.5,2855.23,130.3
1413.59,4.161,2.961,605.92,1910.65,2940.83,152.4
1385.13,4.152,2.927,562.77,1852.48,2837.88,134.5
1117.24,4.05,2.756,338.19,1464.29,2506.77,34.0
1306.84,4.1,2.871,484.91,1704.98,2768.68,102.3
1172.77,4.076,2.753,374.71,1495.96,2544.48,57.1
1005.06,3.984,2.694,294.28,1309.44,2264.07,2.6
1084.14,4.053,2.741,343.63,1403.0,2495.02,34.8
1083.13,4.034,2.755,308.17,1349.13,2420.91,20.1
1433.59,4.165,2.883,578.37,1883.99,2895.59,143.4
1121.69,4.025,2.745,380.82,1417.9,2543.17,44.7
1127.02,4.043,2.731,368.11,1462.54,2532.07,49.1
1506.72,4.191,3.001,638.17,1944.91,2960.49,163.2
1171.73,4.088,2.749,407.6,1562.18,2617.23,65.1
1039.32,4.0,2.705,295.54,1254.68,2339.71,2.6
1133.87,4.061,2.677,352.83,1443.01,2550.16,49.0
1039.62,4.023,2.708,302.73,1337.31,2409.21,21.2
1099.2,4.03,2.654,302.17,1324.05,2415.05,18.4
1051.37,4.003,2.683,315.13,1380.79,2434.96,14.1
1266.07,4.118,2.83,482.83,1724.77,2777.74,101.3
1060.91,4.031,2.716,342.61,1420.8,2428.8,33.0
1140.22,4.058,2.79,393.33,1513.18,2602.34,62.1
1414.4,4.191,2.984,568.58,1891.59,2880.8,146.7
1250.01,4.1,2.845,407.93,1617.48,2639.44,72.7
1438.42,4.207,2.98,615.13,1925.39,2936.7,155.8
1273.21,4.08,2.842,440.73,1590.66,2596.98,85.2
1186.65,4.082,2.824,410.72,1576.46,2602.06,68.4
1334.69,4.17,2.879,517.94,1801.83,2870.83,127.8
1034.75,4.037,2.739,304.59,1322.5,2397.09,13.4
1021.31,3.98,2.641,278.2,1331.85,2349.25,16.1
1292.01,4.127,2.865,482.12,1730.85,2772.52,111.2
1209.57,4.089,2.852,424.72,1629.86,2644.57,83.3
1337.73,4.188,2.914,530.29,1829.93,2888.62,134.6
1491.18,4.138,2.975,600.19,1944.38,2983.77,155.8
1190.31,4.051,2.771,408.58,1575.85,2531.64,66.6
1268.26,4.144,2.882,497.6,1738.88,2727.92,101.8
1243.9,4.086,2.76,436.26,1597.8,2623.1,85.6
1468.77,4.17,3.032,631.74,2016.31,2995.28,166.9
1340.26,4.195,2.956,573.34,1903.91,2828.51,141.5
1524.78,4.153,2.987,606.19,1969.47,2936.84,155.1
1128.88,4.065,2.779,344.67,1452.23,2504.89,44.0
1361.14,4.121,2.924,558.58,1818.39,2752.41,131.6
1080.73,4.018,2.732,359.03,1412.11,2490.28,45.9
1066.74,4.039,2.75,335.57,1422.35,2403.22,36.3
1510.19,4.171,2.963,616.17,2010.2,2994.84,160.6
1062.14,4.001,2.631,324.81,1301.4,2259.63,4.3
1499.42,4.229,3.005,645.84,1966.62,2962.03,164.2
1050.61,4.019,2.722,322.11,1396.26,2476.04,26.2
1438.54,4.195,2.9,533.64,1825.47,2834.14,139.5
1144.99,4.055,2.754,341.26,1457.51,2478.63,47.6
1184.0,4.084,2.769,392.87,1542.4,2555.12,60.3
1118.75,3.989,2.679,343.6,1441.63,2470.58,37.6
1242.31,4.126,2.818,458.66,1671.55,2623.67,100.0
1136.47,4.074,2.795,388.71,1569.63,2545.9,59.8
1303.41,4.121,2.873,492.64,1695.71,2793.18,112.1
1039.21,4.032,2.669,278.9,1298.96,2420.96,3.6
1008.45,3.995,2.719,299.66,1347.24,2336.66,11.9
1053.19,3.98,2.761,297.23,1382.48,2378.68,17.8
1194.95,4.094,2.773,394.28,1569.94,2620.3,71.8
1418.13,4.133,2.945,547.9,1880.51,2840.22,138.7
1454.82,4.178,2.979,593.76,1913.66,2982.39,151.1
1094.66,4.069,2.727,333.08,1494.22,2485.76,42.4
1310.61,4.121,2.797,504.56,1688.09,2717.86,98.1
1344.59,4.147,2.951,562.73,1857.22,2862.54,130.9
1166.83,4.045,2.784,381.82,1440.0,2448.19,49.8
1180.93,4.102,2.774,398.3,1555.77,2608.32,70.1
1253.76,4.076,2.852,440.12,1657.9,2649.68,89.6
1078.03,4.035,2.733,301.65,1385.04,2379.08,23.8
1032.23,4.041,2.729,318.98,1279.33,2360.1,5.4
1096.85,4.034,2.666,348.43,1325.43,2471.01,26.8
1310.48,4.117,2.836,501.94,1664.13,2744.63,106.9
1066.36,4.003,2.75,303.1,1299.58,2434.72,13.4
1107.45,4.021,2.808,333.72,1489.97,2440.99,33.1
1130.12,4.049,2.752,394.84,1417.85,2480.61,58.1
1055.27,4.01,2.691,330.11,1325.81,2329.47,14.2
1082.6,4.045,2.749,349.8,1398.89,2512.76,33.4
1422.87,4.214,2.987,593.31,1932.54,3010.25,155.0
1017.34,3.956,2.707,278.04,1289.5,2351.84,4.3
1318.73,4.079,2.792,509.27,1707.16,2738.07,111.4
1189.44,4.104,2.769,390.11,1572.3,2568.51,66.0
1350.36,4.133,2.888,502.78,1701.87,2774.09,114.7
1314.25,4.116,2.765,499.81,1744.98,2719.33,100.5
1118.95,4.048,2.688,345.36,1443.05,2495.27,38.8
1428.64,4.164,2.885,558.42,1854.85,2908.75,144.2
1236.51,4.133,2.825,484.39,1597.84,2605.58,84.1
1421.63,4.173,2.898,587.82,1897.74,2833.01,140.0
1205.45,4.067,2.746,409.58,1516.78,2617.05,69.6
1490.02,4.19,3.051,642.88,1989.56,2973.46,167.4
1428.59,4.149,2.865,517.71,1823.09,2839.31,131.2
1467.24,4.177,3.037,628.58,1971.79,2977.23,164.2
1281.33,4.132,2.885,438.13,1651.09,2646.72,87.9
1191.49,4.093,2.789,435.96,1624.76,2646.21,81.1
1387.22,4.126,2.838,567.8,1825.1,2859.85,128.7
1469.57,4.183,2.944,602.99,1941.11,2912.53,149.8
1432.21,4.221,3.037,664.11,1979.85,3030.18,163.9
1159.14,4.08,2.772,361.86,1484.55,2603.08,55.8
1407.62,4.143,2.94,538.28,1811.4,2828.01,136.0
1111.23,4.013,2.715,364.68,1422.53,2480.72,36.6
1269.69,4.134,2.813,462.44,1669.1,2679.97,93.2
1094.99,3.996,2.653,343.52,1346.61,2413.33,31.4
1138.75,4.071,2.785,390.05,1528.93,2554.42,59.7
1520.88,4.174,2.953,621.85,1920.61,2867.35,158.4
1064.54,4.048,2.724,336.57,1349.67,2452.48,25.7
1314.35,4.102,2.824,497.8,1725.54,2783.14,107.9
1267.52,4.099,2.834,470.21,1629.03,2730.83,101.2
1009.51,4.029,2.742,353.63,1403.0,2443.18,21.4
1133.21,4.075,2.748,384.69,1527.94,2513.58,56.1
1232.62,4.136,2.805,464.41,1634.41,2589.96,96.1
1122.03,4.04,2.728,333.58,1398.97,2429.47,32.6
1375.58,4.165,2.896,567.34,1851.38,2814.44,136.3
1471.51,4.215,3.003,633.65,1955.88,2981.25,165.3
1080.11,4.009,2.79,316.89,1408.58,2524.73,37.3
1096.98,4.013,2.672,334.87,1400.76,2460.36,32.6
1198.47,4.06,2.815,411.52,1591.62,2617.95,77.9
1387.65,4.094,2.889,544.23,1802.94,2871.45,127.4
1143.83,4.067,2.725,368.22,1471.33,2579.48,48.6
1010.53,4.024,2.702,279.74,1303.6,2355.46,4.4
1279.35,4.115,2.821,473.37,1644.16,2660.69,92.5
1475.88,4.199,3.054,629.19,1979.28,2975.05,162.7
1186.93,4.075,2.744,399.77,1581.68,2591.65,67.1
1163.34,4.08,2.77,410.03,1580.66,2597.27,72.0
1480.77,4.227,3.058,630.04,2028.05,3030.15,164.7
1343.27,4.167,2.866,526.22,1725.08,2824.57,118.4
1381.27,4.13,2.898,516.84,1768.0,2761.36,122.5
1249.87,4.131,2.863,468.35,1680.8,2650.6,96.1
1542.69,4.219,3.051,630.84,1987.52,2961.16,165.7
1346.2,4.148,2.851,506.67,1751.29,2747.09,117.4
1403.71,4.186,2.956,609.93,1937.17,2909.11,152.3
1316.56,4.144,2.91,506.51,1776.96,2793.96,119.2
1391.76,4.115,2.892,542.84,1832.71,2811.24,125.2
1171.32,4.02,2.746,376.18,1443.97,2524.54,50.1
1146.57,4.07,2.767,395.73,1486.54,2513.09,52.3
1385.14,4.133,2.869,528.44,1820.11,2795.23,133.3
1113.95,4.025,2.747,388.89,1505.87,2483.25,51.1
1301.74,4.067,2.825,462.79,1686.32,2659.01,96.1
1097.23,4.034,2.739,331.46,1432.86,2458.45,43.1
1420.6,4.169,2.912,559.26,1889.22,2890.56,139.1
1095.91,4.023,2.701,323.34,1352.04,2381.82,19.7
1407.36,4.181,2.926,573.16,1831.37,2845.67,141.2
1312.76,4.109,2.884,502.75,1691.57,2724.69,102.9
1140.82,4.032,2.662,333.6,1473.99,2460.18,32.6
1265.2,4.121,2.842,459.05,1649.14,2697.42,92.6
1132.3,4.059,2.748,366.18,1477.37,2608.64,48.7
1153.5,4.047,2.759,367.12,1507.48,2516.07,55.7
1149.43,4.071,2.755,391.42,1517.24,2573.65,60.4
1023.38,3.965,2.715,298.67,1367.11,2409.14,11.7
1503.16,4.197,3.08,644.89,2011.06,3052.92,167.6
1025.44,3.985,2.637,293.84,1319.63,2335.38,6.3
1326.96,4.16,2.923,505.85,1735.21,2696.96,113.0
1139.84,4.049,2.777,399.99,1553.27,2559.6,63.7
1308.07,4.128,2.858,515.83,1721.84,2771.89,110.2
1195.93,4.057,2.727,378.78,1534.67,2667.58,61.2
1296.55,4.121,2.847,499.43,1813.57,2721.03,114.9
1353.58,4.151,2.926,553.88,1839.87,2812.18,124.2
1286.78,4.127,2.872,536.05,1760.63,2760.86,117.7
1030.92,4.052,2.724,320.56,1361.73,2436.63,20.3
1336.11,4.089,2.844,533.97,1706.19,2740.39,112.0
1127.83,4.062,2.809,375.47,1461.24,2449.42,48.3
1073.98,3.996,2.688,320.3,1231.53,2261.29,5.9
1208.22,4.077,2.818,435.51,1590.73,2611.6,71.1
1219.5,4.088,2.785,444.59,1554.21,2616.99,74.3
1195.32,4.109,2.809,414.93,1597.85,2657.37,80.0
1330.88,4.144,2.886,532.75,1761.17,2803.12,120.1
1130.23,4.076,2.784,376.34,1519.52,2542.3,53.2
1124.82,4.058,2.78,359.65,1534.18,2552.86,54.3
1057.98,3.983,2.686,321.21,1361.64,2331.29,11.2
1352.84,4.133,2.904,533.41,1723.04,2785.46,117.1
1281.18,4.133,2.799,467.05,1693.25,2724.95,97.0
1146.33,4.056,2.731,381.88,1490.9,2519.13,60.1
1348.96,4.117,2.867,523.74,1779.5,2727.58,120.2
1208.39,4.116,2.831,430.59,1680.33,2697.87,91.8
1256.29,4.096,2.769,412.69,1594.4,2630.57,80.3
1211.06,4.083,2.809,443.69,1639.18,2719.91,87.4
1277.48,4.119,2.809,504.78,1705.37,2777.45,108.5
1320.38,4.125,2.851,502.06,1774.19,2754.51,112.5
1144.69,4.052,2.781,362.73,1468.25,2462.68,49.8
1073.04,4.034,2.692,312.23,1357.06,2471.67,24.8
1053.87,4.016,2.684,366.01,1394.05,2459.66,27.5
1335.36,4.139,2.863,480.63,1753.79,2804.7,109.1
1387.47,4.163,2.929,565.74,1859.96,2951.17,148.5
1157.83,4.11,2.855,403.11,1573.26,2548.9,70.2
1084.47,4.06,2.729,341.12,1377.65,2455.42,29.6
1335.87,4.132,2.927,545.48,1833.58,2871.17,128.9
1438.36,4.141,2.892,564.48,1855.44,2889.37,141.7
1404.36,4.195,2.971,599.4,1881.81,2904.96,149.8
1329.55,4.123,2.811,500.74,1680.9,2712.46,103.6
1448.9,4.182,2.941,590.95,1897.48,2873.72,146.5
1053.9,3.981,2.668,290.76,1305.48,2330.49,3.6
1107.92,4.011,2.741,317.05,1331.76,2345.47,19.1
1056.65,4.004,2.716,299.22,1342.32,2312.78,16.6
1319.21,4.146,2.882,532.61,1761.23,2781.02,121.4
1042.53,3.981,2.743,319.38,1314.08,2347.18,12.8
1222.1,4.093,2.807,463.0,1606.94,2745.77,84.9
1207.15,4.065,2.831,440.59,1583.48,2694.84,80.9
1153.16,4.046,2.811,378.43,1453.32,2523.13,53.5
1420.48,4.171,2.956,620.24,1897.7,2909.71,148.1
1068.73,4.037,2.732,335.43,1427.2,2479.64,29.8
1162.3,4.077,2.796,384.91,1521.74,2558.75,60.6
1390.46,4.168,2.947,540.81,1817.86,2837.51,131.8
1053.0,3.968,2.697,280.59,1323.49,2334.54,6.1
1284.04,4.157,2.845,502.42,1736.28,2770.23,114.7
1391.59,4.149,2.949,597.79,1864.54,2829.25,139.0
1458.65,4.174,3.01,607.98,1900.79,2999.27,158.6
1401.91,4.18,2.98,617.55,1904.3,2904.45,149.1
1150.33,4.051,2.78,378.0,1485.99,2587.45,55.0
1284.1,4.121,2.841,491.9,1631.31,2760.39,100.1
1061.25,4.018,2.711,289.8,1317.02,2394.51,14.1
1127.63,4.03,2.765,360.73,1382.72,2545.26,44.6
1033.28,4.007,2.664,286.64,1324.07,2378.64,16.9
1201.72,4.054,2.798,380.02,1507.86,2512.05,54.3
1451.6,4.193,2.968,605.97,1876.36,2888.29,148.9
1179.82,4.054,2.741,404.88,1494.15,2558.61,59.7
1293.4,4.098,2.832,466.93,1623.69,2728.49,96.0
1212.27,4.061,2.829,414.75,1585.2,2629.08,74.2
1250.44,4.069,2.805,430.5,1581.53,2707.66,78.6
1484.34,4.167,3.006,627.53,1975.12,2999.3,164.9
1142.86,4.039,2.715,364.82,1514.24,2499.52,51.1
1316.81,4.154,2.922,485.91,1687.28,2751.44,107.0
1239.28,4.093,2.733,418.86,1604.98,2640.81,72.0
1079.43,4.03,2.71,322.88,1312.04,2346.07,11.3
1247.69,4.074,2.787,459.64,1648.21,2626.18,83.7
1410.45,4.122,2.953,562.82,1853.06,2917.75,138.5
1074.6,4.018,2.672,299.98,1295.77,2420.93,17.7
1069.74,4.043,2.75,292.77,1288.07,2372.1,12.8
1112.81,4.014,2.716,306.34,1373.98,2405.74,27.0
1365.66,4.153,2.893,558.01,1769.54,2826.85,130.2
1383.39,4.111,2.874,509.59,1805.0,2822.68,123.4
1278.39,4.11,2.81,434.31,1696.17,2732.01,96.5
1239.01,4.086,2.788,443.47,1557.0,2678.72,80.1
1472.58,4.135,2.984,610.18,1905.1,2930.21,151.1
1391.47,4.131,2.849,531.82,1818.38,2791.69,130.6
1419.69,4.138,2.898,571.54,1876.04,2928.77,138.2
1387.75,4.129,2.966,547.78,1868.68,2919.08,138.4
1346.17,4.111,2.85,496.58,1716.23,2794.48,109.6
1235.25,4.097,2.779,434.26,1551.73,2685.08,78.4
1428.32,4.159,2.91,600.0,1895.58,2939.88,147.1
1486.25,4.208,2.953,622.48,1938.75,2953.73,157.5
1091.1,3.989,2.722,262.38,1270.34,2296.43,5.0
1008.47,4.009,2.673,303.14,1376.85,2327.54,9.7
1456.79,4.201,3.04,663.93,1973.13,2956.15,163.0
1201.43,4.08,2.72,373.12,1447.06,2539.99,47.8
1440.55,4.159,2.949,572.6,1885.39,2976.5,148.6
1190.01,4.081,2.775,393.92,1569.81,2639.1,66.7
1062.84,3.997,2.69,310.52,1394.15,2385.29,21.1
1079.8,4.042,2.706,271.91,1351.07,2372.68,14.6
1146.85,4.003,2.657,330.9,1414.26,2374.24,27.4
1105.54,4.051,2.74,353.19,1410.53,2557.3,43.2
1230.05,4.124,2.818,435.31,1614.73,2592.74,83.6
1330.02,4.114,2.849,519.52,1737.76,2788.49,119.6
1510.67,4.209,3.058,632.94,2013.52,3046.04,167.7
1240.56,4.064,2.796,435.82,1609.27,2634.94,75.6
1287.37,4.146,2.819,453.47,1607.83,2693.65,88.6
1267.78,4.062,2.774,444.04,1622.17,2683.37,89.2
1320.21,4.074,2.823,465.26,1624.03,2616.01,92.2
1232.26,4.077,2.762,455.88,1643.97,2688.55,88.5
999.49,3.971,2.67,272.29,1282.01,2355.06,2.5
1054.25,4.002,2.687,282.08,1281.55,2303.2,1.3
1059.81,4.048,2.714,309.28,1334.28,2419.07,17.5
1023.97,4.036,2.672,304.25,1401.68,2373.27,18.2
1332.64,4.143,2.867,502.41,1803.62,2852.77,120.1
1108.82,4.034,2.756,335.01,1412.44,2458.87,35.6
1425.37,4.166,2.937,621.7,1872.64,2950.25,152.2
1434.79,4.193,2.925,607.96,1893.79,2962.76,157.9
1481.27,4.191,3.052,652.47,1932.7,3012.32,165.9
1439.34,4.191,2.97,621.85,1965.87,2962.44,159.7
1147.82,4.033,2.728,368.03,1457.98,2533.99,46.9
1194.16,4.074,2.815,429.26,1668.39,2693.66,87.2
1091.95,4.028,2.727,352.62,1418.14,2392.02,30.7
1406.71,4.16,2.949,595.48,1784.14,2893.1,137.2
1435.83,4.165,2.955,589.48,1889.09,2905.15,151.1
1445.25,4.154,2.943,603.37,1834.96,2891.54,144.9
1171.89,4.093,2.738,401.08,1564.47,2603.73,74.2
1351.04,4.159,2.916,543.91,1824.44,2818.25,129.2
1048.46,4.049,2.687,294.28,1346.28,2444.9,17.5
1050.9,4.027,2.792,301.07,1305.29,2296.23,7.8
1371.18,4.125,2.888,539.41,1775.83,2721.73,128.3
1255.95,4.076,2.8,416.53,1640.13,2585.96,72.9
1477.35,4.172,3.092,667.64,2001.11,2989.34,169.2
1021.7,3.975,2.705,330.42,1390.97,2356.6,17.4
1464.99,4.214,2.956,583.1,1913.13,2862.82,145.6
1192.6,4.121,2.87,453.38,1628.23,2672.91,82.1
1422.0,4.151,2.906,590.72,1885.24,2885.81,140.8
1375.09,4.187,2.856,585.84,1842.65,2975.41,139.1
1401.47,4.21,2.941,614.31,1917.21,2910.66,155.8
1134.21,4.015,2.784,378.93,1477.94,2538.02,51.3
1494.39,4.207,2.993,622.93,1956.13,2987.68,161.5
1048.96,4.013,2.79,362.94,1306.91,2413.54,26.6
1064.62,4.016,2.726,313.31,1333.11,2335.9,14.9
1224.39,4.142,2.769,418.27,1592.41,2608.76,73.9
1373.76,4.196,2.906,581.51,1828.74,2904.23,141.0
1219.53,4.088,2.787,438.48,1573.14,2614.16,81.0
1445.5,4.193,2.867,605.31,1870.5,2873.04,141.1
1369.67,4.105,2.894,532.48,1805.7,2809.6,124.3
1097.86,4.045,2.754,357.15,1414.83,2431.88,36.4
1481.77,4.2,2.978,624.98,1970.67,3016.49,161.4
1024.35,4.018,2.653,275.92,1323.44,2371.19,11.3
1471.32,4.169,2.941,604.29,1909.75,2922.02,152.8
1174.39,4.062,2.786,388.94,1484.48,2559.68,52.5
1241.11,4.113,2.832,446.13,1623.54,2664.92,85.5
1206.72,4.033,2.793,398.9,1569.35,2654.42,72.4
1063.16,4.021,2.773,357.83,1389.7,2403.42,30.0
1137.25,4.048,2.719,376.25,1533.42,2587.18,61.5
1087.82,4.045,2.723,328.94,1436.99,2451.6,33.6
1099.8,4.061,2.748,327.06,1429.09,2513.6,35.5
1121.26,4.018,2.751,323.18,1335.28,2487.3,32.6
1255.78,4.072,2.829,440.72,1574.85,2662.89,83.6
1393.94,4.16,2.936,570.25,1862.52,2873.27,135.9
1301.53,4.087,2.869,460.86,1650.02,2702.08,97.2
1417.11,4.173,2.988,610.51,1952.61,2971.88,152.0
1332.52,4.117,2.816,507.16,1679.74,2729.88,108.6
1312.76,4.147,2.856,511.57,1787.98,2784.77,117.5
1352.37,4.137,2.811,485.14,1720.84,2797.72,113.8
1213.45,4.088,2.824,448.53,1621.72,2594.94,77.0
1282.56,4.168,2.906,506.44,1741.07,2746.61,117.5
1063.41,4.011,2.665,270.64,1296.38,2407.0,12.8
1442.79,4.162,2.934,581.67,1894.26,2846.26,146.3
1367.24,4.148,2.853,561.42,1785.53,2884.76,132.5
1110.82,4.027,2.738,367.96,1416.02,2474.01,42.4
1369.5,4.131,2.876,531.54,1848.22,2792.41,130.8
973.78,3.966,2.655,259.96,1331.14,2387.54,3.1
1048.69,4.059,2.734,352.7,1418.39,2396.81,37.7
1075.81,3.99,2.757,310.23,1307.49,2412.36,12.0
1359.33,4.16,2.93,570.44,1785.67,2964.7,132.9
1413.48,4.143,2.888,558.61,1832.06,2900.69,128.7
1431.95,4.161,2.92,569.92,1843.4,2859.71,138.5
1057.81,4.015,2.744,271.65,1245.9,2389.0,1.8
1222.36,4.099,2.846,437.25,1633.6,2705.07,85.7
1300.3,4.12,2.866,519.09,1735.21,2764.73,120.1
1053.93,4.012,2.736,315.33,1387.58,2388.57,27.3
1301.14,4.144,2.826,517.03,1722.11,2770.25,110.8
991.78,4.018,2.706,323.36,1340.77,2401.99,15.2
1080.33,4.048,2.749,316.02,1357.05,2486.47,31.6
1221.32,4.086,2.832,430.43,1612.88,2682.2,81.4
1281.86,4.1,2.838,533.23,1683.36,2771.72,111.5
1051.03,4.032,2.748,343.63,1384.69,2401.18,25.7
1088.38,4.035,2.732,340.98,1400.61,2483.87,32.3
1111.14,4.039,2.723,360.55,1360.22,2505.34,35.6
1094.95,4.013,2.797,379.62,1439.56,2488.73,41.3
1119.19,4.026,2.726,352.46,1452.55,2467.42,39.3
1191.62,4.055,2.746,386.41,1536.03,2568.78,67.8
1315.51,4.136,2.837,515.28,1697.8,2703.75,111.5
1192.06,4.091,2.812,435.44,1566.99,2587.89,75.0
1344.35,4.152,2.875,536.81,1760.16,2904.12,132.1
1390.4,4.161,2.906,532.48,1795.05,2809.21,122.6
1084.61,4.047,2.688,308.54,1386.04,2384.63,22.4
1061.73,4.008,2.695,273.16,1297.44,2355.8,9.3
1430.28,4.188,3.022,598.68,1897.94,2901.43,149.4
1045.23,3.997,2.677,328.49,1365.54,2394.97,14.5
1090.36,4.008,2.658,331.75,1424.37,2408.72,26.1
979.87,4.016,2.733,292.98,1315.76,2337.17,4.7
1273.57,4.105,2.806,472.44,1687.6,2664.2,107.2
1258.47,4.127,2.809,484.17,1721.36,2675.14,99.4
1481.27,4.232,3.075,635.7,2008.31,3003.36,167.8
1415.28,4.189,2.982,587.62,1919.71,2916.29,150.9
1203.86,4.075,2.712,425.45,1569.79,2621.89,70.4
1179.29,4.042,2.762,380.43,1564.7,2582.16,63.8
1177.95,4.056,2.779,370.47,1424.44,2578.16,51.2
1141.67,4.043,2.781,310.94,1376.43,2309.36,26.8
1042.16,4.016,2.679,319.36,1337.13,2413.64,24.3
1074.96,4.039,2.747,289.23,1379.69,2437.82,23.4
1067.26,4.022,2.692,324.85,1330.63,2403.34,20.3
1117.67,4.047,2.771,361.31,1533.79,2473.94,41.6
1120.44,4.049,2.725,409.53,1509.66,2511.03,52.8
1455.53,4.163,3.012,636.13,1935.2,2947.81,163.5
1282.49,4.103,2.844,459.73,1710.16,2694.23,98.8
1469.39,4.189,3.083,659.19,1978.06,2954.74,167.9
1181.64,4.081,2.79,413.5,1536.05,2562.09,63.9
1211.52,4.086,2.783,448.33,1589.63,2596.75,78.3
1159.22,4.081,2.746,353.4,1444.81,2584.47,55.9
1069.06,4.035,2.78,326.93,1383.57,2411.44,31.9
1079.83,4.011,2.726,311.76,1340.9,2482.35,25.2
1447.26,4.172,2.989,647.99,1884.96,3000.36,160.7
1496.6,4.185,3.069,656.04,1973.82,3038.07,167.8
1068.47,4.004,2.715,313.68,1301.07,2353.0,8.6
1085.47,4.015,2.679,311.26,1335.49,2378.8,26.4
1209.55,4.058,2.801,418.64,1601.87,2539.09,72.6
1114.81,4.05,2.682,314.09,1415.21,2481.71,32.5
1138.6,4.07,2.751,379.51,1530.31,2563.11,62.5
1112.91,4.024,2.685,323.02,1380.65,2392.16,22.8
1190.75,4.07,2.792,431.66,1609.48,2655.6,78.2
1153.85,4.027,2.735,371.35,1470.78,2610.54,46.9
1186.85,4.061,2.762,382.22,1565.14,2560.47,60.5
1032.79,3.97,2.65,317.29,1278.98,2431.27,16.9
1228.9,4.096,2.785,418.34,1588.76,2603.95,73.4
1503.03,4.182,3.014,665.89,1975.75,3027.1,167.2
1204.87,4.055,2.83,377.83,1544.6,2547.48,56.6
1436.38,4.183,2.943,567.19,1915.58,2951.32,149.1
1410.84,4.163,2.929,589.58,1875.73,2917.13,143.5
1460.29,4.167,3.03,633.24,2006.01,2941.32,161.9
1341.58,4.186,2.951,544.46,1833.35,2800.56,134.5
1309.34,4.098,2.824,499.78,1753.7,2676.79,112.5
1413.88,4.125,2.961,589.01,1870.46,2918.03,145.8
1054.15,4.025,2.732,299.81,1333.3,2428.63,13.8
1184.57,4.059,2.803,413.94,1659.58,2657.15,79.2
1487.98,4.223,3.062,642.08,2017.44,3047.86,168.2
1388.73,4.159,2.886,562.51,1836.14,2908.76,131.1
1495.62,4.198,3.01,627.3,1929.31,2994.31,163.6
1333.12,4.143,2.903,556.6,1901.66,2759.57,132.8
1448.37,4.157,2.941,591.31,1866.71,2867.31,148.9
1335.22,4.131,2.903,504.89,1778.18,2771.78,120.4
1364.9,4.132,2.872,543.88,1830.35,2780.3,129.5
1190.16,4.125,2.841,445.88,1660.08,2608.34,89.4
1495.09,4.169,3.026,627.13,1920.08,2946.37,157.2
1408.21,4.174,2.938,591.1,1885.43,2833.22,140.4
1375.64,4.188,2.883,593.85,1842.84,2860.95,143.6
1333.52,4.114,2.882,498.96,1800.82,2787.06,114.7
1155.23,4.062,2.736,358.75,1447.11,2492.37,52.5
1061.77,3.981,2.679,271.4,1287.2,2350.74,7.0
1456.31,4.183,3.006,623.38,1967.21,2944.71,159.1
1280.58,4.104,2.868,465.54,1681.88,2759.99,100.1
1127.64,4.04,2.704,357.38,1526.63,2497.01,51.4
1093.38,4.026,2.721,356.6,1416.52,2369.2,26.2
1386.61,4.14,2.989,581.77,1883.54,2870.26,141.2
1387.63,4.184,2.9,582.51,1852.48,2973.71,142.4
1396.46,4.14,2.916,572.39,1853.56,2934.08,138.7
1279.27,4.101,2.836,523.25,1686.57,2822.93,110.0
1214.73,4.063,2.792,394.26,1503.49,2585.2,62.9
1194.57,4.047,2.718,385.29,1477.98,2534.43,52.4
1008.92,4.0,2.642,300.11,1311.27,2289.99,2.4
1373.73,4.167,2.957,604.09,1884.58,2904.06,141.9
1060.9,3.977,2.713,308.89,1329.14,2328.12,15.8
1290.61,4.143,2.814,511.89,1697.05,2739.65,107.6
1269.36,4.091,2.807,418.1,1650.25,2677.7,86.2
1231.31,4.106,2.777,485.61,1626.36,2652.61,90.0
1472.73,4.229,3.016,623.19,1963.59,2966.88,157.6
1032.42,4.024,2.702,304.31,1315.63,2324.22,6.3
1359.41,4.157,2.882,531.56,1858.23,2740.39,131.7
1043.9,3.975,2.681,278.52,1287.98,2389.66,9.8
1054.19,3.972,2.681,285.12,1291.12,2375.07,7.4
1206.64,4.104,2.756,419.16,1573.94,2587.35,73.6
1044.85,3.996,2.741,298.07,1311.74,2362.77,11.7
1362.83,4.153,2.945,551.25,1817.9,2954.85,134.4
1281.0,4.079,2.805,451.96,1625.3,2707.2,90.5
1054.64,4.006,2.684,257.24,1260.01,2319.06,5.9
1022.92,4.023,2.662,301.87,1282.81,2365.39,7.8
1290.45,4.15,2.838,483.81,1727.45,2758.36,104.5
1429.03,4.151,2.933,578.81,1877.7,2854.09,137.2
1179.91,4.096,2.826,414.55,1588.53,2610.04,75.0
1279.77,4.105,2.798,458.67,1656.59,2625.94,94.7
1376.36,4.176,2.865,564.26,1843.0,2856.27,136.2
1336.92,4.119,2.812,495.78,1747.2,2682.17,104.2
1112.68,4.022,2.753,367.73,1456.0,2426.08,39.0
1325.26,4.146,2.842,485.9,1628.39,2717.99,104.6
1282.38,4.124,2.878,498.83,1692.42,2764.49,107.2
1324.49,4.137,2.888,535.11,1781.1,2738.84,125.1
1291.82,4.124,2.894,485.12,1758.46,2727.08,105.9
1489.3,4.179,2.98,607.13,1995.05,2920.41,164.8
1086.35,4.041,2.655,344.98,1368.36,2540.51,34.3
1491.58,4.186,3.049,614.11,1982.85,2907.52,161.7
1251.44,4.088,2.796,471.24,1738.32,2680.91,92.0
1271.57,4.179,2.868,496.55,1775.01,2726.08,114.6
1071.31,3.992,2.712,303.89,1319.21,2405.25,17.8
1159.35,4.078,2.785,389.42,1584.07,2486.97,65.3
1365.16,4.153,2.887,557.15,1833.24,2898.42,131.0
1380.41,4.118,2.848,519.02,1756.12,2896.72,120.5
1077.36,3.993,2.665,303.9,1307.21,2396.86,7.8
1246.35,4.078,2.84,421.2,1650.89,2695.03,93.4
1067.28,4.051,2.729,339.07,1316.78,2366.95,15.9
1483.86,4.194,3.066,632.94,1960.25,2956.33,169.3
1435.77,4.175,2.95,615.37,1902.48,2878.39,152.6
1010.16,4.035,2.709,297.53,1291.64,2313.16,4.6
1378.79,4.154,2.9,597.66,1914.79,2924.63,146.1
1457.47,4.209,3.041,601.35,1899.28,2923.3,156.4
1176.13,4.077,2.782,387.45,1478.57,2552.07,60.7
1331.33,4.102,2.877,534.64,1788.89,2818.2,122.6
1237.48,4.076,2.816,423.27,1572.9,2658.05,75.7
1304.17,4.137,2.876,489.32,1726.09,2838.95,111.7
1146.93,4.063,2.772,396.68,1483.07,2486.14,58.5
1167.93,4.059,2.703,416.39,1472.09,2618.11,55.5
1163.36,4.068,2.799,410.65,1536.49,2662.61,72.7
1099.58,4.007,2.762,333.42,1322.6,2452.35,25.6
1397.01,4.159,2.914,578.59,1880.08,2870.9,141.5
1191.43,4.103,2.796,385.33,1531.38,2539.43,59.9
1222.74,4.057,2.806,420.59,1602.8,2633.56,68.6
1457.17,4.168,2.974,614.3,1935.73,2912.79,152.1
1216.09,4.095,2.812,434.56,1620.87,2577.97,84.9
1228.32,4.076,2.838,481.88,1670.66,2682.72,93.0
1439.78,4.2,3.026,630.36,1954.99,2945.62,162.6
1464.73,4.151,3.018,615.34,1886.84,2964.56,150.9
1083.75,4.005,2.753,338.5,1412.0,2381.88,29.6
1210.14,4.067,2.822,434.92,1614.5,2738.36,81.0
1480.58,4.161,3.062,636.77,1939.37,2977.57,165.1
1204.63,4.094,2.794,409.08,1532.08,2504.23,63.9
1196.71,4.079,2.71,382.16,1507.7,2573.56,63.8
1109.1,4.05,2.726,346.76,1437.59,2471.36,34.0
1079.66,4.032,2.693,336.44,1342.45,2450.07,20.3
1363.45,4.142,2.899,544.81,1852.55,2824.67,126.1
1382.1,4.151,2.885,523.22,1859.06,2848.57,131.1
1488.13,4.214,3.045,615.11,1943.17,2981.8,164.8
1376.33,4.185,2.891,551.15,1806.23,2796.3,131.7
1138.11,4.017,2.792,344.56,1463.32,2487.41,42.1
1042.06,4.05,2.745,308.71,1307.4,2349.94,7.8
1469.79,4.171,3.007,636.22,1980.26,2961.97,167.5
1176.15,4.053,2.774,396.39,1512.41,2475.51,58.5
1156.14,4.058,2.744,407.72,1487.06,2516.74,53.7
1462.97,4.184,2.981,608.0,1957.41,2959.59,154.1
1277.17,4.153,2.852,460.61,1677.71,2775.2,99.9
1127.07,4.056,2.696,353.3,1437.63,2458.9,37.3
1436.92,4.185,2.933,604.48,1928.15,2917.95,151.3
1514.36,4.219,3.041,650.71,2032.13,2984.12,168.9
1040.76,4.016,2.689,329.21,1334.61,2394.21,15.6
1414.17,4.158,2.931,570.76,1898.38,2885.81,146.7
1201.09,4.082,2.802,420.16,1557.28,2607.33,67.0
1241.42,4.102,2.822,443.79,1622.32,2582.95,89.6
1507.7,4.165,2.953,632.28,1929.26,2963.35,155.6
1499.21,4.22,3.023,606.01,1952.03,2963.94,165.5
1128.23,4.045,2.674,395.84,1476.78,2493.89,45.3
1126.39,4.013,2.794,342.67,1469.19,2401.69,37.0
1037.6,3.989,2.705,288.75,1275.33,2376.6,14.6
1291.3,4.119,2.856,480.57,1699.16,2721.51,95.9
1044.67,4.015,2.714,295.63,1286.89,2378.75,3.3
1227.37,4.087,2.782,419.38,1599.11,2599.72,70.6
1035.65,4.016,2.631,318.79,1335.65,2386.07,13.4
1162.34,4.06,2.765,410.81,1585.63,2619.55,69.5
1017.7,4.001,2.706,290.93,1302.47,2320.68,7.7
1402.22,4.159,2.934,559.52,1874.5,2938.38,142.2
1146.21,4.031,2.764,344.05,1448.95,2409.48,36.4
1212.26,4.058,2.762,376.38,1575.82,2575.57,56.5
1436.7,4.16,3.006,591.8,1883.82,2865.4,148.0
1362.3,4.162,2.86,541.29,1809.26,2770.54,127.1
1099.85,4.017,2.751,374.73,1404.7,2436.41,38.0
1066.67,3.98,2.671,293.21,1319.69,2395.92,13.2
1400.83,4.125,2.907,525.0,1767.48,2763.43,121.9
1230.77,4.09,2.755,398.7,1516.26,2619.41,67.0
1400.91,4.158,2.848,526.74,1835.94,2840.88,130.5
1239.88,4.049,2.748,468.02,1591.16,2575.46,76.3
1186.27,4.075,2.752,375.95,1487.8,2544.91,59.5
1213.43,4.084,2.841,431.98,1554.35,2656.82,77.3
1344.85,4.139,2.915,566.05,1833.55,2879.21,127.5
1445.12,4.175,2.984,587.42,1909.48,2962.2,153.5
1047.52,3.975,2.696,311.24,1379.42,2395.78,9.4
1213.39,4.104,2.781,429.81,1639.28,2675.44,89.6
1026.24,3.973,2.666,281.28,1302.23,2329.35,6.5
1202.17,4.082,2.782,441.02,1594.82,2629.16,80.2
1461.72,4.169,2.941,594.48,1869.0,2978.2,150.6
1158.89,4.082,2.75,417.08,1483.23,2531.4,62.1
1470.49,4.187,2.964,621.34,1989.22,2955.59,158.6
1285.09,4.137,2.849,501.13,1759.83,2762.83,107.6
1503.17,4.162,2.972,609.83,1919.39,2945.48,158.9
1325.26,4.147,2.93,528.51,1828.93,2886.13,129.0
1071.05,4.023,2.743,296.24,1387.93,2407.83,18.5
1081.97,4.064,2.756,338.46,1394.99,2486.19,40.1
1175.01,4.051,2.793,396.0,1548.31,2595.65,67.6
1092.55,4.01,2.677,350.88,1377.24,2483.01,29.7
1241.94,4.105,2.875,448.24,1625.65,2639.56,84.6
1229.97,4.122,2.791,414.5,1640.73,2612.61,80.7
1479.29,4.197,3.037,623.92,1977.95,2988.68,162.6
1190.27,4.06,2.814,419.79,1594.48,2638.16,74.3
1378.69,4.133,2.878,599.93,1768.89,2875.04,133.8
1468.31,4.191,2.982,623.77,1975.91,2866.98,160.2
1436.74,4.181,2.967,601.75,1903.88,2914.78,149.2
1102.42,4.03,2.686,330.54,1484.1,2465.8,36.3
1254.34,4.073,2.804,453.4,1639.49,2683.86,84.8
1168.6,4.086,2.695,411.28,1506.07,2512.8,59.8
1195.43,4.068,2.78,406.13,1609.29,2615.76,68.6
1162.71,4.077,2.811,404.23,1522.91,2540.27,62.0
1378.19,4.128,2.928,581.76,1874.58,2878.0,140.7
1218.91,4.11,2.75,427.82,1548.47,2682.14,77.4
1279.71,4.087,2.798,472.11,1622.58,2683.05,89.5
1501.23,4.223,3.064,629.99,1964.77,2995.85,167.0
1020.71,4.016,2.705,287.92,1313.44,2387.31,11.1
1252.58,4.065,2.818,439.72,1579.11,2678.79,83.5
1368.29,4.158,2.899,545.5,1775.1,2735.9,131.8
1097.16,4.056,2.697,284.11,1383.33,2459.43,26.5
1283.76,4.107,2.846,474.95,1661.61,2784.67,104.3
1126.39,4.074,2.742,323.17,1462.32,2488.71,41.5
1413.68,4.18,2.98,585.97,1956.73,2836.48,147.6
1144.5,4.086,2.747,394.35,1508.2,2513.94,56.3
1118.57,4.063,2.763,385.12,1510.65,2496.88,56.6
1299.11,4.114,2.834,482.79,1629.23,2727.4,102.1
1102.44,4.066,2.795,335.32,1420.89,2451.82,32.0
1148.42,4.065,2.728,372.91,1469.67,2559.32,49.1
1205.14,4.074,2.773,456.61,1578.97,2658.65,71.4
1149.92,4.074,2.739,387.28,1484.89,2661.7,60.8
1274.25,4.09,2.855,452.98,1634.34,2647.86,89.7
1311.85,4.119,2.88,468.38,1733.85,2726.36,102.3
1250.93,4.133,2.822,440.24,1649.91,2703.19,96.8
1327.83,4.125,2.893,506.52,1727.39,2736.26,111.6
1169.92,4.038,2.766,394.21,1514.92,2540.48,53.0
1057.05,3.998,2.735,355.17,1384.31,2438.12,22.4
1362.29,4.152,2.868,542.78,1848.44,2928.27,129.6
1431.0,4.153,2.945,579.71,1863.5,2922.67,144.8
1087.56,4.016,2.8,374.76,1447.91,2452.28,44.4
1166.57,4.052,2.826,436.59,1530.88,2542.65,69.8
1212.58,4.119,2.832,424.98,1594.57,2625.03,85.3
1209.32,4.1,2.846,466.28,1619.91,2708.22,91.1
1344.36,4.13,2.932,532.05,1739.84,2769.82,112.5
983.93,3.981,2.719,292.05,1354.33,2300.48,8.0
1357.71,4.13,2.862,512.1,1825.29,2774.38,122.9
1062.26,3.992,2.736,313.35,1336.44,2408.82,11.5
1215.42,4.083,2.797,412.37,1574.18,2688.73,80.1
1388.49,4.131,2.943,591.54,1836.72,2793.52,140.9
1220.44,4.107,2.798,456.31,1580.62,2636.88,77.3
1078.45,4.022,2.698,319.65,1391.0,2457.66,26.2
1516.67,4.201,3.059,668.02,2005.09,2976.43,167.5
1372.85,4.195,2.992,609.79,1921.57,2965.31,151.3
1352.25,4.169,2.925,570.75,1821.85,2914.07,131.4
1209.89,4.066,2.798,402.7,1567.38,2640.3,70.5
1094.57,4.042,2.721,347.09,1385.83,2463.65,32.1
1486.05,4.2,2.95,627.05,1911.26,2924.48,160.1
1260.31,4.109,2.816,444.17,1639.11,2749.56,91.0
1415.13,4.19,2.958,578.99,1891.61,2861.25,145.0
1156.12,4.079,2.7,397.31,1508.06,2574.62,58.8
1218.69,4.076,2.761,369.51,1461.38,2523.09,57.7
1530.24,4.224,3.048,625.36,1982.37,2949.01,167.6
1261.01,4.101,2.787,432.9,1621.77,2726.9,89.2
1076.8,4.022,2.74,312.99,1413.14,2473.72,24.8
1122.32,4.053,2.764,353.17,1443.72,2427.16,38.1
1249.98,4.088,2.857,429.88,1520.99,2666.05,82.4
1044.46,4.01,2.695,315.2,1308.81,2346.91,8.2
1201.23,4.077,2.836,408.83,1563.31,2586.45,79.2
1243.96,4.033,2.761,422.74,1522.67,2568.7,71.8
1385.61,4.166,2.895,547.79,1762.01,2833.13,132.7
1219.92,4.034,2.789,391.43,1547.23,2571.15,61.0
1494.87,4.182,3.026,652.28,2016.81,3068.75,167.1
1085.84,4.045,2.721,297.27,1355.26,2485.59,31.6
1317.31,4.131,2.861,445.96,1724.14,2730.68,100.9
1060.96,4.033,2.706,308.63,1401.83,2379.51,16.2
1358.92,4.104,2.859,531.18,1790.3,2752.65,125.0
1467.04,4.205,3.052,626.17,1968.81,2971.63,169.1
1417.14,4.157,2.916,600.13,1858.65,2921.45,139.4
1252.89,4.127,2.842,447.29,1699.84,2734.44,94.9
1219.46,4.122,2.794,430.51,1652.85,2597.57,82.9
1396.89,4.139,2.859,594.08,1871.86,2875.02,142.1
1475.21,4.187,3.019,610.86,1922.75,2902.62,159.2
1455.54,4.214,3.076,632.04,1998.88,3020.54,168.2
1183.58,4.067,2.747,413.08,1547.4,2604.98,68.0
1519.39,4.233,3.027,634.69,1996.5,2936.57,168.5
1050.18,4.016,2.761,335.14,1371.76,2452.06,27.4
1128.11,4.038,2.736,367.31,1455.96,2528.18,43.8
1037.36,3.988,2.729,315.06,1282.37,2413.94,16.0
1121.78,4.051,2.727,383.15,1473.56,2495.64,46.9
1414.82,4.091,2.921,542.77,1856.19,2864.61,130.8
1377.54,4.164,2.914,576.96,1880.85,2937.45,145.1
1398.37,4.179,2.919,551.83,1834.14,2762.83,132.6
1290.87,4.095,2.86,451.04,1671.87,2773.08,107.7
1231.6,4.066,2.75,452.36,1650.08,2593.35,87.9
1314.72,4.162,2.881,519.35,1805.48,2780.47,120.8
1205.03,4.098,2.756,411.01,1595.51,2575.68,67.1
1407.75,4.14,2.968,566.08,1806.46,2914.06,143.2
1318.34,4.167,2.872,531.83,1770.05,2775.26,115.4
1339.63,4.146,2.866,516.78,1717.34,2820.99,118.9
1251.25,4.124,2.864,469.82,1662.13,2663.08,91.6
1386.33,4.16,2.903,590.93,1894.64,2948.15,150.6
1110.84,4.074,2.801,366.12,1464.16,2511.67,43.6
1204.07,4.065,2.831,378.61,1552.36,2587.93,65.4
1340.9,4.147,2.894,519.64,1831.91,2833.6,132.4
1207.27,4.104,2.833,438.29,1605.45,2645.44,84.3
1427.85,4.169,2.977,599.99,1919.18,2921.82,151.3
1147.51,4.033,2.692,388.68,1543.08,2525.52,59.5
1175.51,4.071,2.769,393.56,1539.1,2568.01,63.4
1410.93,4.17,2.924,594.06,1937.67,2935.32,151.2
1211.19,4.073,2.757,441.28,1557.06,2636.45,79.5
1244.64,4.124,2.804,476.71,1637.96,2627.8,88.2
1175.63,4.109,2.755,424.35,1490.82,2535.56,57.2
1165.2,4.031,2.785,383.48,1489.54,2511.23,47.8
1308.89,4.132,2.835,468.93,1754.36,2747.21,111.9
1113.23,4.008,2.701,334.18,1343.57,2412.16,21.3
1428.5,4.221,2.998,611.52,1911.31,2896.66,149.6
1400.11,4.164,2.9,551.73,1826.39,2855.43,132.7
1144.57,4.05,2.713,353.77,1418.83,2477.93,33.2
1338.41,4.16,2.897,523.78,1777.17,2776.34,118.3
1254.19,4.12,2.856,482.27,1701.16,2743.08,102.8
1095.87,4.026,2.73,341.75,1362.69,2494.66,32.2
1117.24,4.079,2.776,357.63,1508.36,2499.6,47.2
1187.81,4.092,2.745,383.97,1590.83,2622.8,70.1
1387.25,4.12,2.856,492.32,1773.29,2771.48,119.2
1276.12,4.11,2.912,510.23,1741.25,2762.76,108.9
1261.21,4.095,2.727,440.52,1665.74,2666.94,90.9
1351.75,4.175,2.881,525.81,1801.74,2765.81,130.9
1360.49,4.179,2.861,521.16,1851.84,2892.45,129.1
1314.78,4.163,2.847,481.22,1649.35,2724.23,105.4
1391.47,4.141,2.928,579.24,1785.35,2873.01,134.0
1154.47,4.064,2.796,383.87,1484.96,2537.65,57.5
1417.93,4.167,2.945,575.34,1918.29,2876.31,149.9
1302.58,4.116,2.816,509.45,1712.13,2786.86,104.9
1445.05,4.182,2.882,576.33,1865.47,2904.59,140.0
1238.05,4.104,2.823,455.94,1655.77,2655.6,93.3
1156.12,4.063,2.799,355.77,1416.4,2502.65,37.9
1288.67,4.094,2.803,459.87,1616.84,2751.89,92.7
1211.26,4.084,2.77,387.74,1491.03,2583.36,63.7
1344.43,4.128,2.877,511.58,1730.78,2830.92,118.9
1255.64,4.054,2.788,416.7,1574.14,2696.16,81.4
1384.52,4.145,2.976,570.25,1831.3,2856.07,142.3
1310.03,4.135,2.902,525.96,1711.77,2803.46,115.6
1349.2,4.173,2.893,528.13,1751.44,2729.34,116.7
1115.17,4.027,2.763,345.44,1456.82,2465.52,37.7
1487.43,4.193,3.028,640.32,2000.95,2968.86,167.3
1350.17,4.177,2.901,564.18,1850.19,2872.89,143.2
1373.69,4.144,2.89,563.28,1817.3,2822.48,134.3
1128.9,4.05,2.77,363.94,1560.47,2509.15,56.8
1267.7,4.104,2.809,469.65,1635.21,2637.91,91.5
1068.54,4.011,2.734,329.83,1338.01,2349.08,24.2
1241.05,4.068,2.823,454.25,1643.6,2668.82,92.0
1143.12,4.009,2.678,332.72,1359.49,2364.71,25.7
1289.86,4.119,2.861,458.55,1637.14,2664.69,94.5
1338.16,4.14,2.84,503.23,1734.12,2721.42,110.6
1240.94,4.099,2.801,408.28,1583.83,2526.73,66.9
1257.37,4.12,2.782,461.01,1583.71,2669.94,85.3
1411.85,4.156,2.928,601.71,1915.58,2917.89,149.0
1039.1,3.999,2.682,330.82,1381.03,2406.2,19.3
1410.15,4.142,2.869,564.38,1853.58,2858.83,134.8
1036.19,4.024,2.682,332.86,1424.48,2462.78,29.9
1029.7,3.986,2.706,302.13,1319.6,2339.68,7.2
1039.77,4.026,2.7,343.44,1382.61,2510.62,32.4
1374.39,4.134,2.91,541.93,1873.8,2784.55,130.3
1214.21,4.091,2.785,389.11,1572.02,2535.22,69.5
1436.41,4.154,2.979,585.17,1970.07,2827.41,148.5
1273.47,4.081,2.785,445.17,1586.4,2600.63,89.7
1074.9,4.006,2.724,298.69,1365.62,2320.86,4.8
1343.07,4.155,2.853,526.56,1809.56,2795.43,122.1
1132.19,4.01,2.628,303.39,1366.63,2435.82,19.6
1390.09,4.173,2.916,555.03,1810.63,2843.56,134.4
1110.26,4.042,2.697,328.11,1413.87,2497.58,29.4
1149.93,4.101,2.811,376.02,1550.19,2564.77,59.4
1410.42,4.165,2.907,567.8,1764.36,2857.03,129.7
1500.41,4.225,3.009,626.39,1981.55,3003.87,162.3
1213.97,4.07,2.779,386.74,1513.17,2556.55,63.8
1407.49,4.192,2.915,549.49,1885.97,2949.95,141.2
1064.92,4.059,2.779,341.19,1376.19,2467.05,33.2
1405.75,4.157,2.902,572.76,1889.9,2934.22,137.4
1273.79,4.115,2.872,494.08,1737.18,2806.83,112.1
1088.75,4.021,2.704,342.58,1430.92,2474.98,33.6
1150.46,4.063,2.755,359.13,1513.18,2511.51,52.1
1130.49,3.996,2.678,318.52,1376.0,2408.61,23.3
1190.49,4.062,2.783,418.84,1514.65,2593.49,65.7
1105.37,4.058,2.733,340.36,1434.87,2414.08,35.4
1307.79,4.139,2.87,488.88,1726.72,2666.42,109.8
1463.35,4.152,3.083,667.61,2001.42,2980.36,169.1
1023.8,3.967,2.69,290.48,1276.22,2319.25,3.0
1260.52,4.147,2.881,451.59,1600.32,2707.11,92.4
1249.88,4.135,2.83,458.46,1679.65,2762.54,97.9
1422.55,4.17,2.98,594.07,1915.59,2940.44,155.5
1228.89,4.067,2.807,452.64,1637.71,2614.93,86.5
1260.94,4.08,2.827,471.68,1654.97,2688.61,92.9
1212.93,4.1,2.791,433.77,1588.16,2645.99,80.7
1104.34,4.087,2.736,361.58,1524.83,2494.35,46.4
1046.76,4.041,2.721,308.7,1306.92,2325.11,10.5
1207.99,4.045,2.781,390.19,1561.33,2676.2,70.1
1041.15,3.996,2.73,300.04,1370.36,2390.98,9.9
1248.58,4.089,2.766,462.97,1630.73,2718.02,94.0
1162.71,4.058,2.802,383.3,1512.73,2457.03,52.9
1249.6,4.076,2.845,463.6,1626.28,2632.5,91.2
1042.4,4.008,2.714,316.6,1361.8,2352.22,23.7
1488.29,4.169,2.991,647.31,1959.63,2942.05,158.6
1450.26,4.188,2.985,586.35,1952.79,2974.45,152.2
1092.98,4.021,2.698,332.48,1375.87,2442.7,33.1
1125.02,4.056,2.767,402.0,1520.53,2540.25,59.0
1275.35,4.13,2.848,477.15,1684.81,2669.14,104.7
1106.38,4.044,2.646,312.98,1362.11,2399.96,17.2
1131.69,4.108,2.779,384.89,1549.76,2541.18,60.9
1116.42,4.053,2.702,352.97,1468.56,2535.41,43.4
1452.53,4.181,3.012,592.46,1910.39,2910.3,155.7
1426.59,4.196,2.982,595.75,1853.15,2891.3,145.1
1239.73,4.136,2.878,485.53,1677.24,2689.05,99.0
1252.25,4.118,2.804,463.2,1602.27,2658.13,88.9
1419.18,4.154,2.981,612.2,1961.69,2980.47,158.3
1464.71,4.21,2.933,624.38,1989.98,2906.06,158.6
1466.48,4.201,3.048,665.93,1952.53,2971.26,164.8
1046.72,4.0,2.669,324.41,1378.4,2405.73,22.2
1104.17,4.011,2.678,313.28,1362.73,2455.61,28.1
1320.16,4.144,2.856,498.66,1791.54,2763.18,115.4
1270.05,4.054,2.787,445.81,1684.75,2728.35,92.5
1036.92,3.993,2.662,309.12,1289.02,2255.91,4.1
1073.72,3.991,2.702,307.49,1343.2,2383.97,11.5
1407.69,4.161,2.988,576.19,1938.57,2922.22,151.1
1450.42,4.163,2.967,610.96,1862.97,2948.56,147.8
1171.05,4.036,2.775,402.3,1537.42,2521.2,61.4
1430.07,4.198,2.998,603.71,1897.07,2992.75,151.6
1255.32,4.073,2.841,501.82,1696.26,2776.71,101.3
1408.73,4.163,2.902,561.02,1840.47,2848.18,137.2
1180.29,4.064,2.764,438.46,1573.16,2626.81,73.2
1076.27,4.055,2.728,283.37,1382.26,2355.68,20.2
1254.52,4.082,2.756,409.25,1542.49,2638.7,74.3
1242.01,4.044,2.806,440.49,1541.18,2596.45,78.3
1297.66,4.117,2.81,488.06,1647.88,2705.52,94.1
1042.07,3.991,2.684,295.94,1382.56,2354.41,18.8
1514.23,4.218,3.036,639.79,1966.35,3041.21,168.5
1091.02,4.055,2.77,359.1,1428.23,2509.55,42.3
1093.83,4.062,2.705,328.19,1447.41,2535.78,34.6
1294.58,4.105,2.808,449.95,1685.31,2683.85,90.0
1240.94,4.12,2.805,481.49,1672.1,2622.82,91.8
1236.99,4.084,2.823,406.93,1593.39,2629.34,75.3
1400.92,4.141,2.949,546.59,1855.12,2945.34,131.4
1272.97,4.12,2.84,454.24,1623.95,2660.52,88.3
1260.39,4.094,2.831,492.19,1725.08,2752.81,104.0
1363.44,4.142,2.893,517.42,1764.99,2835.94,123.3
1022.99,3.985,2.665,288.46,1344.3,2290.7,5.2
1299.81,4.127,2.836,465.95,1706.98,2716.89,97.4
1394.4,4.157,2.907,602.65,1930.23,2948.58,150.4
1033.01,3.987,2.698,271.36,1280.45,2365.12,3.9
1198.55,4.077,2.78,429.32,1577.27,2578.79,69.5
1409.09,4.214,3.001,620.51,1942.24,2912.1,157.5
1146.61,4.054,2.768,408.41,1502.99,2530.05,60.7
1172.44,4.079,2.821,420.56,1612.23,2620.96,78.5
1471.46,4.169,3.021,623.25,1928.56,2991.81,166.9
1113.73,4.013,2.753,328.2,1439.53,2403.39,34.7
1048.2,4.013,2.715,313.02,1291.53,2409.78,12.0
1426.55,4.171,2.978,580.71,1913.5,2938.47,146.2
1401.23,4.174,2.985,566.94,1853.73,3009.46,147.8
1252.59,4.125,2.771,436.62,1591.85,2651.84,80.8
1244.44,4.065,2.828,444.44,1648.26,2661.04,87.9
1410.42,4.212,2.898,572.73,1899.63,2826.48,142.3
1381.54,4.169,2.924,510.78,1779.28,2759.85,125.8
1104.15,4.04,2.72,340.71,1430.47,2459.06,45.8
1029.33,4.003,2.679,280.65,1321.04,2284.33,3.9
1238.82,4.078,2.809,422.75,1666.78,2625.66,82.1
1408.4,4.177,2.967,578.56,1863.83,2872.91,146.2
1458.45,4.221,2.978,615.68,1840.97,2972.58,152.4
1487.4,4.178,3.037,614.12,2011.61,2991.09,162.6
1430.73,4.17,2.957,582.49,1902.51,2942.92,149.6
1273.96,4.097,2.84,465.95,1655.39,2648.56,99.0
1224.56,4.072,2.739,409.65,1586.31,2622.68,76.1
1396.8,4.145,2.935,548.2,1885.66,2779.74,131.9
1360.26,4.124,2.881,552.37,1820.69,2845.3,126.0
1284.6,4.098,2.806,453.79,1675.42,2655.15,91.9
1068.9,4.011,2.764,312.75,1342.01,2329.22,15.8
1414.05,4.177,2.906,581.76,1957.0,2931.77,157.5
1181.58,4.04,2.798,429.23,1643.36,2603.14,78.0
1202.99,4.064,2.703,417.99,1499.77,2595.89,62.4
1295.89,4.122,2.859,494.38,1741.74,2724.62,107.4
1328.67,4.17,2.843,512.24,1750.66,2777.54,114.9
1133.43,4.036,2.645,350.34,1418.81,2427.78,36.6
1410.02,4.185,2.966,601.17,1840.04,2866.75,142.4
1140.95,4.043,2.713,391.69,1488.06,2476.99,50.0
1072.81,4.056,2.756,323.28,1421.76,2433.45,32.5
1202.71,4.057,2.753,428.71,1551.73,2616.43,69.7
1368.52,4.154,2.872,553.81,1837.43,2828.36,124.5
1466.18,4.21,2.955,608.6,1975.64,3028.9,164.2
1372.31,4.174,2.932,566.27,1789.66,2815.48,137.8
1532.31,4.231,2.982,630.83,1970.2,2953.56,159.9
1072.48,4.009,2.706,282.6,1338.11,2395.11,24.8
1028.67,4.034,2.699,294.01,1369.23,2375.14,13.0
1283.87,4.131,2.776,454.68,1722.52,2702.34,95.3
1138.91,4.053,2.773,361.82,1505.9,2481.19,50.1
1378.27,4.201,2.912,589.52,1867.59,2893.28,140.9
1335.69,4.129,2.932,508.74,1768.35,2769.59,114.6
1462.24,4.194,3.015,642.96,1954.8,3033.65,165.1
1163.75,4.044,2.732,361.35,1469.44,2436.18,44.1
1243.52,4.067,2.763,475.89,1590.27,2625.68,83.1
1231.7,4.111,2.76,459.44,1681.66,2711.67,85.7
1120.17,4.053,2.766,354.77,1410.71,2491.44,41.4
1304.84,4.112,2.867,473.73,1640.76,2682.83,100.7
1215.5,4.119,2.775,413.18,1578.68,2617.83,75.9
1265.53,4.076,2.797,410.25,1603.85,2546.45,76.5
1201.56,4.032,2.808,377.7,1595.95,2591.39,62.3
1035.82,4.033,2.699,303.61,1268.7,2301.1,3.9
1225.32,4.12,2.829,438.73,1642.23,2675.02,89.2
1156.87,4.074,2.766,396.0,1507.07,2554.2,57.7
1029.33,3.985,2.668,277.01,1248.54,2313.76,1.2
1127.57,4.062,2.768,366.03,1457.95,2426.54,53.0
1167.29,4.024,2.805,362.75,1411.0,2497.15,48.1
1163.05,4.069,2.763,433.06,1593.96,2486.84,67.5
1055.17,4.001,2.741,367.55,1343.25,2474.48,23.3
1227.68,4.102,2.816,441.35,1567.35,2651.4,86.8
1352.71,4.154,2.853,510.87,1753.94,2752.96,118.0
1282.25,4.102,2.876,507.47,1755.95,2663.04,107.5
1347.42,4.174,2.94,565.83,1864.63,2888.82,136.8
1242.19,4.09,2.812,416.93,1605.19,2643.18,77.4
1236.18,4.113,2.866,458.41,1686.74,2663.84,88.7
1369.25,4.156,2.975,577.87,1885.47,2867.1,138.0
1184.6,4.095,2.789,414.52,1493.98,2576.55,73.3
1381.76,4.124,2.871,518.25,1758.04,2763.88,119.6
1190.31,4.048,2.747,446.28,1590.45,2663.06,74.4
1195.69,4.049,2.831,402.31,1571.07,2587.69,71.6
1358.2,4.14,2.896,537.25,1832.95,2849.17,129.5
1058.61,3.995,2.707,328.03,1476.72,2424.73,30.5
1143.5,4.093,2.736,412.98,1480.34,2542.42,58.2
1078.31,4.036,2.708,320.64,1362.47,2557.24,38.9
1195.39,4.085,2.822,406.76,1450.87,2618.0,61.7
1116.08,4.055,2.765,351.8,1461.87,2505.41,39.9
1339.01,4.112,2.788,500.82,1677.28,2708.78,98.9
1371.72,4.229,2.871,566.53,1800.27,2893.19,135.9
1361.84,4.214,2.913,524.07,1829.15,2782.64,133.9
1212.32,4.095,2.74,420.42,1513.26,2564.42,62.6
1520.12,4.18,3.049,641.31,1980.64,2962.24,168.1
1293.76,4.144,2.883,448.52,1635.27,2750.06,101.4
1162.34,4.04,2.812,402.16,1570.14,2622.89,68.5
1453.05,4.194,2.881,577.59,1894.84,2933.24,142.2
1351.7,4.092,2.855,517.15,1797.37,2811.94,124.3
1352.87,4.141,2.901,517.87,1805.77,2824.47,127.6
1127.2,4.056,2.764,345.98,1416.11,2479.1,34.1
1222.22,4.097,2.774,413.91,1603.04,2688.22,80.1
1394.48,4.142,2.958,572.98,1840.09,2847.99,146.6
1240.98,4.1,2.796,465.88,1602.15,2654.97,86.2
1309.96,4.142,2.92,509.19,1765.27,2691.55,116.5
1205.95,4.118,2.854,458.61,1666.27,2757.38,100.4
1391.06,4.159,2.93,566.54,1905.01,2863.64,143.4
1124.42,4.068,2.706,375.42,1431.15,2530.37,49.1
1246.1,4.134,2.799,478.46,1749.67,2656.11,98.3
1081.84,4.014,2.638,329.41,1423.48,2402.75,21.8
1313.53,4.166,2.878,528.92,1755.38,2766.88,117.6
1366.55,4.141,2.906,538.75,1750.16,2785.35,124.7
1003.3,3.99,2.718,305.26,1291.45,2391.47,8.2
1348.3,4.159,2.846,503.96,1789.56,2742.0,115.2
1165.43,4.104,2.823,396.79,1553.05,2648.8,71.1
1009.29,4.005,2.761,340.05,1373.67,2469.5,22.0
1230.73,4.064,2.766,428.59,1568.48,2583.78,72.0
1076.4,4.067,2.765,336.72,1426.61,2521.2,33.8
1241.68,4.076,2.789,403.9,1578.86,2638.35,71.2
1197.28,4.072,2.76,437.33,1532.79,2671.45,66.0
1377.7,4.14,2.926,522.8,1843.48,2892.65,125.8
1402.89,4.179,2.868,554.57,1842.11,2852.76,131.8
1293.54,4.161,2.797,474.13,1737.79,2773.77,103.6
1029.06,3.997,2.68,284.31,1286.86,2330.31,4.8
1493.53,4.234,2.985,607.52,1941.52,3006.42,158.3
1333.71,4.123,2.819,482.8,1841.33,2739.2,117.0
1012.42,3.993,2.709,299.55,1300.7,2329.89,6.8
1415.11,4.176,2.901,579.78,1898.21,2848.05,139.4
1047.57,4.017,2.691,332.84,1369.89,2442.68,34.8
1309.84,4.125,2.852,512.64,1692.68,2699.18,98.9
1255.48,4.078,2.786,436.21,1588.12,2636.15,79.9
1229.72,4.048,2.817,417.87,1613.05,2630.91,72.0
1467.79,4.142,2.977,606.31,1894.44,2929.23,151.4
1205.93,4.076,2.784,412.64,1566.52,2634.75,74.9
1044.81,4.015,2.736,290.75,1346.54,2335.19,13.7
1439.4,4.162,3.017,614.34,1927.03,2937.27,161.0
1499.41,4.187,2.983,605.93,1942.23,2927.68,156.6
1317.87,4.138,2.883,522.95,1741.52,2779.83,116.7
1231.07,4.086,2.815,426.74,1605.46,2686.78,80.1
1061.09,3.992,2.674,319.77,1338.12,2388.9,16.7
1351.99,4.161,2.982,539.15,1894.39,2826.74,134.6
1003.92,4.004,2.705,295.79,1343.12,2399.06,13.8
1044.84,4.025,2.704,292.79,1285.47,2373.0,12.6
1244.87,4.078,2.766,400.57,1623.88,2674.43,91.8
1080.88,4.027,2.725,323.62,1373.1,2485.81,28.1
1046.57,3.967,2.694,270.76,1263.35,2361.1,2.3
1206.93,4.075,2.752,423.37,1611.8,2604.63,72.5
1092.33,3.998,2.685,334.58,1353.96,2410.73,24.2
1094.42,4.006,2.695,309.6,1385.36,2418.39,28.1
1040.22,4.007,2.694,302.18,1348.24,2320.26,14.0
1077.46,4.023,2.738,325.12,1500.59,2449.36,35.7
1352.64,4.17,2.873,531.9,1778.35,2805.24,121.9
1397.27,4.184,2.929,555.42,1902.93,2815.83,137.7
1238.12,4.102,2.815,418.91,1577.3,2582.59,77.5
1237.42,4.113,2.826,443.19,1658.39,2756.21,86.6
1022.56,4.001,2.705,297.56,1275.68,2411.13,6.5
1039.25,4.032,2.71,304.51,1349.16,2341.02,12.7
1102.6,4.039,2.753,366.8,1441.82,2466.26,44.5
1295.59,4.147,2.817,471.03,1683.56,2710.18,92.9
1387.04,4.127,2.869,534.85,1824.94,2804.79,126.0
1259.39,4.095,2.838,467.87,1719.65,2733.27,103.2
1206.89,4.045,2.798,381.7,1560.04,2584.13,67.3
1019.27,3.992,2.732,306.52,1343.64,2383.15,21.0
1404.85,4.122,2.922,557.27,1853.53,2789.7,133.0
1156.24,4.071,2.756,375.26,1479.12,2533.78,62.5
1365.72,4.162,2.881,551.52,1874.74,2803.4,125.4
1196.07,4.099,2.805,433.03,1653.09,2642.02,87.7
1328.12,4.118,2.871,534.79,1816.36,2770.64,125.8
1460.14,4.171,3.001,630.39,1942.38,3002.8,154.3
1438.45,4.2,2.929,611.59,1916.48,2965.54,156.7
1234.1,4.096,2.879,440.59,1631.9,2673.66,91.4
1278.49,4.082,2.874,410.6,1639.92,2692.07,87.4
1184.45,4.016,2.748,369.6,1443.99,2490.68,45.9
1487.56,4.178,3.008,625.56,1914.64,3050.54,159.2
1190.51,4.073,2.821,437.48,1591.69,2746.32,78.4
1113.39,4.016,2.692,322.41,1374.72,2476.86,22.6
1166.8,4.091,2.806,411.84,1575.7,2653.34,74.1
1061.46,4.012,2.754,308.76,1395.41,2393.57,22.5
1240.61,4.1,2.755,445.59,1631.1,2583.32,85.9
1316.07,4.118,2.783,481.61,1716.41,2753.51,95.9
1184.51,4.037,2.786,342.82,1578.05,2529.6,58.1
1034.36,4.044,2.694,318.43,1322.71,2372.93,13.1
1444.78,4.173,2.99,620.0,1922.69,2978.11,160.5
1401.35,4.163,2.894,548.3,1791.88,2868.07,131.7
1397.89,4.144,2.9,588.91,1874.38,2903.44,142.8
1180.49,4.07,2.759,394.5,1553.4,2537.98,63.0
1335.46,4.153,2.858,548.99,1806.31,2829.59,129.6
1245.19,4.126,2.843,414.21,1614.62,2636.24,83.0
1112.98,4.029,2.735,338.9,1398.53,2501.02,35.0
1036.92,4.043,2.717,327.37,1352.55,2393.8,22.0
1190.82,4.069,2.786,383.79,1517.25,2543.52,59.3
1087.38,4.057,2.8,318.71,1400.2,2419.45,24.2
1517.53,4.164,3.051,651.67,2026.64,2986.96,169.7
1027.26,4.011,2.642,304.4,1244.68,2356.83,9.3
1214.31,4.03,2.79,445.69,1602.47,2576.39,75.6
1216.62,4.084,2.74,433.35,1609.37,2581.25,77.4
1141.13,4.074,2.745,395.16,1480.25,2501.32,51.8
1277.21,4.139,2.856,469.11,1666.08,2720.13,97.6
1110.2,4.037,2.765,291.89,1397.49,2388.53,26.3
1408.75,4.149,2.861,548.79,1838.11,2862.16,133.5
1129.72,4.072,2.734,373.29,1498.26,2584.58,57.2
1307.52,4.165,2.847,477.22,1755.97,2661.17,100.9
1375.88,4.142,2.902,522.28,1798.18,2767.03,121.9
1434.65,4.196,2.987,604.17,1898.25,2869.02,151.2
1422.27,4.157,2.977,567.1,1895.89,2831.07,142.2
1303.72,4.14,2.863,487.91,1716.42,2640.21,103.8
1163.8,4.09,2.773,409.98,1555.96,2590.81,66.6
1230.02,4.084,2.841,445.74,1652.76,2624.97,86.0
1392.63,4.167,2.904,526.93,1808.53,2849.18,130.9
1419.76,4.191,2.964,608.6,1913.29,2953.88,149.3
1083.68,4.028,2.694,322.98,1322.79,2354.64,18.5
1216.03,4.071,2.781,400.35,1566.2,2611.99,66.0
1406.35,4.178,2.856,524.79,1828.79,2891.7,132.2
1254.83,4.063,2.82,424.04,1550.97,2585.8,73.9
1156.9,4.061,2.732,377.45,1503.49,2466.55,57.1
1200.2,4.079,2.757,404.14,1567.87,2550.56,70.5
1296.65,4.141,2.77,481.4,1726.35,2826.33,102.9
1498.38,4.181,3.07,671.74,2036.47,2989.76,170.0
1248.19,4.099,2.777,443.69,1647.33,2694.62,84.3
1061.21,4.025,2.739,343.71,1435.37,2463.68,36.2
1089.4,4.027,2.683,323.49,1410.26,2362.39,28.5
999.5,4.008,2.683,296.47,1299.3,2372.76,8.2
1242.69,4.082,2.805,465.82,1634.3,2673.71,95.4
1278.07,4.13,2.769,469.55,1636.72,2767.52,93.0
1097.59,4.043,2.739,336.38,1418.42,2431.03,35.7
1353.04,4.119,2.866,506.73,1761.59,2859.29,118.5
1353.84,4.139,2.891,530.84,1794.57,2889.77,126.2
1153.91,4.075,2.769,360.09,1462.19,2438.95,44.8
1158.62,4.071,2.766,389.03,1543.06,2581.34,59.2
1445.76,4.179,3.05,645.49,2001.05,2979.17,168.4
1184.12,4.054,2.801,384.72,1520.03,2620.5,64.3
1315.46,4.163,2.888,544.31,1780.29,2852.11,129.6
1179.02,4.101,2.779,437.24,1585.7,2634.24,77.5
1364.81,4.164,2.932,578.25,1779.96,2841.12,135.1
1348.82,4.146,2.878,563.77,1855.62,2864.97,131.0
1307.83,4.147,2.897,507.0,1750.1,2716.04,113.9
1393.75,4.163,2.947,582.94,1941.07,2938.03,145.5
1430.88,4.17,3.045,641.08,1992.99,2991.72,159.7
1315.78,4.144,2.831,472.19,1699.03,2733.36,99.0
1099.73,4.051,2.768,367.5,1424.09,2444.59,41.1
1134.05,4.059,2.731,407.53,1540.69,2551.62,68.4
1359.35,4.152,2.935,508.58,1861.6,2807.86,129.2
1284.74,4.128,2.877,511.21,1749.14,2724.81,111.0
1068.57,4.021,2.706,350.37,1358.82,2454.6,31.0
1055.33,4.007,2.724,293.6,1303.11,2337.9,9.7
1318.04,4.115,2.829,496.6,1800.81,2767.53,116.4
1093.88,4.061,2.728,381.65,1481.57,2472.67,43.4
